Date,Adj Close,Close,High,Low,Open,Volume,action,value
2009-12-30,494.292877,495.0,495.0,495.0,495.0,38.0,,
2009-12-31,499.785004,500.5,500.5,500.5,500.5,2.0,,
2010-01-04,599.142883,600.0,600.0,600.0,600.0,7.0,,
2010-01-05,549.214294,550.0,550.0,550.0,550.0,8.0,,
2010-01-06,,,,,,,,
2010-01-07,469.328583,470.0,470.0,470.0,470.0,6.0,,
2010-01-08,,,,,,,,
2010-01-11,,,,,,,,
2010-01-12,,,,,,,,
2010-01-13,,,,,,,,
2010-01-14,,,,,,,,
2010-01-15,,,,,,,,
2010-01-18,,,,,,,,
2010-01-19,,,,,,,,
2010-01-20,,,,,,,,
2010-01-21,,,,,,,,
2010-01-22,,,,,,,,
2010-01-25,,,,,,,,
2010-01-26,,,,,,,,
2010-01-27,,,,,,,,
2010-01-28,,,,,,,,
2010-01-29,500.7836,501.5,501.5,501.5,501.5,7.0,,
2010-02-01,500.7836,501.5,501.5,501.5,501.5,1.0,,
2010-02-02,,,,,,,,
2010-02-03,,,,,,,,
2010-02-04,,,,,,,,
2010-02-05,,,,,,,,
2010-02-08,,,,,,,,
2010-02-09,,,,,,,,
2010-02-10,,,,,,,,
2010-02-11,,,,,,,,
2010-02-12,,,,,,,,
2010-02-15,,,,,,,,
2010-02-16,,,,,,,,
2010-02-17,,,,,,,,
2010-02-18,454.350006,455.0,455.0,455.0,455.0,2.0,,
2010-02-19,499.285736,500.0,500.0,500.0,500.0,0.0,,
2010-02-22,434.378571,435.0,435.0,435.0,435.0,6.0,,
2010-02-23,493.793579,494.5,494.5,494.5,494.5,812.0,,
2010-02-24,,,,,,,,
2010-02-25,,,,,,,,
2010-02-26,495.291443,496.0,496.0,496.0,496.0,3.0,,
2010-03-01,,,,,,,,
2010-03-02,493.793579,494.5,494.5,494.5,494.5,232.0,,
2010-03-03,,,,,,,,
2010-03-04,,,,,,,,
2010-03-05,,,,,,,,
2010-03-08,,,,,,,,
2010-03-09,,,,,,,,
2010-03-10,,,,,,,,
2010-03-11,,,,,,,,
2010-03-12,,,,,,,,
2010-03-15,,,,,,,,
2010-03-16,451.853577,452.5,452.5,452.5,452.5,8.0,,
2010-03-17,449.856445,450.5,450.5,450.5,450.5,23.0,,
2010-03-18,444.364288,445.0,445.0,445.0,445.0,21.0,,
2010-03-19,,,,,,,,
2010-03-22,444.364288,445.0,445.0,445.0,445.0,18.0,,
2010-03-23,434.378571,435.0,435.0,435.0,435.0,2.0,,
2010-03-24,,,,,,,,
2010-03-25,434.378571,435.0,435.0,435.0,435.0,20.0,,
2010-03-26,,,,,,,,
2010-03-29,,,,,,,,
2010-03-30,,,,,,,,
2010-03-31,469.328583,470.0,470.0,470.0,470.0,12.0,,
2010-04-01,,,,,,,,
2010-04-06,,,,,,,,
2010-04-07,,,,,,,,
2010-04-08,,,,,,,,
2010-04-09,469.328583,470.0,470.0,470.0,470.0,5.0,,
2010-04-12,,,,,,,,
2010-04-13,,,,,,,,
2010-04-14,,,,,,,,
2010-04-15,,,,,,,,
2010-04-16,,,,,,,,
2010-04-19,,,,,,,,
2010-04-20,429.385712,430.0,430.0,430.0,430.0,14.0,,
2010-04-21,,,,,,,,
2010-04-22,429.385712,430.0,430.0,430.0,430.0,8.0,,
2010-04-23,,,,,,,,
2010-04-26,424.392883,425.0,425.0,425.0,425.0,10.0,,
2010-04-27,,,,,,,,
2010-04-28,,,,,,,,
2010-04-29,,,,,,,,
2010-04-30,469.328583,470.0,470.0,470.0,470.0,16.0,,
2010-05-03,429.385712,430.0,430.0,430.0,430.0,12.0,,
2010-05-04,429.385712,430.0,430.0,430.0,430.0,8.0,,
2010-05-05,,,,,,,,
2010-05-06,,,,,,,,
2010-05-07,,,,,,,,
2010-05-10,,,,,,,,
2010-05-11,499.285736,500.0,500.0,500.0,500.0,2.0,,
2010-05-12,419.400024,420.0,420.0,420.0,420.0,10.0,,
2010-05-13,,,,,,,,
2010-05-14,,,,,,,,
2010-05-17,413.907867,414.5,414.5,414.5,414.5,10.0,,
2010-05-18,413.907867,414.5,414.5,414.5,414.5,0.0,,
2010-05-19,,,,,,,,
2010-05-20,,,,,,,,
2010-05-21,399.428589,400.0,400.0,400.0,400.0,22.0,,
2010-05-24,414.407166,415.0,415.0,415.0,415.0,0.0,,
2010-05-25,414.407166,415.0,415.0,415.0,415.0,0.0,,
2010-05-26,,,,,,,,
2010-05-27,,,,,,,,
2010-05-28,413.907867,414.5,414.5,414.5,414.5,2.0,,
2010-05-31,469.328583,470.0,470.0,470.0,470.0,31.0,,
2010-06-01,489.300018,490.0,490.0,490.0,490.0,0.0,,
2010-06-02,494.292877,495.0,495.0,495.0,495.0,2.0,,
2010-06-03,499.285736,500.0,500.0,500.0,500.0,10.0,,
2010-06-04,544.221436,545.0,545.0,545.0,545.0,0.0,,
2010-06-07,,,,,,,,
2010-06-08,,,,,,,,
2010-06-09,494.292877,495.0,495.0,495.0,495.0,0.0,,
2010-06-10,479.314301,480.0,480.0,480.0,480.0,0.0,,
2010-06-11,444.364288,445.0,445.0,445.0,445.0,0.0,,
2010-06-14,,,,,,,,
2010-06-15,,,,,,,,
2010-06-16,,,,,,,,
2010-06-17,,,,,,,,
2010-06-18,,,,,,,,
2010-06-21,,,,,,,,
2010-06-22,,,,,,,,
2010-06-23,398.929291,399.5,399.5,399.5,399.5,0.0,,
2010-06-24,,,,,,,,
2010-06-25,354.492859,355.0,355.0,355.0,355.0,14.0,,
2010-06-28,,,,,,,,
2010-06-29,448.85788,449.5,449.5,449.5,449.5,4.0,,
2010-06-30,,,,,,,,
2010-07-01,,,,,,,,
2010-07-02,499.285736,500.0,500.0,500.0,500.0,0.0,,
2010-07-05,,,,,,,,
2010-07-06,,,,,,,,
2010-07-07,,,,,,,,
2010-07-08,,,,,,,,
2010-07-09,,,,,,,,
2010-07-12,,,,,,,,
2010-07-13,,,,,,,,
2010-07-14,348.501434,349.0,349.0,349.0,349.0,60.0,,
2010-07-15,314.550018,315.0,315.0,315.0,315.0,20.0,,
2010-07-16,374.464294,375.0,375.0,375.0,375.0,0.0,,
2010-07-19,,,,,,,,
2010-07-20,,,,,,,,
2010-07-21,,,,,,,,
2010-07-22,,,,,,,,
2010-07-23,,,,,,,,
2010-07-26,324.036438,324.5,324.5,324.5,324.5,42.0,,
2010-07-27,319.542877,320.0,320.0,320.0,320.0,20.0,,
2010-07-28,322.039307,322.5,322.5,322.5,322.5,0.0,,
2010-07-29,315.049286,315.5,315.5,315.5,315.5,16.0,,
2010-07-30,324.535736,325.0,325.0,325.0,325.0,0.0,,
2010-08-02,377.95929,378.5,378.5,378.5,378.5,64.0,,
2010-08-03,377.460022,378.0,378.0,378.0,378.0,5.0,,
2010-08-04,,,,,,,,
2010-08-05,,,,,,,,
2010-08-06,376.461426,377.0,377.0,377.0,377.0,0.0,,
2010-08-09,,,,,,,,
2010-08-10,376.461426,377.0,377.0,377.0,377.0,0.0,,
2010-08-11,376.461426,377.0,377.0,377.0,377.0,0.0,,
2010-08-12,,,,,,,,
2010-08-13,,,,,,,,
2010-08-16,,,,,,,,
2010-08-17,,,,,,,,
2010-08-18,349.000732,349.5,349.5,349.5,349.5,2.0,,
2010-08-19,,,,,,,,
2010-08-20,,,,,,,,
2010-08-23,418.401428,419.0,419.0,419.0,419.0,0.0,,
2010-08-24,,,,,,,,
2010-08-25,,,,,,,,
2010-08-26,,,,,,,,
2010-08-27,,,,,,,,
2010-08-30,463.836456,464.5,464.5,464.5,464.5,0.0,,
2010-08-31,462.83786,463.5,463.5,463.5,463.5,5.0,,
2010-09-01,,,,,,,,
2010-09-02,,,,,,,,
2010-09-03,,,,,,,,
2010-09-06,,,,,,,,
2010-09-07,,,,,,,,
2010-09-08,,,,,,,,
2010-09-09,,,,,,,,
2010-09-10,,,,,,,,
2010-09-13,,,,,,,,
2010-09-14,,,,,,,,
2010-09-15,398.929291,399.5,399.5,399.5,399.5,0.0,,
2010-09-16,,,,,,,,
2010-09-17,,,,,,,,
2010-09-20,,,,,,,,
2010-09-21,,,,,,,,
2010-09-22,,,,,,,,
2010-09-23,,,,,,,,
2010-09-24,,,,,,,,
2010-09-27,349.000732,349.5,349.5,349.5,349.5,0.0,,
2010-09-28,317.046448,317.5,317.5,317.5,317.5,30.0,,
2010-09-29,,,,,,,,
2010-09-30,,,,,,,,
2010-10-01,,,,,,,,
2010-10-04,369.471436,370.0,370.0,370.0,370.0,24.0,,
2010-10-05,369.471436,370.0,370.0,370.0,370.0,3.0,,
2010-10-06,,,,,,,,
2010-10-07,,,,,,,,
2010-10-08,,,,,,,,
2010-10-11,,,,,,,,
2010-10-12,,,,,,,,
2010-10-13,,,,,,,,
2010-10-14,,,,,,,,
2010-10-15,,,,,,,,
2010-10-18,,,,,,,,
2010-10-19,,,,,,,,
2010-10-20,321.540009,322.0,322.0,322.0,322.0,26.0,,
2010-10-21,316.54715,317.0,317.0,317.0,317.0,21.0,,
2010-10-22,308.558594,309.0,309.0,309.0,309.0,20.0,,
2010-10-25,,,,,,,,
2010-10-26,,,,,,,,
2010-10-27,363.480011,364.0,364.0,364.0,364.0,6.0,,
2010-10-28,,,,,,,,
2010-10-29,434.877869,435.5,435.5,435.5,435.5,24.0,,
2010-11-01,,,,,,,,
2010-11-02,310.555725,311.0,311.0,311.0,311.0,10.0,,
2010-11-03,310.056427,310.5,310.5,310.5,310.5,22.0,,
2010-11-04,312.053589,312.5,312.5,312.5,312.5,5.0,,
2010-11-05,,,,,,,,
2010-11-08,,,,,,,,
2010-11-09,,,,,,,,
2010-11-10,374.464294,375.0,375.0,375.0,375.0,0.0,,
2010-11-11,,,,,,,,
2010-11-12,,,,,,,,
2010-11-15,,,,,,,,
2010-11-16,,,,,,,,
2010-11-17,,,,,,,,
2010-11-18,,,,,,,,
2010-11-19,349.5,350.0,350.0,350.0,350.0,1.0,,
2010-11-22,373.964996,374.5,374.5,374.5,374.5,0.0,,
2010-11-23,,,,,,,,
2010-11-24,359.485718,360.0,360.0,360.0,360.0,0.0,,
2010-11-25,,,,,,,,
2010-11-26,,,,,,,,
2010-11-29,,,,,,,,
2010-11-30,,,,,,,,
2010-12-01,,,,,,,,
2010-12-02,,,,,,,,
2010-12-03,,,,,,,,
2010-12-06,,,,,,,,
2010-12-07,,,,,,,,
2010-12-08,,,,,,,,
2010-12-09,,,,,,,,
2010-12-10,,,,,,,,
2010-12-13,,,,,,,,
2010-12-14,,,,,,,,
2010-12-15,,,,,,,,
2010-12-16,,,,,,,,
2010-12-17,,,,,,,,
2010-12-20,,,,,,,,
2010-12-21,,,,,,,,
2010-12-22,,,,,,,,
2010-12-23,,,,,,,,
2010-12-24,,,,,,,,
2010-12-27,,,,,,,,
2010-12-28,374.464294,375.0,375.0,375.0,375.0,16.0,,
2010-12-29,374.464294,375.0,375.0,375.0,375.0,14.0,,
2010-12-30,434.378571,435.0,435.0,435.0,435.0,10.0,,
2011-01-03,,,,,,,,
2011-01-04,,,,,,,,
2011-01-05,,,,,,,,
2011-01-06,,,,,,,,
2011-01-07,,,,,,,,
2011-01-10,,,,,,,,
2011-01-11,414.407166,415.0,415.0,415.0,415.0,6.0,,
2011-01-12,,,,,,,,
2011-01-13,,,,,,,,
2011-01-14,,,,,,,,
2011-01-17,,,,,,,,
2011-01-18,,,,,,,,
2011-01-19,,,,,,,,
2011-01-20,,,,,,,,
2011-01-21,,,,,,,,
2011-01-24,,,,,,,,
2011-01-25,,,,,,,,
2011-01-26,,,,,,,,
2011-01-27,,,,,,,,
2011-01-28,,,,,,,,
2011-01-31,,,,,,,,
2011-02-01,,,,,,,,
2011-02-02,,,,,,,,
2011-02-03,,,,,,,,
2011-02-04,,,,,,,,
2011-02-07,349.000732,349.5,349.5,349.5,349.5,0.0,,
2011-02-08,,,,,,,,
2011-02-09,374.464294,375.0,375.0,375.0,375.0,0.0,,
2011-02-10,,,,,,,,
2011-02-11,,,,,,,,
2011-02-14,,,,,,,,
2011-02-15,,,,,,,,
2011-02-16,,,,,,,,
2011-02-17,,,,,,,,
2011-02-18,,,,,,,,
2011-02-21,361.982147,362.5,362.5,362.5,362.5,0.0,,
2011-02-22,,,,,,,,
2011-02-23,,,,,,,,
2011-02-24,,,,,,,,
2011-02-25,,,,,,,,
2011-02-28,409.414307,410.0,410.0,410.0,410.0,2.0,,
2011-03-01,,,,,,,,
2011-03-02,,,,,,,,
2011-03-03,,,,,,,,
2011-03-04,,,,,,,,
2011-03-07,,,,,,,,
2011-03-08,,,,,,,,
2011-03-09,,,,,,,,
2011-03-10,,,,,,,,
2011-03-11,,,,,,,,
2011-03-14,,,,,,,,
2011-03-15,,,,,,,,
2011-03-16,,,,,,,,
2011-03-17,,,,,,,,
2011-03-18,348.002167,348.5,348.5,348.5,348.5,25.0,,
2011-03-21,,,,,,,,
2011-03-22,379.457153,380.0,380.0,380.0,380.0,0.0,,
2011-03-23,,,,,,,,
2011-03-24,,,,,,,,
2011-03-25,,,,,,,,
2011-03-28,,,,,,,,
2011-03-29,379.457153,380.0,380.0,380.0,380.0,14.0,,
2011-03-30,,,,,,,,
2011-03-31,358.98645,359.5,359.5,359.5,359.5,66.0,,
2011-04-01,,,,,,,,
2011-04-04,333.522858,334.0,334.0,334.0,334.0,60.0,,
2011-04-05,,,,,,,,
2011-04-06,361.982147,362.5,362.5,362.5,362.5,0.0,,
2011-04-07,,,,,,,,
2011-04-08,,,,,,,,
2011-04-11,,,,,,,,
2011-04-12,,,,,,,,
2011-04-13,,,,,,,,
2011-04-14,,,,,,,,
2011-04-15,,,,,,,,
2011-04-18,,,,,,,,
2011-04-19,,,,,,,,
2011-04-20,,,,,,,,
2011-04-21,,,,,,,,
2011-04-26,,,,,,,,
2011-04-27,348.501434,349.0,349.0,349.0,349.0,60.0,,
2011-04-28,369.471436,370.0,370.0,370.0,370.0,93.0,,
2011-04-29,399.428589,400.0,400.0,400.0,400.0,82.0,,
2011-05-02,349.5,350.0,350.0,350.0,350.0,14.0,,
2011-05-03,,,,,,,,
2011-05-04,,,,,,,,
2011-05-05,,,,,,,,
2011-05-06,,,,,,,,
2011-05-09,,,,,,,,
2011-05-10,,,,,,,,
2011-05-11,,,,,,,,
2011-05-12,,,,,,,,
2011-05-13,,,,,,,,
2011-05-16,,,,,,,,
2011-05-17,,,,,,,,
2011-05-18,,,,,,,,
2011-05-19,,,,,,,,
2011-05-20,,,,,,,,
2011-05-23,,,,,,,,
2011-05-24,,,,,,,,
2011-05-25,,,,,,,,
2011-05-26,,,,,,,,
2011-05-27,,,,,,,,
2011-05-30,,,,,,,,
2011-05-31,408.915009,409.5,409.5,409.5,409.5,17.0,,
2011-06-01,,,,,,,,
2011-06-02,,,,,,,,
2011-06-03,,,,,,,,
2011-06-06,,,,,,,,
2011-06-07,,,,,,,,
2011-06-08,,,,,,,,
2011-06-09,,,,,,,,
2011-06-10,,,,,,,,
2011-06-13,,,,,,,,
2011-06-14,,,,,,,,
2011-06-15,,,,,,,,
2011-06-16,,,,,,,,
2011-06-17,419.400024,420.0,420.0,420.0,420.0,7.0,,
2011-06-20,,,,,,,,
2011-06-21,,,,,,,,
2011-06-22,,,,,,,,
2011-06-23,,,,,,,,
2011-06-24,,,,,,,,
2011-06-27,,,,,,,,
2011-06-28,,,,,,,,
2011-06-29,,,,,,,,
2011-06-30,431.882141,432.5,432.5,432.5,432.5,16.0,,
2011-07-01,,,,,,,,
2011-07-04,,,,,,,,
2011-07-05,,,,,,,,
2011-07-06,,,,,,,,
2011-07-07,,,,,,,,
2011-07-08,,,,,,,,
2011-07-11,,,,,,,,
2011-07-12,,,,,,,,
2011-07-13,,,,,,,,
2011-07-14,,,,,,,,
2011-07-15,,,,,,,,
2011-07-18,,,,,,,,
2011-07-19,,,,,,,,
2011-07-20,,,,,,,,
2011-07-21,,,,,,,,
2011-07-22,,,,,,,,
2011-07-25,,,,,,,,
2011-07-26,,,,,,,,
2011-07-27,,,,,,,,
2011-07-28,,,,,,,,
2011-07-29,,,,,,,,
2011-08-01,,,,,,,,
2011-08-02,378.458588,379.0,379.0,379.0,379.0,0.0,,
2011-08-03,,,,,,,,
2011-08-04,,,,,,,,
2011-08-05,,,,,,,,
2011-08-08,,,,,,,,
2011-08-09,349.5,350.0,350.0,350.0,350.0,0.0,,
2011-08-10,,,,,,,,
2011-08-11,,,,,,,,
2011-08-12,,,,,,,,
2011-08-15,,,,,,,,
2011-08-16,,,,,,,,
2011-08-17,,,,,,,,
2011-08-18,,,,,,,,
2011-08-19,,,,,,,,
2011-08-22,,,,,,,,
2011-08-23,,,,,,,,
2011-08-24,,,,,,,,
2011-08-25,,,,,,,,
2011-08-26,,,,,,,,
2011-08-29,,,,,,,,
2011-08-30,,,,,,,,
2011-08-31,,,,,,,,
2011-09-01,,,,,,,,
2011-09-02,,,,,,,,
2011-09-05,299.571442,300.0,300.0,300.0,300.0,8.0,,
2011-09-06,,,,,,,,
2011-09-07,,,,,,,,
2011-09-08,,,,,,,,
2011-09-09,,,,,,,,
2011-09-12,,,,,,,,
2011-09-13,,,,,,,,
2011-09-14,,,,,,,,
2011-09-15,,,,,,,,
2011-09-16,,,,,,,,
2011-09-19,,,,,,,,
2011-09-20,,,,,,,,
2011-09-21,,,,,,,,
2011-09-22,,,,,,,,
2011-09-23,,,,,,,,
2011-09-26,298.57287599999995,299.0,299.0,299.0,299.0,8.0,,
2011-09-27,,,,,,,,
2011-09-28,298.57287599999995,299.0,299.0,299.0,299.0,1.0,,
2011-09-29,,,,,,,,
2011-09-30,424.392883,425.0,425.0,425.0,425.0,75.0,,
2011-10-03,,,,,,,,
2011-10-04,,,,,,,,
2011-10-05,272.110718,272.5,272.5,272.5,272.5,9.0,,
2011-10-06,,,,,,,,
2011-10-07,,,,,,,,
2011-10-10,,,,,,,,
2011-10-11,,,,,,,,
2011-10-12,,,,,,,,
2011-10-13,,,,,,,,
2011-10-14,,,,,,,,
2011-10-17,,,,,,,,
2011-10-18,,,,,,,,
2011-10-19,,,,,,,,
2011-10-20,,,,,,,,
2011-10-21,,,,,,,,
2011-10-24,,,,,,,,
2011-10-25,,,,,,,,
2011-10-26,,,,,,,,
2011-10-27,294.578583,295.0,295.0,295.0,295.0,4.0,,
2011-10-28,,,,,,,,
2011-10-31,273.109283,273.5,273.5,273.5,273.5,7.0,,
2011-11-01,,,,,,,,
2011-11-02,,,,,,,,
2011-11-03,,,,,,,,
2011-11-04,,,,,,,,
2011-11-07,,,,,,,,
2011-11-08,,,,,,,,
2011-11-09,,,,,,,,
2011-11-10,,,,,,,,
2011-11-11,,,,,,,,
2011-11-14,,,,,,,,
2011-11-15,,,,,,,,
2011-11-16,,,,,,,,
2011-11-17,273.109283,273.5,273.5,273.5,273.5,0.0,,
2011-11-18,273.109283,273.5,273.5,273.5,273.5,0.0,,
2011-11-21,273.109283,273.5,273.5,273.5,273.5,0.0,,
2011-11-22,273.109283,273.5,273.5,273.5,273.5,0.0,,
2011-11-23,273.109283,273.5,273.5,273.5,273.5,0.0,,
2011-11-24,273.109283,273.5,273.5,273.5,273.5,0.0,,
2011-11-25,273.109283,273.5,273.5,273.5,273.5,0.0,,
2011-11-28,273.109283,273.5,273.5,273.5,273.5,0.0,,
2011-11-29,273.109283,273.5,273.5,273.5,273.5,0.0,,
2011-11-30,273.109283,273.5,273.5,273.5,273.5,0.0,,
2011-12-01,273.109283,273.5,273.5,273.5,273.5,0.0,,
2011-12-02,273.109283,273.5,273.5,273.5,273.5,0.0,,
2011-12-05,273.109283,273.5,273.5,273.5,273.5,0.0,,
2011-12-06,273.109283,273.5,273.5,273.5,273.5,0.0,,
2011-12-07,273.109283,273.5,273.5,273.5,273.5,0.0,,
2011-12-08,273.109283,273.5,273.5,273.5,273.5,0.0,,
2011-12-09,273.109283,273.5,273.5,273.5,273.5,0.0,,
2011-12-12,273.109283,273.5,273.5,273.5,273.5,0.0,,
2011-12-13,273.109283,273.5,273.5,273.5,273.5,0.0,,
2011-12-14,273.109283,273.5,273.5,273.5,273.5,0.0,,
2011-12-15,273.109283,273.5,273.5,273.5,273.5,0.0,,
2011-12-16,273.109283,273.5,273.5,273.5,273.5,0.0,,
2011-12-19,273.109283,273.5,273.5,273.5,273.5,0.0,,
2011-12-20,273.109283,273.5,273.5,273.5,273.5,0.0,,
2011-12-21,273.109283,273.5,273.5,273.5,273.5,0.0,,
2011-12-22,273.109283,273.5,273.5,273.5,273.5,0.0,,
2011-12-23,273.109283,273.5,273.5,273.5,273.5,0.0,,
2011-12-27,249.642868,250.0,273.5,250.0,273.5,90.0,,
2011-12-28,280.59857200000005,281.0,281.0,281.0,281.0,83.0,,
2011-12-29,335.5200200000001,336.0,336.0,336.0,336.0,130.0,,
2011-12-30,402.424286,403.0,403.0,403.0,403.0,85.0,,
2012-01-02,402.424286,403.0,403.0,403.0,403.0,0.0,,
2012-01-03,402.424286,403.0,403.0,403.0,403.0,0.0,,
2012-01-04,402.424286,403.0,403.0,403.0,403.0,0.0,,
2012-01-05,402.424286,403.0,403.0,403.0,403.0,0.0,,
2012-01-06,402.424286,403.0,403.0,403.0,403.0,0.0,,
2012-01-09,402.424286,403.0,403.0,403.0,403.0,0.0,,
2012-01-10,402.424286,403.0,403.0,403.0,403.0,0.0,,
2012-01-11,324.535736,325.0,325.0,325.0,325.0,60.0,,
2012-01-12,344.507141,345.0,345.0,345.0,345.0,4.0,,
2012-01-13,344.507141,345.0,345.0,345.0,345.0,4.0,,
2012-01-16,344.507141,345.0,345.0,345.0,345.0,0.0,,
2012-01-17,344.507141,345.0,345.0,345.0,345.0,0.0,,
2012-01-18,344.507141,345.0,345.0,345.0,345.0,0.0,,
2012-01-19,344.507141,345.0,345.0,345.0,345.0,0.0,,
2012-01-20,344.507141,345.0,345.0,345.0,345.0,0.0,,
2012-01-23,344.507141,345.0,345.0,345.0,345.0,0.0,,
2012-01-24,344.507141,345.0,345.0,345.0,345.0,0.0,,
2012-01-25,342.010712,342.5,342.5,342.5,342.5,93.0,,
2012-01-26,342.010712,342.5,342.5,342.5,342.5,0.0,,
2012-01-27,342.010712,342.5,342.5,342.5,342.5,0.0,,
2012-01-30,349.5,350.0,350.0,350.0,350.0,44.0,,
2012-01-31,398.929291,399.5,399.5,399.5,399.5,52.0,,
2012-02-01,398.929291,399.5,399.5,399.5,399.5,0.0,,
2012-02-02,398.929291,399.5,399.5,399.5,399.5,0.0,,
2012-02-03,349.5,350.0,350.0,350.0,350.0,100.0,,
2012-02-06,349.5,350.0,350.0,350.0,350.0,0.0,,
2012-02-07,349.5,350.0,350.0,350.0,350.0,0.0,,
2012-02-08,349.5,350.0,350.0,350.0,350.0,0.0,,
2012-02-09,349.5,350.0,350.0,350.0,350.0,0.0,,
2012-02-10,349.5,350.0,350.0,350.0,350.0,0.0,,
2012-02-13,349.5,350.0,350.0,350.0,350.0,0.0,,
2012-02-14,349.5,350.0,350.0,350.0,350.0,0.0,,
2012-02-15,349.5,350.0,350.0,350.0,350.0,0.0,,
2012-02-16,349.5,350.0,350.0,350.0,350.0,0.0,,
2012-02-17,349.5,350.0,350.0,350.0,350.0,0.0,,
2012-02-20,349.5,350.0,350.0,350.0,350.0,0.0,,
2012-02-21,349.5,350.0,350.0,350.0,350.0,0.0,,
2012-02-22,349.5,350.0,350.0,350.0,350.0,0.0,,
2012-02-23,349.5,350.0,350.0,350.0,350.0,0.0,,
2012-02-24,349.5,350.0,350.0,350.0,350.0,0.0,,
2012-02-27,267.617157,268.0,268.0,268.0,268.0,10.0,,
2012-02-28,262.125,262.5,262.5,262.5,262.5,15.0,,
2012-02-29,299.072144,299.5,299.5,299.5,299.5,2.0,,
2012-03-01,299.072144,299.5,299.5,299.5,299.5,0.0,,
2012-03-02,299.072144,299.5,299.5,299.5,299.5,0.0,,
2012-03-05,299.072144,299.5,299.5,299.5,299.5,0.0,,
2012-03-06,299.072144,299.5,299.5,299.5,299.5,0.0,,
2012-03-07,299.072144,299.5,299.5,299.5,299.5,0.0,,
2012-03-08,299.072144,299.5,299.5,299.5,299.5,0.0,,
2012-03-09,299.072144,299.5,299.5,299.5,299.5,0.0,,
2012-03-12,299.072144,299.5,299.5,299.5,299.5,0.0,,
2012-03-13,299.072144,299.5,299.5,299.5,299.5,0.0,,
2012-03-14,299.072144,299.5,299.5,299.5,299.5,0.0,,
2012-03-15,299.072144,299.5,299.5,299.5,299.5,0.0,,
2012-03-16,299.072144,299.5,299.5,299.5,299.5,0.0,,
2012-03-19,299.072144,299.5,299.5,299.5,299.5,0.0,,
2012-03-20,299.072144,299.5,299.5,299.5,299.5,0.0,,
2012-03-21,299.072144,299.5,299.5,299.5,299.5,0.0,,
2012-03-22,299.072144,299.5,299.5,299.5,299.5,0.0,,
2012-03-23,299.072144,299.5,299.5,299.5,299.5,0.0,,
2012-03-26,299.072144,299.5,299.5,299.5,299.5,15.0,,
2012-03-27,312.053589,312.5,312.5,312.5,312.5,2.0,,
2012-03-28,324.535736,325.0,325.0,325.0,325.0,16.0,,
2012-03-30,394.43573,395.0,395.0,350.0,350.0,69.0,,
2012-04-02,393.437164,394.0,394.0,394.0,394.0,2.0,,
2012-04-03,393.437164,394.0,394.0,394.0,394.0,0.0,,
2012-04-04,393.437164,394.0,394.0,394.0,394.0,0.0,,
2012-04-05,393.437164,394.0,394.0,394.0,394.0,2.0,,
2012-04-10,398.929291,399.5,399.5,394.0,394.0,1.0,,
2012-04-11,398.929291,399.5,399.5,399.5,399.5,0.0,,
2012-04-12,398.929291,399.5,399.5,399.5,399.5,0.0,,
2012-04-13,398.929291,399.5,399.5,399.5,399.5,0.0,,
2012-04-16,398.929291,399.5,399.5,399.5,399.5,0.0,,
2012-04-17,398.929291,399.5,399.5,399.5,399.5,0.0,,
2012-04-18,398.929291,399.5,399.5,399.5,399.5,0.0,,
2012-04-19,398.929291,399.5,399.5,399.5,399.5,0.0,,
2012-04-20,398.929291,399.5,399.5,399.5,399.5,0.0,,
2012-04-23,398.929291,399.5,399.5,399.5,399.5,0.0,,
2012-04-24,398.929291,399.5,399.5,399.5,399.5,0.0,,
2012-04-25,398.929291,399.5,399.5,399.5,399.5,0.0,,
2012-04-26,398.929291,399.5,399.5,399.5,399.5,0.0,,
2012-04-27,398.929291,399.5,399.5,399.5,399.5,0.0,,
2012-04-30,398.929291,399.5,399.5,399.5,399.5,0.0,,
2012-05-02,398.929291,399.5,399.5,399.5,399.5,0.0,,
2012-05-03,398.929291,399.5,399.5,399.5,399.5,0.0,,
2012-05-04,398.929291,399.5,399.5,399.5,399.5,0.0,,
2012-05-07,398.929291,399.5,399.5,399.5,399.5,0.0,,
2012-05-08,398.929291,399.5,399.5,399.5,399.5,0.0,,
2012-05-09,398.929291,399.5,399.5,399.5,399.5,0.0,,
2012-05-10,398.929291,399.5,399.5,399.5,399.5,0.0,,
2012-05-11,398.929291,399.5,399.5,399.5,399.5,0.0,,
2012-05-14,398.929291,399.5,399.5,399.5,399.5,0.0,,
2012-05-15,398.929291,399.5,399.5,399.5,399.5,0.0,,
2012-05-16,398.929291,399.5,399.5,399.5,399.5,0.0,,
2012-05-17,398.929291,399.5,399.5,399.5,399.5,0.0,,
2012-05-18,398.929291,399.5,399.5,399.5,399.5,0.0,,
2012-05-21,398.929291,399.5,399.5,399.5,399.5,0.0,,
2012-05-22,398.929291,399.5,399.5,399.5,399.5,0.0,,
2012-05-23,398.929291,399.5,399.5,399.5,399.5,0.0,,
2012-05-24,398.929291,399.5,399.5,399.5,399.5,0.0,,
2012-05-25,398.929291,399.5,399.5,399.5,399.5,0.0,,
2012-05-28,398.929291,399.5,399.5,399.5,399.5,0.0,,
2012-05-29,398.929291,399.5,399.5,399.5,399.5,0.0,,
2012-05-30,398.929291,399.5,399.5,399.5,399.5,0.0,,
2012-05-31,398.929291,399.5,399.5,399.5,399.5,0.0,,
2012-06-01,398.929291,399.5,399.5,399.5,399.5,0.0,,
2012-06-04,398.929291,399.5,399.5,399.5,399.5,0.0,,
2012-06-05,209.700012,210.0,210.0,210.0,210.0,23.0,,
2012-06-06,249.143585,249.5,249.5,249.5,249.5,0.0,,
2012-06-07,249.143585,249.5,249.5,249.5,249.5,0.0,,
2012-06-08,249.143585,249.5,249.5,249.5,249.5,0.0,,
2012-06-11,249.143585,249.5,249.5,249.5,249.5,0.0,,
2012-06-12,249.143585,249.5,249.5,249.5,249.5,0.0,,
2012-06-13,249.143585,249.5,249.5,249.5,249.5,0.0,,
2012-06-14,237.160721,237.5,237.5,237.5,237.5,10.0,,
2012-06-15,237.160721,237.5,237.5,237.5,237.5,0.0,,
2012-06-18,237.160721,237.5,237.5,237.5,237.5,13.0,,
2012-06-19,237.160721,237.5,237.5,237.5,237.5,0.0,,
2012-06-20,237.160721,237.5,237.5,237.5,237.5,0.0,,
2012-06-21,262.125,262.5,262.5,262.5,262.5,8.0,,
2012-06-22,262.125,262.5,262.5,262.5,262.5,0.0,,
2012-06-25,262.125,262.5,262.5,262.5,262.5,0.0,,
2012-06-26,262.624298,263.0,263.0,263.0,263.0,102.0,,
2012-06-27,311.055023,311.5,311.5,311.5,311.5,3.0,,
2012-06-28,312.053589,312.5,312.5,312.5,312.5,6.0,,
2012-06-29,349.000732,349.5,349.5,349.5,349.5,5.0,,
2012-07-02,349.000732,349.5,349.5,349.5,349.5,0.0,,
2012-07-03,349.000732,349.5,349.5,349.5,349.5,0.0,,
2012-07-04,349.000732,349.5,349.5,349.5,349.5,0.0,,
2012-07-05,349.000732,349.5,349.5,349.5,349.5,0.0,,
2012-07-06,349.000732,349.5,349.5,349.5,349.5,2.0,,
2012-07-09,349.000732,349.5,349.5,349.5,349.5,0.0,,
2012-07-10,349.000732,349.5,349.5,349.5,349.5,0.0,,
2012-07-11,349.000732,349.5,349.5,349.5,349.5,0.0,,
2012-07-12,349.000732,349.5,349.5,349.5,349.5,0.0,,
2012-07-13,349.000732,349.5,349.5,349.5,349.5,0.0,,
2012-07-16,349.000732,349.5,349.5,349.5,349.5,0.0,,
2012-07-17,199.714294,200.0,200.0,200.0,200.0,4.0,,
2012-07-18,199.714294,200.0,200.0,200.0,200.0,0.0,,
2012-07-19,199.714294,200.0,200.0,200.0,200.0,0.0,,
2012-07-20,199.714294,200.0,200.0,200.0,200.0,0.0,,
2012-07-23,199.714294,200.0,200.0,200.0,200.0,0.0,,
2012-07-24,199.714294,200.0,200.0,200.0,200.0,0.0,,
2012-07-25,199.714294,200.0,200.0,200.0,200.0,0.0,,
2012-07-26,199.714294,200.0,200.0,200.0,200.0,0.0,,
2012-07-27,199.714294,200.0,200.0,200.0,200.0,3.0,,
2012-07-30,199.714294,200.0,200.0,200.0,200.0,0.0,,
2012-07-31,199.714294,200.0,200.0,200.0,200.0,0.0,,
2012-08-01,239.65715,240.0,240.0,240.0,240.0,0.0,,
2012-08-02,287.588593,288.0,288.0,288.0,288.0,1.0,,
2012-08-03,287.588593,288.0,288.0,288.0,288.0,0.0,,
2012-08-06,287.588593,288.0,288.0,288.0,288.0,0.0,,
2012-08-07,287.588593,288.0,288.0,288.0,288.0,0.0,,
2012-08-08,287.588593,288.0,288.0,288.0,288.0,0.0,,
2012-08-09,287.588593,288.0,288.0,288.0,288.0,0.0,,
2012-08-10,287.588593,288.0,288.0,288.0,288.0,0.0,,
2012-08-13,287.588593,288.0,288.0,288.0,288.0,0.0,,
2012-08-14,287.588593,288.0,288.0,288.0,288.0,0.0,,
2012-08-15,287.588593,288.0,288.0,288.0,288.0,0.0,,
2012-08-16,287.588593,288.0,288.0,288.0,288.0,0.0,,
2012-08-17,287.588593,288.0,288.0,288.0,288.0,0.0,,
2012-08-20,287.588593,288.0,288.0,288.0,288.0,0.0,,
2012-08-21,287.588593,288.0,288.0,288.0,288.0,0.0,,
2012-08-22,287.588593,288.0,288.0,288.0,288.0,0.0,,
2012-08-23,287.588593,288.0,288.0,288.0,288.0,0.0,,
2012-08-24,287.588593,288.0,288.0,288.0,288.0,0.0,,
2012-08-27,287.588593,288.0,288.0,288.0,288.0,0.0,,
2012-08-28,287.588593,288.0,288.0,288.0,288.0,0.0,,
2012-08-29,287.588593,288.0,288.0,288.0,288.0,0.0,,
2012-08-30,287.588593,288.0,288.0,288.0,288.0,0.0,,
2012-08-31,287.588593,288.0,288.0,288.0,288.0,0.0,,
2012-09-03,287.588593,288.0,288.0,288.0,288.0,0.0,,
2012-09-04,287.588593,288.0,288.0,288.0,288.0,0.0,,
2012-09-05,287.588593,288.0,288.0,288.0,288.0,0.0,,
2012-09-06,287.588593,288.0,288.0,288.0,288.0,0.0,,
2012-09-07,287.588593,288.0,288.0,288.0,288.0,0.0,,
2012-09-10,287.588593,288.0,288.0,288.0,288.0,0.0,,
2012-09-11,287.588593,288.0,288.0,288.0,288.0,0.0,,
2012-09-12,287.588593,288.0,288.0,288.0,288.0,0.0,,
2012-09-13,287.588593,288.0,288.0,288.0,288.0,0.0,,
2012-09-14,287.588593,288.0,288.0,288.0,288.0,0.0,,
2012-09-17,287.588593,288.0,288.0,288.0,288.0,0.0,,
2012-09-18,287.588593,288.0,288.0,288.0,288.0,0.0,,
2012-09-19,287.588593,288.0,288.0,288.0,288.0,0.0,,
2012-09-20,287.588593,288.0,288.0,288.0,288.0,0.0,,
2012-09-21,287.588593,288.0,288.0,288.0,288.0,0.0,,
2012-09-24,287.588593,288.0,288.0,288.0,288.0,0.0,,
2012-09-25,287.588593,288.0,288.0,288.0,288.0,0.0,,
2012-09-26,287.588593,288.0,288.0,288.0,288.0,0.0,,
2012-09-27,287.588593,288.0,288.0,288.0,288.0,0.0,,
2012-09-28,287.588593,288.0,288.0,288.0,288.0,0.0,,
2012-10-01,287.588593,288.0,288.0,288.0,288.0,0.0,,
2012-10-02,287.588593,288.0,288.0,288.0,288.0,0.0,,
2012-10-03,287.588593,288.0,288.0,288.0,288.0,0.0,,
2012-10-04,287.588593,288.0,288.0,288.0,288.0,0.0,,
2012-10-05,287.588593,288.0,288.0,288.0,288.0,0.0,,
2012-10-08,287.588593,288.0,288.0,288.0,288.0,0.0,,
2012-10-09,287.588593,288.0,288.0,288.0,288.0,0.0,,
2012-10-10,287.588593,288.0,288.0,288.0,288.0,0.0,,
2012-10-11,287.588593,288.0,288.0,288.0,288.0,0.0,,
2012-10-12,287.588593,288.0,288.0,288.0,288.0,0.0,,
2012-10-15,287.588593,288.0,288.0,288.0,288.0,0.0,,
2012-10-16,287.588593,288.0,288.0,288.0,288.0,0.0,,
2012-10-17,287.588593,288.0,288.0,288.0,288.0,0.0,,
2012-10-18,287.588593,288.0,288.0,288.0,288.0,0.0,,
2012-10-19,287.588593,288.0,288.0,288.0,288.0,0.0,,
2012-10-22,287.588593,288.0,288.0,288.0,288.0,0.0,,
2012-10-23,287.588593,288.0,288.0,288.0,288.0,0.0,,
2012-10-24,287.588593,288.0,288.0,288.0,288.0,0.0,,
2012-10-25,149.785721,150.0,150.0,150.0,150.0,5.0,,
2012-10-26,149.785721,150.0,150.0,150.0,150.0,0.0,,
2012-10-29,149.785721,150.0,150.0,150.0,150.0,0.0,,
2012-10-30,149.785721,150.0,150.0,150.0,150.0,0.0,,
2012-10-31,149.785721,150.0,150.0,150.0,150.0,0.0,,
2012-11-01,149.785721,150.0,150.0,150.0,150.0,0.0,,
2012-11-02,149.785721,150.0,150.0,150.0,150.0,0.0,,
2012-11-05,149.785721,150.0,150.0,150.0,150.0,0.0,,
2012-11-06,149.785721,150.0,150.0,150.0,150.0,0.0,,
2012-11-07,149.785721,150.0,150.0,150.0,150.0,0.0,,
2012-11-08,149.785721,150.0,150.0,150.0,150.0,0.0,,
2012-11-09,149.785721,150.0,150.0,150.0,150.0,10.0,,
2012-11-12,149.785721,150.0,150.0,150.0,150.0,0.0,,
2012-11-13,149.785721,150.0,150.0,150.0,150.0,0.0,,
2012-11-14,149.785721,150.0,150.0,150.0,150.0,0.0,,
2012-11-15,149.785721,150.0,150.0,150.0,150.0,0.0,,
2012-11-16,149.785721,150.0,150.0,150.0,150.0,0.0,,
2012-11-19,149.785721,150.0,150.0,150.0,150.0,0.0,,
2012-11-20,149.785721,150.0,150.0,150.0,150.0,0.0,,
2012-11-21,149.785721,150.0,150.0,150.0,150.0,0.0,,
2012-11-22,149.785721,150.0,150.0,150.0,150.0,0.0,,
2012-11-23,149.785721,150.0,150.0,150.0,150.0,0.0,,
2012-11-26,149.785721,150.0,150.0,150.0,150.0,0.0,,
2012-11-27,149.785721,150.0,150.0,150.0,150.0,0.0,,
2012-11-28,149.785721,150.0,150.0,150.0,150.0,0.0,,
2012-11-29,149.785721,150.0,150.0,150.0,150.0,0.0,,
2012-11-30,149.785721,150.0,150.0,150.0,150.0,0.0,,
2012-12-03,149.785721,150.0,150.0,150.0,150.0,0.0,,
2012-12-04,149.785721,150.0,150.0,150.0,150.0,0.0,,
2012-12-05,149.785721,150.0,150.0,150.0,150.0,0.0,,
2012-12-06,149.785721,150.0,150.0,150.0,150.0,0.0,,
2012-12-07,149.785721,150.0,150.0,150.0,150.0,0.0,,
2012-12-10,149.785721,150.0,150.0,150.0,150.0,0.0,,
2012-12-11,149.785721,150.0,150.0,150.0,150.0,0.0,,
2012-12-12,149.785721,150.0,150.0,150.0,150.0,0.0,,
2012-12-13,149.785721,150.0,150.0,150.0,150.0,0.0,,
2012-12-14,149.785721,150.0,150.0,150.0,150.0,0.0,,
2012-12-17,149.785721,150.0,150.0,150.0,150.0,0.0,,
2012-12-18,149.785721,150.0,150.0,150.0,150.0,0.0,,
2012-12-19,149.785721,150.0,150.0,150.0,150.0,0.0,,
2012-12-20,149.785721,150.0,150.0,150.0,150.0,0.0,,
2012-12-21,149.785721,150.0,150.0,150.0,150.0,0.0,,
2012-12-24,149.785721,150.0,150.0,150.0,150.0,0.0,,
2012-12-27,214.692856,215.0,215.0,150.0,150.0,4.0,,
2012-12-28,214.692856,215.0,215.0,215.0,215.0,0.0,,
2013-01-02,214.692856,215.0,215.0,215.0,215.0,0.0,,
2013-01-03,214.692856,215.0,215.0,215.0,215.0,0.0,,
2013-01-04,214.692856,215.0,215.0,215.0,215.0,0.0,,
2013-01-07,214.692856,215.0,215.0,215.0,215.0,0.0,,
2013-01-08,214.692856,215.0,215.0,215.0,215.0,0.0,,
2013-01-09,214.692856,215.0,215.0,215.0,215.0,0.0,,
2013-01-10,214.692856,215.0,215.0,215.0,215.0,0.0,,
2013-01-11,214.692856,215.0,215.0,215.0,215.0,0.0,,
2013-01-14,214.692856,215.0,215.0,215.0,215.0,0.0,,
2013-01-15,214.692856,215.0,215.0,215.0,215.0,0.0,,
2013-01-16,214.692856,215.0,215.0,215.0,215.0,0.0,,
2013-01-17,214.692856,215.0,215.0,215.0,215.0,0.0,,
2013-01-18,214.692856,215.0,215.0,215.0,215.0,0.0,,
2013-01-21,214.692856,215.0,215.0,215.0,215.0,0.0,,
2013-01-22,214.692856,215.0,215.0,215.0,215.0,0.0,,
2013-01-23,214.692856,215.0,215.0,215.0,215.0,0.0,,
2013-01-24,214.692856,215.0,215.0,215.0,215.0,0.0,,
2013-01-25,214.692856,215.0,215.0,215.0,215.0,0.0,,
2013-01-28,214.692856,215.0,215.0,215.0,215.0,0.0,,
2013-01-29,214.692856,215.0,215.0,215.0,215.0,0.0,,
2013-01-30,214.692856,215.0,215.0,215.0,215.0,0.0,,
2013-01-31,214.692856,215.0,215.0,215.0,215.0,0.0,,
2013-02-01,214.692856,215.0,215.0,215.0,215.0,0.0,,
2013-02-04,214.692856,215.0,215.0,215.0,215.0,0.0,,
2013-02-05,214.692856,215.0,215.0,215.0,215.0,0.0,,
2013-02-06,214.692856,215.0,215.0,215.0,215.0,0.0,,
2013-02-07,214.692856,215.0,215.0,215.0,215.0,0.0,,
2013-02-08,214.692856,215.0,215.0,215.0,215.0,0.0,,
2013-02-11,214.692856,215.0,215.0,215.0,215.0,0.0,,
2013-02-12,214.692856,215.0,215.0,215.0,215.0,0.0,,
2013-02-13,214.692856,215.0,215.0,215.0,215.0,0.0,,
2013-02-14,214.692856,215.0,215.0,215.0,215.0,0.0,,
2013-02-15,214.692856,215.0,215.0,215.0,215.0,0.0,,
2013-02-18,214.692856,215.0,215.0,215.0,215.0,0.0,,
2013-02-19,214.692856,215.0,215.0,215.0,215.0,0.0,,
2013-02-20,214.692856,215.0,215.0,215.0,215.0,0.0,,
2013-02-21,214.692856,215.0,215.0,215.0,215.0,0.0,,
2013-02-22,214.692856,215.0,215.0,215.0,215.0,0.0,,
2013-02-25,214.692856,215.0,215.0,215.0,215.0,0.0,,
2013-02-26,214.692856,215.0,215.0,215.0,215.0,0.0,,
2013-02-27,214.692856,215.0,215.0,215.0,215.0,0.0,,
2013-02-28,214.692856,215.0,215.0,215.0,215.0,0.0,,
2013-03-01,214.692856,215.0,215.0,215.0,215.0,0.0,,
2013-03-04,214.692856,215.0,215.0,215.0,215.0,0.0,,
2013-03-05,214.692856,215.0,215.0,215.0,215.0,0.0,,
2013-03-06,214.692856,215.0,215.0,215.0,215.0,0.0,,
2013-03-07,214.692856,215.0,215.0,215.0,215.0,0.0,,
2013-03-08,214.692856,215.0,215.0,215.0,215.0,0.0,,
2013-03-11,214.692856,215.0,215.0,215.0,215.0,0.0,,
2013-03-12,214.692856,215.0,215.0,215.0,215.0,0.0,,
2013-03-13,214.692856,215.0,215.0,215.0,215.0,0.0,,
2013-03-14,214.692856,215.0,215.0,215.0,215.0,0.0,,
2013-03-15,214.692856,215.0,215.0,215.0,215.0,0.0,,
2013-03-18,214.692856,215.0,215.0,215.0,215.0,0.0,,
2013-03-19,214.692856,215.0,215.0,215.0,215.0,0.0,,
2013-03-20,214.692856,215.0,215.0,215.0,215.0,0.0,,
2013-03-21,214.692856,215.0,215.0,215.0,215.0,0.0,,
2013-03-22,214.692856,215.0,215.0,215.0,215.0,0.0,,
2013-03-25,214.692856,215.0,215.0,215.0,215.0,0.0,,
2013-03-26,214.692856,215.0,215.0,215.0,215.0,0.0,,
2013-03-27,214.692856,215.0,215.0,215.0,215.0,0.0,,
2013-03-28,214.692856,215.0,215.0,215.0,215.0,0.0,,
2013-04-02,214.692856,215.0,215.0,215.0,215.0,0.0,,
2013-04-03,214.692856,215.0,215.0,215.0,215.0,0.0,,
2013-04-04,214.692856,215.0,215.0,215.0,215.0,0.0,,
2013-04-05,214.692856,215.0,215.0,215.0,215.0,0.0,,
2013-04-08,214.692856,215.0,215.0,215.0,215.0,0.0,,
2013-04-09,214.692856,215.0,215.0,215.0,215.0,0.0,,
2013-04-10,214.692856,215.0,215.0,215.0,215.0,0.0,,
2013-04-11,214.692856,215.0,215.0,215.0,215.0,0.0,,
2013-04-12,214.692856,215.0,215.0,215.0,215.0,0.0,,
2013-04-15,214.692856,215.0,215.0,215.0,215.0,0.0,,
2013-04-16,214.692856,215.0,215.0,215.0,215.0,0.0,,
2013-04-17,214.692856,215.0,215.0,215.0,215.0,0.0,,
2013-04-18,214.692856,215.0,215.0,215.0,215.0,0.0,,
2013-04-19,214.692856,215.0,215.0,215.0,215.0,0.0,,
2013-04-22,214.692856,215.0,215.0,215.0,215.0,0.0,,
2013-04-23,214.692856,215.0,215.0,215.0,215.0,0.0,,
2013-04-24,214.692856,215.0,215.0,215.0,215.0,0.0,,
2013-04-25,214.692856,215.0,215.0,215.0,215.0,0.0,,
2013-04-26,214.692856,215.0,215.0,215.0,215.0,0.0,,
2013-04-29,214.692856,215.0,215.0,215.0,215.0,0.0,,
2013-04-30,214.692856,215.0,215.0,215.0,215.0,0.0,,
2013-05-02,214.692856,215.0,215.0,215.0,215.0,0.0,,
2013-05-03,214.692856,215.0,215.0,215.0,215.0,0.0,,
2013-05-06,214.692856,215.0,215.0,215.0,215.0,0.0,,
2013-05-07,214.692856,215.0,215.0,215.0,215.0,0.0,,
2013-05-08,214.692856,215.0,215.0,215.0,215.0,0.0,,
2013-05-09,214.692856,215.0,215.0,215.0,215.0,0.0,,
2013-05-10,214.692856,215.0,215.0,215.0,215.0,0.0,,
2013-05-13,214.692856,215.0,215.0,215.0,215.0,0.0,,
2013-05-14,214.692856,215.0,215.0,215.0,215.0,0.0,,
2013-05-15,214.692856,215.0,215.0,215.0,215.0,0.0,,
2013-05-16,214.692856,215.0,215.0,215.0,215.0,0.0,,
2013-05-17,214.692856,215.0,215.0,215.0,215.0,0.0,,
2013-05-20,214.692856,215.0,215.0,215.0,215.0,0.0,,
2013-05-21,214.692856,215.0,215.0,215.0,215.0,0.0,,
2013-05-22,214.692856,215.0,215.0,215.0,215.0,0.0,,
2013-05-23,214.692856,215.0,215.0,215.0,215.0,0.0,,
2013-05-24,214.692856,215.0,215.0,215.0,215.0,0.0,,
2013-05-27,214.692856,215.0,215.0,215.0,215.0,0.0,,
2013-05-28,214.692856,215.0,215.0,215.0,215.0,0.0,,
2013-05-29,214.692856,215.0,215.0,215.0,215.0,0.0,,
2013-05-30,214.692856,215.0,215.0,215.0,215.0,0.0,,
2013-05-31,214.692856,215.0,215.0,215.0,215.0,0.0,,
2013-06-03,214.692856,215.0,215.0,215.0,215.0,0.0,,
2013-06-04,214.692856,215.0,215.0,215.0,215.0,0.0,,
2013-06-05,214.692856,215.0,215.0,215.0,215.0,0.0,,
2013-06-06,214.692856,215.0,215.0,215.0,215.0,0.0,,
2013-06-07,214.692856,215.0,215.0,215.0,215.0,0.0,,
2013-06-10,214.692856,215.0,215.0,215.0,215.0,0.0,,
2013-06-11,214.692856,215.0,215.0,215.0,215.0,0.0,,
2013-06-12,214.692856,215.0,215.0,215.0,215.0,0.0,,
2013-06-13,214.692856,215.0,215.0,215.0,215.0,0.0,,
2013-06-14,214.692856,215.0,215.0,215.0,215.0,0.0,,
2013-06-17,214.692856,215.0,215.0,215.0,215.0,0.0,,
2013-06-18,214.692856,215.0,215.0,215.0,215.0,0.0,,
2013-06-19,214.692856,215.0,215.0,215.0,215.0,0.0,,
2013-06-20,214.692856,215.0,215.0,215.0,215.0,0.0,,
2013-06-21,214.692856,215.0,215.0,215.0,215.0,0.0,,
2013-06-24,214.692856,215.0,215.0,215.0,215.0,0.0,,
2013-06-25,214.692856,215.0,215.0,215.0,215.0,0.0,,
2013-06-26,214.692856,215.0,215.0,215.0,215.0,0.0,,
2013-06-27,214.692856,215.0,215.0,215.0,215.0,0.0,,
2013-06-28,104.850006,105.0,105.0,105.0,105.0,12.0,,
2013-07-01,104.850006,105.0,105.0,105.0,105.0,4.0,,
2013-07-02,104.850006,105.0,105.0,105.0,105.0,40.0,,
2013-07-03,104.850006,105.0,105.0,105.0,105.0,0.0,,
2013-07-04,104.850006,105.0,105.0,105.0,105.0,0.0,,
2013-07-05,104.850006,105.0,105.0,105.0,105.0,0.0,,
2013-07-08,104.850006,105.0,105.0,105.0,105.0,0.0,,
2013-07-09,104.850006,105.0,105.0,105.0,105.0,0.0,,
2013-07-10,104.850006,105.0,105.0,105.0,105.0,0.0,,
2013-07-11,104.850006,105.0,105.0,105.0,105.0,0.0,,
2013-07-12,104.850006,105.0,105.0,105.0,105.0,0.0,,
2013-07-15,104.850006,105.0,105.0,105.0,105.0,0.0,,
2013-07-16,104.850006,105.0,105.0,105.0,105.0,0.0,,
2013-07-17,104.850006,105.0,105.0,105.0,105.0,0.0,,
2013-07-18,104.850006,105.0,105.0,105.0,105.0,0.0,,
2013-07-19,104.850006,105.0,105.0,105.0,105.0,4.0,,
2013-07-22,104.850006,105.0,105.0,105.0,105.0,0.0,,
2013-07-23,104.850006,105.0,105.0,105.0,105.0,0.0,,
2013-07-24,104.850006,105.0,105.0,105.0,105.0,0.0,,
2013-07-25,104.850006,105.0,105.0,105.0,105.0,0.0,,
2013-07-26,104.850006,105.0,105.0,105.0,105.0,0.0,,
2013-07-29,104.850006,105.0,105.0,105.0,105.0,0.0,,
2013-07-30,104.850006,105.0,105.0,105.0,105.0,0.0,,
2013-07-31,104.850006,105.0,105.0,105.0,105.0,0.0,,
2013-08-01,104.850006,105.0,105.0,105.0,105.0,0.0,,
2013-08-02,104.850006,105.0,105.0,105.0,105.0,0.0,,
2013-08-05,104.850006,105.0,105.0,105.0,105.0,0.0,,
2013-08-06,179.742859,180.0,180.0,180.0,180.0,10.0,,
2013-08-07,179.742859,180.0,180.0,180.0,180.0,10.0,,
2013-08-08,179.742859,180.0,180.0,180.0,180.0,0.0,,
2013-08-09,179.742859,180.0,180.0,180.0,180.0,0.0,,
2013-08-12,179.742859,180.0,180.0,180.0,180.0,0.0,,
2013-08-13,179.742859,180.0,180.0,180.0,180.0,0.0,,
2013-08-14,179.742859,180.0,180.0,180.0,180.0,0.0,,
2013-08-15,179.742859,180.0,180.0,180.0,180.0,0.0,,
2013-08-16,179.742859,180.0,180.0,180.0,180.0,0.0,,
2013-08-19,179.742859,180.0,180.0,180.0,180.0,0.0,,
2013-08-20,179.742859,180.0,180.0,180.0,180.0,0.0,,
2013-08-21,179.742859,180.0,180.0,180.0,180.0,0.0,,
2013-08-22,179.742859,180.0,180.0,180.0,180.0,0.0,,
2013-08-23,179.742859,180.0,180.0,180.0,180.0,0.0,,
2013-08-26,47.931431,48.0,48.0,48.0,48.0,4.0,,
2013-08-27,47.931431,48.0,48.0,48.0,48.0,0.0,,
2013-08-28,47.931431,48.0,48.0,48.0,48.0,0.0,,
2013-08-29,47.931431,48.0,48.0,48.0,48.0,0.0,,
2013-08-30,47.931431,48.0,48.0,48.0,48.0,0.0,,
2013-09-02,47.931431,48.0,48.0,48.0,48.0,0.0,,
2013-09-03,47.931431,48.0,48.0,48.0,48.0,0.0,,
2013-09-04,47.931431,48.0,48.0,48.0,48.0,0.0,,
2013-09-05,47.931431,48.0,48.0,48.0,48.0,0.0,,
2013-09-06,47.931431,48.0,48.0,48.0,48.0,0.0,,
2013-09-09,47.931431,48.0,48.0,48.0,48.0,0.0,,
2013-09-10,47.931431,48.0,48.0,48.0,48.0,0.0,,
2013-09-11,47.931431,48.0,48.0,48.0,48.0,0.0,,
2013-09-12,47.931431,48.0,48.0,48.0,48.0,0.0,,
2013-09-13,47.931431,48.0,48.0,48.0,48.0,0.0,,
2013-09-16,47.931431,48.0,48.0,48.0,48.0,0.0,,
2013-09-17,82.382149,82.5,82.5,82.5,82.5,4.0,,
2013-09-18,82.382149,82.5,82.5,82.5,82.5,0.0,,
2013-09-19,82.382149,82.5,82.5,82.5,82.5,0.0,,
2013-09-20,95.862862,96.0,96.0,96.0,96.0,6.0,,
2013-09-23,95.862862,96.0,96.0,96.0,96.0,0.0,,
2013-09-24,99.857147,100.0,100.0,100.0,100.0,4.0,,
2013-09-25,99.857147,100.0,100.0,100.0,100.0,0.0,,
2013-09-26,99.857147,100.0,100.0,100.0,100.0,0.0,,
2013-09-27,99.857147,100.0,100.0,100.0,100.0,0.0,,
2013-09-30,99.857147,100.0,100.0,100.0,100.0,0.0,,
2013-10-01,99.857147,100.0,100.0,100.0,100.0,0.0,,
2013-10-02,99.857147,100.0,100.0,100.0,100.0,10.0,,
2013-10-03,99.857147,100.0,100.0,100.0,100.0,7.0,,
2013-10-04,99.857147,100.0,100.0,100.0,100.0,0.0,,
2013-10-07,99.857147,100.0,100.0,100.0,100.0,10.0,,
2013-10-08,99.857147,100.0,100.0,100.0,100.0,0.0,,
2013-10-09,99.857147,100.0,100.0,100.0,100.0,0.0,,
2013-10-10,99.857147,100.0,100.0,100.0,100.0,0.0,,
2013-10-11,99.857147,100.0,100.0,100.0,100.0,0.0,,
2013-10-14,99.857147,100.0,100.0,100.0,100.0,3.0,,
2013-10-15,99.857147,100.0,100.0,100.0,100.0,0.0,,
2013-10-16,99.857147,100.0,100.0,100.0,100.0,0.0,,
2013-10-17,99.857147,100.0,100.0,100.0,100.0,0.0,,
2013-10-18,99.857147,100.0,100.0,100.0,100.0,0.0,,
2013-10-21,99.857147,100.0,100.0,100.0,100.0,0.0,,
2013-10-22,99.857147,100.0,100.0,100.0,100.0,0.0,,
2013-10-23,99.857147,100.0,100.0,100.0,100.0,0.0,,
2013-10-24,99.857147,100.0,100.0,100.0,100.0,0.0,,
2013-10-25,99.857147,100.0,100.0,100.0,100.0,0.0,,
2013-10-28,99.857147,100.0,100.0,100.0,100.0,0.0,,
2013-10-29,99.857147,100.0,100.0,100.0,100.0,0.0,,
2013-10-30,99.857147,100.0,100.0,100.0,100.0,0.0,,
2013-10-31,99.857147,100.0,100.0,100.0,100.0,0.0,,
2013-11-01,74.89286,75.0,75.0,75.0,75.0,20.0,,
2013-11-04,74.89286,75.0,75.0,75.0,75.0,0.0,,
2013-11-05,74.89286,75.0,75.0,75.0,75.0,0.0,,
2013-11-06,74.89286,75.0,75.0,75.0,75.0,0.0,,
2013-11-07,74.89286,75.0,75.0,75.0,75.0,0.0,,
2013-11-08,74.89286,75.0,75.0,75.0,75.0,0.0,,
2013-11-11,74.89286,75.0,75.0,75.0,75.0,0.0,,
2013-11-12,74.89286,75.0,75.0,75.0,75.0,0.0,,
2013-11-13,74.89286,75.0,75.0,75.0,75.0,0.0,,
2013-11-14,74.89286,75.0,75.0,75.0,75.0,20.0,,
2013-11-15,74.89286,75.0,75.0,75.0,75.0,0.0,,
2013-11-18,74.89286,75.0,75.0,75.0,75.0,0.0,,
2013-11-19,74.89286,75.0,75.0,75.0,75.0,0.0,,
2013-11-20,74.89286,75.0,75.0,75.0,75.0,0.0,,
2013-11-21,74.89286,75.0,75.0,75.0,75.0,0.0,,
2013-11-22,74.89286,75.0,75.0,75.0,75.0,0.0,,
2013-11-25,74.89286,75.0,75.0,75.0,75.0,0.0,,
2013-11-26,74.89286,75.0,75.0,75.0,75.0,0.0,,
2013-11-27,74.89286,75.0,75.0,75.0,75.0,0.0,,
2013-11-28,74.89286,75.0,75.0,75.0,75.0,0.0,,
2013-11-29,74.89286,75.0,75.0,75.0,75.0,0.0,,
2013-12-02,74.89286,75.0,75.0,75.0,75.0,0.0,,
2013-12-03,74.89286,75.0,75.0,75.0,75.0,0.0,,
2013-12-04,74.89286,75.0,75.0,75.0,75.0,0.0,,
2013-12-05,74.89286,75.0,75.0,75.0,75.0,0.0,,
2013-12-06,74.89286,75.0,75.0,75.0,75.0,0.0,,
2013-12-09,74.89286,75.0,75.0,75.0,75.0,0.0,,
2013-12-10,74.89286,75.0,75.0,75.0,75.0,0.0,,
2013-12-11,74.89286,75.0,75.0,75.0,75.0,0.0,,
2013-12-12,74.89286,75.0,75.0,75.0,75.0,0.0,,
2013-12-13,74.89286,75.0,75.0,75.0,75.0,0.0,,
2013-12-16,74.89286,75.0,75.0,75.0,75.0,0.0,,
2013-12-17,74.89286,75.0,75.0,75.0,75.0,0.0,,
2013-12-18,74.89286,75.0,75.0,75.0,75.0,0.0,,
2013-12-19,74.89286,75.0,75.0,75.0,75.0,0.0,,
2013-12-20,74.89286,75.0,75.0,75.0,75.0,0.0,,
2013-12-23,74.89286,75.0,75.0,75.0,75.0,0.0,,
2013-12-24,74.89286,75.0,75.0,75.0,75.0,0.0,,
2013-12-27,74.89286,75.0,75.0,75.0,75.0,0.0,,
2013-12-30,74.89286,75.0,75.0,75.0,75.0,0.0,,
2013-12-31,74.89286,75.0,75.0,75.0,75.0,0.0,,
2014-01-02,74.89286,75.0,75.0,75.0,75.0,0.0,,
2014-01-03,74.89286,75.0,75.0,75.0,75.0,0.0,,
2014-01-06,74.89286,75.0,75.0,75.0,75.0,0.0,,
2014-01-07,74.89286,75.0,75.0,75.0,75.0,0.0,,
2014-01-08,74.89286,75.0,75.0,75.0,75.0,0.0,,
2014-01-09,74.89286,75.0,75.0,75.0,75.0,0.0,,
2014-01-10,74.89286,75.0,75.0,75.0,75.0,0.0,,
2014-01-13,74.89286,75.0,75.0,75.0,75.0,0.0,,
2014-01-14,74.89286,75.0,75.0,75.0,75.0,0.0,,
2014-01-15,74.89286,75.0,75.0,75.0,75.0,0.0,,
2014-01-16,74.89286,75.0,75.0,75.0,75.0,0.0,,
2014-01-17,74.89286,75.0,75.0,75.0,75.0,0.0,,
2014-01-20,74.89286,75.0,75.0,75.0,75.0,0.0,,
2014-01-21,74.89286,75.0,75.0,75.0,75.0,0.0,,
2014-01-22,74.89286,75.0,75.0,75.0,75.0,0.0,,
2014-01-23,74.89286,75.0,75.0,75.0,75.0,0.0,,
2014-01-24,74.89286,75.0,75.0,75.0,75.0,0.0,,
2014-01-27,74.89286,75.0,75.0,75.0,75.0,0.0,,
2014-01-28,74.89286,75.0,75.0,75.0,75.0,0.0,,
2014-01-29,74.89286,75.0,75.0,75.0,75.0,0.0,,
2014-01-30,74.89286,75.0,75.0,75.0,75.0,0.0,,
2014-01-31,74.89286,75.0,75.0,75.0,75.0,0.0,,
2014-02-03,74.89286,75.0,75.0,75.0,75.0,0.0,,
2014-02-04,74.89286,75.0,75.0,75.0,75.0,0.0,,
2014-02-05,74.89286,75.0,75.0,75.0,75.0,0.0,,
2014-02-06,74.89286,75.0,75.0,75.0,75.0,0.0,,
2014-02-07,74.89286,75.0,75.0,75.0,75.0,0.0,,
2014-02-10,74.89286,75.0,75.0,75.0,75.0,0.0,,
2014-02-11,74.89286,75.0,75.0,75.0,75.0,0.0,,
2014-02-12,74.89286,75.0,75.0,75.0,75.0,0.0,,
2014-02-13,74.89286,75.0,75.0,75.0,75.0,0.0,,
2014-02-14,74.89286,75.0,75.0,75.0,75.0,0.0,,
2014-02-17,74.89286,75.0,75.0,75.0,75.0,0.0,,
2014-02-18,74.89286,75.0,75.0,75.0,75.0,0.0,,
2014-02-19,74.89286,75.0,75.0,75.0,75.0,0.0,,
2014-02-20,74.89286,75.0,75.0,75.0,75.0,0.0,,
2014-02-21,74.89286,75.0,75.0,75.0,75.0,0.0,,
2014-02-24,74.89286,75.0,75.0,75.0,75.0,0.0,,
2014-02-25,74.89286,75.0,75.0,75.0,75.0,0.0,,
2014-02-26,74.89286,75.0,75.0,75.0,75.0,0.0,,
2014-02-27,74.89286,75.0,75.0,75.0,75.0,0.0,,
2014-02-28,74.89286,75.0,75.0,75.0,75.0,0.0,,
2014-03-03,74.89286,75.0,75.0,75.0,75.0,0.0,,
2014-03-04,74.89286,75.0,75.0,75.0,75.0,0.0,,
2014-03-05,74.89286,75.0,75.0,75.0,75.0,0.0,,
2014-03-06,74.89286,75.0,75.0,75.0,75.0,0.0,,
2014-03-07,74.89286,75.0,75.0,75.0,75.0,0.0,,
2014-03-10,74.89286,75.0,75.0,75.0,75.0,0.0,,
2014-03-11,74.89286,75.0,75.0,75.0,75.0,0.0,,
2014-03-12,74.89286,75.0,75.0,75.0,75.0,0.0,,
2014-03-13,74.89286,75.0,75.0,75.0,75.0,0.0,,
2014-03-14,74.89286,75.0,75.0,75.0,75.0,0.0,,
2014-03-17,74.89286,75.0,75.0,75.0,75.0,0.0,,
2014-03-18,74.89286,75.0,75.0,75.0,75.0,0.0,,
2014-03-19,74.89286,75.0,75.0,75.0,75.0,0.0,,
2014-03-20,74.89286,75.0,75.0,75.0,75.0,0.0,,
2014-03-21,74.89286,75.0,75.0,75.0,75.0,0.0,,
2014-03-24,74.89286,75.0,75.0,75.0,75.0,0.0,,
2014-03-25,74.89286,75.0,75.0,75.0,75.0,0.0,,
2014-03-26,74.89286,75.0,75.0,75.0,75.0,10.0,,
2014-03-27,74.89286,75.0,75.0,75.0,75.0,0.0,,
2014-03-28,74.89286,75.0,75.0,75.0,75.0,0.0,,
2014-03-31,74.89286,75.0,75.0,75.0,75.0,0.0,,
2014-04-01,74.89286,75.0,75.0,75.0,75.0,0.0,,
2014-04-02,74.89286,75.0,75.0,75.0,75.0,0.0,,
2014-04-03,74.89286,75.0,75.0,75.0,75.0,0.0,,
2014-04-04,74.89286,75.0,75.0,75.0,75.0,10.0,,
2014-04-07,74.89286,75.0,75.0,75.0,75.0,0.0,,
2014-04-08,74.89286,75.0,75.0,75.0,75.0,0.0,,
2014-04-09,74.89286,75.0,75.0,75.0,75.0,0.0,,
2014-04-10,74.89286,75.0,75.0,75.0,75.0,0.0,,
2014-04-11,74.89286,75.0,75.0,75.0,75.0,0.0,,
2014-04-14,74.89286,75.0,75.0,75.0,75.0,0.0,,
2014-04-15,74.89286,75.0,75.0,75.0,75.0,0.0,,
2014-04-16,74.89286,75.0,75.0,75.0,75.0,0.0,,
2014-04-17,74.89286,75.0,75.0,75.0,75.0,0.0,,
2014-04-22,74.89286,75.0,75.0,75.0,75.0,0.0,,
2014-04-23,74.89286,75.0,75.0,75.0,75.0,0.0,,
2014-04-24,74.89286,75.0,75.0,75.0,75.0,0.0,,
2014-04-25,74.89286,75.0,75.0,75.0,75.0,0.0,,
2014-04-28,74.89286,75.0,75.0,75.0,75.0,0.0,,
2014-04-29,74.89286,75.0,75.0,75.0,75.0,0.0,,
2014-04-30,74.89286,75.0,75.0,75.0,75.0,0.0,,
2014-05-02,74.89286,75.0,75.0,75.0,75.0,0.0,,
2014-05-05,74.89286,75.0,75.0,75.0,75.0,0.0,,
2014-05-06,74.89286,75.0,75.0,75.0,75.0,0.0,,
2014-05-07,74.89286,75.0,75.0,75.0,75.0,0.0,,
2014-05-08,74.89286,75.0,75.0,75.0,75.0,0.0,,
2014-05-09,74.89286,75.0,75.0,75.0,75.0,0.0,,
2014-05-12,74.89286,75.0,75.0,75.0,75.0,0.0,,
2014-05-13,74.89286,75.0,75.0,75.0,75.0,0.0,,
2014-05-14,74.89286,75.0,75.0,75.0,75.0,0.0,,
2014-05-15,74.89286,75.0,75.0,75.0,75.0,0.0,,
2014-05-16,74.89286,75.0,75.0,75.0,75.0,0.0,,
2014-05-19,74.89286,75.0,75.0,75.0,75.0,0.0,,
2014-05-20,74.89286,75.0,75.0,75.0,75.0,0.0,,
2014-05-21,74.89286,75.0,75.0,75.0,75.0,0.0,,
2014-05-22,49.928574,50.0,50.0,50.0,50.0,27.0,,
2014-05-23,55.920002,56.0,56.0,56.0,56.0,6.0,,
2014-05-26,55.920002,56.0,56.0,56.0,56.0,0.0,,
2014-05-27,55.920002,56.0,56.0,56.0,56.0,0.0,,
2014-05-28,55.920002,56.0,56.0,56.0,56.0,0.0,,
2014-05-29,55.920002,56.0,56.0,56.0,56.0,0.0,,
2014-05-30,55.920002,56.0,56.0,56.0,56.0,0.0,,
2014-06-02,55.920002,56.0,56.0,56.0,56.0,0.0,,
2014-06-03,55.920002,56.0,56.0,56.0,56.0,0.0,,
2014-06-04,49.429287,49.5,49.5,49.5,49.5,13.0,,
2014-06-05,49.429287,49.5,49.5,49.5,49.5,5.0,,
2014-06-06,49.429287,49.5,49.5,49.5,49.5,0.0,,
2014-06-09,49.429287,49.5,49.5,49.5,49.5,0.0,,
2014-06-10,49.429287,49.5,49.5,49.5,49.5,0.0,,
2014-06-11,49.429287,49.5,49.5,49.5,49.5,0.0,,
2014-06-12,49.429287,49.5,49.5,49.5,49.5,0.0,,
2014-06-13,49.429287,49.5,49.5,49.5,49.5,0.0,,
2014-06-16,49.429287,49.5,49.5,49.5,49.5,0.0,,
2014-06-17,49.429287,49.5,49.5,49.5,49.5,0.0,,
2014-06-18,49.429287,49.5,49.5,49.5,49.5,0.0,,
2014-06-19,49.429287,49.5,49.5,49.5,49.5,0.0,,
2014-06-20,49.429287,49.5,49.5,49.5,49.5,0.0,,
2014-06-23,25.962858,26.0,26.0,26.0,26.0,122.0,,
2014-06-24,25.962858,26.0,26.0,26.0,26.0,0.0,,
2014-06-25,25.962858,26.0,26.0,26.0,26.0,0.0,,
2014-06-26,25.962858,26.0,26.0,26.0,26.0,0.0,,
2014-06-27,49.429287,49.5,49.5,49.5,49.5,15.0,,
2014-06-30,49.429287,49.5,49.5,49.5,49.5,10.0,,
2014-07-01,49.429287,49.5,49.5,49.5,49.5,0.0,,
2014-07-02,49.429287,49.5,49.5,49.5,49.5,0.0,,
2014-07-03,49.429287,49.5,49.5,49.5,49.5,0.0,,
2014-07-04,49.429287,49.5,49.5,49.5,49.5,0.0,,
2014-07-07,49.429287,49.5,49.5,49.5,49.5,0.0,,
2014-07-08,49.429287,49.5,49.5,49.5,49.5,0.0,,
2014-07-09,49.429287,49.5,49.5,49.5,49.5,0.0,,
2014-07-10,49.429287,49.5,49.5,49.5,49.5,0.0,,
2014-07-11,49.429287,49.5,49.5,49.5,49.5,0.0,,
2014-07-14,49.429287,49.5,49.5,49.5,49.5,0.0,,
2014-07-15,49.429287,49.5,49.5,49.5,49.5,0.0,,
2014-07-16,49.429287,49.5,49.5,49.5,49.5,0.0,,
2014-07-17,49.429287,49.5,49.5,49.5,49.5,0.0,,
2014-07-18,49.429287,49.5,49.5,49.5,49.5,0.0,,
2014-07-21,49.429287,49.5,49.5,49.5,49.5,0.0,,
2014-07-22,49.429287,49.5,49.5,49.5,49.5,0.0,,
2014-07-23,49.429287,49.5,49.5,49.5,49.5,0.0,,
2014-07-24,49.429287,49.5,49.5,49.5,49.5,0.0,,
2014-07-25,49.429287,49.5,49.5,49.5,49.5,0.0,,
2014-07-28,49.429287,49.5,49.5,49.5,49.5,0.0,,
2014-07-29,49.429287,49.5,49.5,49.5,49.5,0.0,,
2014-07-30,49.429287,49.5,49.5,49.5,49.5,0.0,,
2014-07-31,49.429287,49.5,49.5,49.5,49.5,0.0,,
2014-08-01,49.429287,49.5,49.5,49.5,49.5,0.0,,
2014-08-04,49.429287,49.5,49.5,49.5,49.5,0.0,,
2014-08-05,49.429287,49.5,49.5,49.5,49.5,0.0,,
2014-08-06,49.429287,49.5,49.5,49.5,49.5,0.0,,
2014-08-07,49.429287,49.5,49.5,49.5,49.5,0.0,,
2014-08-08,49.429287,49.5,49.5,49.5,49.5,0.0,,
2014-08-11,49.429287,49.5,49.5,49.5,49.5,0.0,,
2014-08-12,49.429287,49.5,49.5,49.5,49.5,0.0,,
2014-08-13,49.429287,49.5,49.5,49.5,49.5,0.0,,
2014-08-14,49.429287,49.5,49.5,49.5,49.5,0.0,,
2014-08-15,49.429287,49.5,49.5,49.5,49.5,0.0,,
2014-08-18,49.429287,49.5,49.5,49.5,49.5,0.0,,
2014-08-19,49.429287,49.5,49.5,49.5,49.5,0.0,,
2014-08-20,49.429287,49.5,49.5,49.5,49.5,0.0,,
2014-08-21,49.429287,49.5,49.5,49.5,49.5,0.0,,
2014-08-22,49.429287,49.5,49.5,49.5,49.5,0.0,,
2014-08-25,49.429287,49.5,49.5,49.5,49.5,0.0,,
2014-08-26,49.429287,49.5,49.5,49.5,49.5,0.0,,
2014-08-27,49.429287,49.5,49.5,49.5,49.5,0.0,,
2014-08-28,49.429287,49.5,49.5,49.5,49.5,0.0,,
2014-08-29,49.429287,49.5,49.5,49.5,49.5,0.0,,
2014-09-01,49.429287,49.5,49.5,49.5,49.5,0.0,,
2014-09-02,49.429287,49.5,49.5,49.5,49.5,0.0,,
2014-09-03,49.429287,49.5,49.5,49.5,49.5,0.0,,
2014-09-04,49.429287,49.5,49.5,49.5,49.5,0.0,,
2014-09-05,49.429287,49.5,49.5,49.5,49.5,0.0,,
2014-09-08,49.429287,49.5,49.5,49.5,49.5,0.0,,
2014-09-09,49.429287,49.5,49.5,49.5,49.5,0.0,,
2014-09-10,49.429287,49.5,49.5,49.5,49.5,0.0,,
2014-09-11,49.429287,49.5,49.5,49.5,49.5,0.0,,
2014-09-12,49.429287,49.5,49.5,49.5,49.5,0.0,,
2014-09-15,49.429287,49.5,49.5,49.5,49.5,0.0,,
2014-09-16,49.429287,49.5,49.5,49.5,49.5,0.0,,
2014-09-17,49.429287,49.5,49.5,49.5,49.5,0.0,,
2014-09-18,49.429287,49.5,49.5,49.5,49.5,0.0,,
2014-09-19,49.429287,49.5,49.5,49.5,49.5,0.0,,
2014-09-22,49.429287,49.5,49.5,49.5,49.5,0.0,,
2014-09-23,49.429287,49.5,49.5,49.5,49.5,0.0,,
2014-09-24,49.429287,49.5,49.5,49.5,49.5,0.0,,
2014-09-25,49.429287,49.5,49.5,49.5,49.5,0.0,,
2014-09-26,49.429287,49.5,49.5,49.5,49.5,0.0,,
2014-09-29,49.429287,49.5,49.5,49.5,49.5,0.0,,
2014-09-30,49.429287,49.5,49.5,49.5,49.5,0.0,,
2014-10-01,28.958572,29.0,29.0,29.0,29.0,60.0,,
2014-10-02,28.958572,29.0,29.0,29.0,29.0,0.0,,
2014-10-03,28.958572,29.0,29.0,29.0,29.0,0.0,,
2014-10-06,28.958572,29.0,29.0,29.0,29.0,0.0,,
2014-10-07,28.958572,29.0,29.0,29.0,29.0,0.0,,
2014-10-08,28.958572,29.0,29.0,29.0,29.0,0.0,,
2014-10-09,28.958572,29.0,29.0,29.0,29.0,0.0,,
2014-10-10,28.958572,29.0,29.0,29.0,29.0,0.0,,
2014-10-13,28.958572,29.0,29.0,29.0,29.0,0.0,,
2014-10-14,28.958572,29.0,29.0,29.0,29.0,0.0,,
2014-10-15,6.490715,6.5,6.5,6.5,6.5,32.0,,
2014-10-16,6.490715,6.5,6.5,6.5,6.5,0.0,,
2014-10-17,6.490715,6.5,6.5,6.5,6.5,0.0,,
2014-10-20,5.492143,5.5,5.5,5.5,5.5,232.0,,
2014-10-21,5.492143,5.5,5.5,5.5,5.5,8.0,,
2014-10-22,5.492143,5.5,5.5,5.5,5.5,0.0,,
2014-10-23,5.492143,5.5,5.5,5.5,5.5,0.0,,
2014-10-24,5.492143,5.5,5.5,5.5,5.5,0.0,,
2014-10-27,5.492143,5.5,5.5,5.5,5.5,0.0,,
2014-10-28,5.492143,5.5,5.5,5.5,5.5,0.0,,
2014-10-29,5.492143,5.5,5.5,5.5,5.5,0.0,,
2014-10-30,5.492143,5.5,5.5,5.5,5.5,0.0,,
2014-10-31,5.492143,5.5,5.5,5.5,5.5,0.0,,
2014-11-03,5.492143,5.5,5.5,5.5,5.5,0.0,,
2014-11-04,5.492143,5.5,5.5,5.5,5.5,0.0,,
2014-11-05,5.492143,5.5,5.5,5.5,5.5,0.0,,
2014-11-06,5.492143,5.5,5.5,5.5,5.5,0.0,,
2014-11-07,5.492143,5.5,5.5,5.5,5.5,0.0,,
2014-11-10,5.492143,5.5,5.5,5.5,5.5,0.0,,
2014-11-11,5.492143,5.5,5.5,5.5,5.5,0.0,,
2014-11-12,5.492143,5.5,5.5,5.5,5.5,0.0,,
2014-11-13,5.492143,5.5,5.5,5.5,5.5,0.0,,
2014-11-14,5.492143,5.5,5.5,5.5,5.5,0.0,,
2014-11-17,5.492143,5.5,5.5,5.5,5.5,0.0,,
2014-11-18,5.492143,5.5,5.5,5.5,5.5,0.0,,
2014-11-19,5.492143,5.5,5.5,5.5,5.5,0.0,,
2014-11-20,5.492143,5.5,5.5,5.5,5.5,0.0,,
2014-11-21,5.492143,5.5,5.5,5.5,5.5,0.0,,
2014-11-24,5.492143,5.5,5.5,5.5,5.5,0.0,,
2014-11-25,5.492143,5.5,5.5,5.5,5.5,0.0,,
2014-11-26,5.492143,5.5,5.5,5.5,5.5,0.0,,
2014-11-27,5.492143,5.5,5.5,5.5,5.5,0.0,,
2014-11-28,5.492143,5.5,5.5,5.5,5.5,0.0,,
2014-12-01,4.992857,5.0,5.0,5.0,5.0,426.0,,
2014-12-02,4.992857,5.0,5.0,5.0,5.0,0.0,,
2014-12-03,4.992857,5.0,5.0,5.0,5.0,0.0,,
2014-12-04,4.992857,5.0,5.0,5.0,5.0,0.0,,
2014-12-05,4.992857,5.0,5.0,5.0,5.0,0.0,,
2014-12-08,4.992857,5.0,5.0,5.0,5.0,0.0,,
2014-12-09,4.992857,5.0,5.0,5.0,5.0,0.0,,
2014-12-10,4.992857,5.0,5.0,5.0,5.0,0.0,,
2014-12-11,4.992857,5.0,5.0,5.0,5.0,0.0,,
2014-12-12,4.992857,5.0,5.0,5.0,5.0,0.0,,
2014-12-15,4.992857,5.0,5.0,5.0,5.0,64.0,,
2014-12-16,4.992857,5.0,5.0,5.0,5.0,0.0,,
2014-12-17,4.992857,5.0,5.0,5.0,5.0,0.0,,
2014-12-18,4.992857,5.0,5.0,5.0,5.0,0.0,,
2014-12-19,4.992857,5.0,5.0,5.0,5.0,0.0,,
2014-12-22,4.992857,5.0,5.0,5.0,5.0,0.0,,
2014-12-23,4.992857,5.0,5.0,5.0,5.0,0.0,,
2014-12-24,4.992857,5.0,5.0,5.0,5.0,0.0,,
2014-12-29,4.992857,5.0,5.0,5.0,5.0,0.0,,
2014-12-30,4.992857,5.0,5.0,5.0,5.0,0.0,,
2014-12-31,4.992857,5.0,5.0,5.0,5.0,0.0,,
2015-01-02,4.992857,5.0,5.0,5.0,5.0,0.0,,
2015-01-05,4.992857,5.0,5.0,5.0,5.0,0.0,,
2015-01-06,4.992857,5.0,5.0,5.0,5.0,0.0,,
2015-01-07,4.992857,5.0,5.0,5.0,5.0,0.0,,
2015-01-08,4.992857,5.0,5.0,5.0,5.0,0.0,,
2015-01-09,4.992857,5.0,5.0,5.0,5.0,0.0,,
2015-01-12,4.992857,5.0,5.0,5.0,5.0,0.0,,
2015-01-13,4.992857,5.0,5.0,5.0,5.0,0.0,,
2015-01-14,4.992857,5.0,5.0,5.0,5.0,0.0,,
2015-01-15,4.992857,5.0,5.0,5.0,5.0,0.0,,
2015-01-16,6.490715,6.5,6.5,6.5,6.5,16.0,,
2015-01-19,6.490715,6.5,6.5,6.5,6.5,0.0,,
2015-01-20,6.490715,6.5,6.5,6.5,6.5,0.0,,
2015-01-21,6.490715,6.5,6.5,6.5,6.5,0.0,,
2015-01-22,6.490715,6.5,6.5,6.5,6.5,0.0,,
2015-01-23,6.490715,6.5,6.5,6.5,6.5,0.0,,
2015-01-26,6.490715,6.5,6.5,6.5,6.5,0.0,,
2015-01-27,6.490715,6.5,6.5,6.5,6.5,0.0,,
2015-01-28,6.490715,6.5,6.5,6.5,6.5,150.0,,
2015-01-29,6.490715,6.5,6.5,6.5,6.5,0.0,,
2015-01-30,6.490715,6.5,6.5,6.5,6.5,0.0,,
2015-02-02,6.490715,6.5,6.5,6.5,6.5,0.0,,
2015-02-03,6.490715,6.5,6.5,6.5,6.5,0.0,,
2015-02-04,6.490715,6.5,6.5,6.5,6.5,0.0,,
2015-02-05,6.490715,6.5,6.5,6.5,6.5,0.0,,
2015-02-06,6.490715,6.5,6.5,6.5,6.5,0.0,,
2015-02-09,6.490715,6.5,6.5,6.5,6.5,0.0,,
2015-02-10,6.490715,6.5,6.5,6.5,6.5,0.0,,
2015-02-11,6.490715,6.5,6.5,6.5,6.5,0.0,,
2015-02-12,6.490715,6.5,6.5,6.5,6.5,0.0,,
2015-02-13,6.490715,6.5,6.5,6.5,6.5,0.0,,
2015-02-16,6.490715,6.5,6.5,6.5,6.5,0.0,,
2015-02-17,6.490715,6.5,6.5,6.5,6.5,0.0,,
2015-02-18,6.490715,6.5,6.5,6.5,6.5,0.0,,
2015-02-19,6.490715,6.5,6.5,6.5,6.5,0.0,,
2015-02-20,6.490715,6.5,6.5,6.5,6.5,7.0,,
2015-02-23,6.490715,6.5,6.5,6.5,6.5,0.0,,
2015-02-24,6.490715,6.5,6.5,6.5,6.5,0.0,,
2015-02-25,6.490715,6.5,6.5,6.5,6.5,20.0,,
2015-02-26,6.490715,6.5,6.5,6.5,6.5,0.0,,
2015-02-27,6.490715,6.5,6.5,6.5,6.5,0.0,,
2015-03-02,6.490715,6.5,6.5,6.5,6.5,0.0,,
2015-03-03,6.490715,6.5,6.5,6.5,6.5,0.0,,
2015-03-04,6.490715,6.5,6.5,6.5,6.5,0.0,,
2015-03-05,6.490715,6.5,6.5,6.5,6.5,0.0,,
2015-03-06,6.490715,6.5,6.5,6.5,6.5,21.0,,
2015-03-09,6.490715,6.5,6.5,6.5,6.5,0.0,,
2015-03-10,6.490715,6.5,6.5,6.5,6.5,0.0,,
2015-03-11,6.490715,6.5,6.5,6.5,6.5,0.0,,
2015-03-12,6.490715,6.5,6.5,6.5,6.5,0.0,,
2015-03-13,6.490715,6.5,6.5,6.5,6.5,0.0,,
2015-03-16,6.490715,6.5,6.5,6.5,6.5,0.0,,
2015-03-17,6.490715,6.5,6.5,6.5,6.5,0.0,,
2015-03-18,6.490715,6.5,6.5,6.5,6.5,9.0,,
2015-03-19,6.490715,6.5,6.5,6.5,6.5,0.0,,
2015-03-20,5.492143,5.5,5.5,5.5,5.5,25.0,,
2015-03-23,5.492143,5.5,5.5,5.5,5.5,0.0,,
2015-03-24,5.492143,5.5,5.5,5.5,5.5,0.0,,
2015-03-25,5.492143,5.5,5.5,5.5,5.5,0.0,,
2015-03-26,5.492143,5.5,5.5,5.5,5.5,0.0,,
2015-03-27,5.492143,5.5,5.5,5.5,5.5,0.0,,
2015-03-30,5.492143,5.5,5.5,5.5,5.5,0.0,,
2015-03-31,5.492143,5.5,5.5,5.5,5.5,0.0,,
2015-04-01,5.492143,5.5,5.5,5.5,5.5,0.0,,
2015-04-02,5.492143,5.5,5.5,5.5,5.5,0.0,,
2015-04-07,5.492143,5.5,5.5,5.5,5.5,0.0,,
2015-04-08,5.492143,5.5,5.5,5.5,5.5,0.0,,
2015-04-09,5.492143,5.5,5.5,5.5,5.5,0.0,,
2015-04-10,5.492143,5.5,5.5,5.5,5.5,0.0,,
2015-04-13,5.492143,5.5,5.5,5.5,5.5,0.0,,
2015-04-14,5.492143,5.5,5.5,5.5,5.5,0.0,,
2015-04-15,5.492143,5.5,5.5,5.5,5.5,0.0,,
2015-04-16,5.492143,5.5,5.5,5.5,5.5,0.0,,
2015-04-17,5.492143,5.5,5.5,5.5,5.5,0.0,,
2015-04-20,5.492143,5.5,5.5,5.5,5.5,0.0,,
2015-04-21,5.492143,5.5,5.5,5.5,5.5,0.0,,
2015-04-22,5.492143,5.5,5.5,5.5,5.5,0.0,,
2015-04-23,5.492143,5.5,5.5,5.5,5.5,0.0,,
2015-04-24,5.492143,5.5,5.5,5.5,5.5,0.0,,
2015-04-27,5.492143,5.5,5.5,5.5,5.5,0.0,,
2015-04-28,5.492143,5.5,5.5,5.5,5.5,0.0,,
2015-04-29,5.991429,6.0,6.0,6.0,6.0,19.0,,
2015-04-30,5.991429,6.0,6.0,6.0,6.0,0.0,,
2015-05-04,5.991429,6.0,6.0,6.0,6.0,0.0,,
2015-05-05,5.991429,6.0,6.0,6.0,6.0,36.0,,
2015-05-06,5.492143,5.5,5.5,5.5,5.5,10.0,,
2015-05-07,5.492143,5.5,5.5,5.5,5.5,0.0,,
2015-05-08,5.492143,5.5,5.5,5.5,5.5,0.0,,
2015-05-11,5.991429,6.0,6.0,6.0,6.0,25.0,,
2015-05-12,5.991429,6.0,6.0,6.0,6.0,0.0,,
2015-05-13,5.991429,6.0,6.0,6.0,6.0,0.0,,
2015-05-14,5.991429,6.0,6.0,6.0,6.0,0.0,,
2015-05-15,5.991429,6.0,6.0,6.0,6.0,0.0,,
2015-05-18,5.991429,6.0,6.0,6.0,6.0,0.0,,
2015-05-19,5.991429,6.0,6.0,6.0,6.0,0.0,,
2015-05-20,5.991429,6.0,6.0,6.0,6.0,0.0,,
2015-05-21,5.991429,6.0,6.0,6.0,6.0,0.0,,
2015-05-22,5.991429,6.0,6.0,6.0,6.0,0.0,,
2015-05-25,5.991429,6.0,6.0,6.0,6.0,0.0,,
2015-05-26,5.991429,6.0,6.0,6.0,6.0,5.0,,
2015-05-27,5.991429,6.0,6.0,6.0,6.0,0.0,,
2015-05-28,5.991429,6.0,6.0,6.0,6.0,0.0,,
2015-05-29,5.991429,6.0,6.0,6.0,6.0,0.0,,
2015-06-01,5.991429,6.0,6.0,6.0,6.0,20.0,,
2015-06-02,5.991429,6.0,6.0,6.0,6.0,0.0,,
2015-06-03,5.991429,6.0,6.0,6.0,6.0,0.0,,
2015-06-04,5.991429,6.0,6.0,6.0,6.0,0.0,,
2015-06-05,5.991429,6.0,6.0,6.0,6.0,0.0,,
2015-06-08,5.991429,6.0,6.0,6.0,6.0,0.0,,
2015-06-09,5.991429,6.0,6.0,6.0,6.0,0.0,,
2015-06-10,5.991429,6.0,6.0,6.0,6.0,0.0,,
2015-06-11,5.991429,6.0,6.0,6.0,6.0,0.0,,
2015-06-12,5.991429,6.0,6.0,6.0,6.0,0.0,,
2015-06-15,5.991429,6.0,6.0,6.0,6.0,0.0,,
2015-06-16,5.991429,6.0,6.0,6.0,6.0,0.0,,
2015-06-17,5.991429,6.0,6.0,6.0,6.0,0.0,,
2015-06-18,5.991429,6.0,6.0,6.0,6.0,0.0,,
2015-06-19,5.991429,6.0,6.0,6.0,6.0,0.0,,
2015-06-22,5.991429,6.0,6.0,6.0,6.0,0.0,,
2015-06-23,5.991429,6.0,6.0,6.0,6.0,0.0,,
2015-06-24,5.991429,6.0,6.0,6.0,6.0,0.0,,
2015-06-25,5.991429,6.0,6.0,6.0,6.0,0.0,,
2015-06-26,5.991429,6.0,6.0,6.0,6.0,0.0,,
2015-06-29,5.991429,6.0,6.0,6.0,6.0,0.0,,
2015-06-30,5.991429,6.0,6.0,6.0,6.0,0.0,,
2015-07-01,5.991429,6.0,6.0,6.0,6.0,0.0,,
2015-07-02,5.991429,6.0,6.0,6.0,6.0,0.0,,
2015-07-03,5.991429,6.0,6.0,6.0,6.0,0.0,,
2015-07-06,1.997143,2.0,2.0,2.0,2.0,40.0,,
2015-07-07,1.997143,2.0,2.0,2.0,2.0,0.0,,
2015-07-08,1.997143,2.0,2.0,2.0,2.0,0.0,,
2015-07-09,2.496429,2.5,2.5,2.5,2.5,12.0,,
2015-07-10,2.496429,2.5,2.5,2.5,2.5,0.0,,
2015-07-13,2.496429,2.5,2.5,2.5,2.5,65.0,,
2015-07-14,2.496429,2.5,2.5,2.5,2.5,45.0,,
2015-07-15,2.496429,2.5,2.5,2.5,2.5,0.0,,
2015-07-16,2.496429,2.5,2.5,2.5,2.5,0.0,,
2015-07-17,2.496429,2.5,2.5,2.5,2.5,0.0,,
2015-07-20,2.496429,2.5,2.5,2.5,2.5,0.0,,
2015-07-21,2.496429,2.5,2.5,2.5,2.5,0.0,,
2015-07-22,2.496429,2.5,2.5,2.5,2.5,0.0,,
2015-07-23,2.496429,2.5,2.5,2.5,2.5,0.0,,
2015-07-24,2.496429,2.5,2.5,2.5,2.5,0.0,,
2015-07-27,2.496429,2.5,2.5,2.5,2.5,0.0,,
2015-07-28,2.496429,2.5,2.5,2.5,2.5,0.0,,
2015-07-29,2.496429,2.5,2.5,2.5,2.5,0.0,,
2015-07-30,2.496429,2.5,2.5,2.5,2.5,0.0,,
2015-07-31,2.496429,2.5,2.5,2.5,2.5,0.0,,
2015-08-03,2.496429,2.5,2.5,2.5,2.5,0.0,,
2015-08-04,2.496429,2.5,2.5,2.5,2.5,0.0,,
2015-08-05,2.496429,2.5,2.5,2.5,2.5,0.0,,
2015-08-06,2.496429,2.5,2.5,2.5,2.5,0.0,,
2015-08-07,2.496429,2.5,2.5,2.5,2.5,0.0,,
2015-08-10,2.995714,3.0,3.0,3.0,3.0,17.0,,
2015-08-11,2.995714,3.0,3.0,3.0,3.0,0.0,,
2015-08-12,2.995714,3.0,3.0,3.0,3.0,36.0,,
2015-08-13,2.995714,3.0,3.0,3.0,3.0,0.0,,
2015-08-14,2.995714,3.0,3.0,3.0,3.0,0.0,,
2015-08-17,2.995714,3.0,3.0,3.0,3.0,0.0,,
2015-08-18,2.995714,3.0,3.0,3.0,3.0,0.0,,
2015-08-19,2.995714,3.0,3.0,3.0,3.0,0.0,,
2015-08-20,2.995714,3.0,3.0,3.0,3.0,0.0,,
2015-08-21,2.995714,3.0,3.0,3.0,3.0,0.0,,
2015-08-24,2.995714,3.0,3.0,3.0,3.0,0.0,,
2015-08-25,2.995714,3.0,3.0,3.0,3.0,0.0,,
2015-08-26,2.995714,3.0,3.0,3.0,3.0,0.0,,
2015-08-27,2.995714,3.0,3.0,3.0,3.0,0.0,,
2015-08-28,2.995714,3.0,3.0,3.0,3.0,0.0,,
2015-08-31,2.995714,3.0,3.0,3.0,3.0,0.0,,
2015-09-01,2.995714,3.0,3.0,3.0,3.0,0.0,,
2015-09-02,2.995714,3.0,3.0,3.0,3.0,0.0,,
2015-09-03,2.995714,3.0,3.0,3.0,3.0,0.0,,
2015-09-04,2.995714,3.0,3.0,3.0,3.0,0.0,,
2015-09-07,2.995714,3.0,3.0,3.0,3.0,0.0,,
2015-09-08,2.995714,3.0,3.0,3.0,3.0,48.0,,
2015-09-09,2.995714,3.0,3.0,3.0,3.0,12.0,,
2015-09-10,2.496429,2.5,2.5,2.5,2.5,30.0,,
2015-09-11,2.496429,2.5,2.5,2.5,2.5,0.0,,
2015-09-14,2.496429,2.5,2.5,2.5,2.5,0.0,,
2015-09-15,2.496429,2.5,2.5,2.5,2.5,0.0,,
2015-09-16,2.496429,2.5,2.5,2.5,2.5,0.0,,
2015-09-17,2.496429,2.5,2.5,2.5,2.5,0.0,,
2015-09-18,2.496429,2.5,2.5,2.5,2.5,0.0,,
2015-09-21,2.496429,2.5,2.5,2.5,2.5,0.0,,
2015-09-22,2.496429,2.5,2.5,2.5,2.5,0.0,,
2015-09-23,2.496429,2.5,2.5,2.5,2.5,0.0,,
2015-09-24,2.496429,2.5,2.5,2.5,2.5,0.0,,
2015-09-25,2.496429,2.5,2.5,2.5,2.5,0.0,,
2015-09-28,2.496429,2.5,2.5,2.5,2.5,0.0,,
2015-09-29,2.496429,2.5,2.5,2.5,2.5,0.0,,
2015-09-30,2.496429,2.5,2.5,2.5,2.5,0.0,,
2015-10-01,2.496429,2.5,2.5,2.5,2.5,0.0,,
2015-10-02,2.496429,2.5,2.5,2.5,2.5,0.0,,
2015-10-05,2.496429,2.5,2.5,2.5,2.5,0.0,,
2015-10-06,2.496429,2.5,2.5,2.5,2.5,0.0,,
2015-10-07,2.496429,2.5,2.5,2.5,2.5,0.0,,
2015-10-08,2.496429,2.5,2.5,2.5,2.5,0.0,,
2015-10-09,2.496429,2.5,2.5,2.5,2.5,0.0,,
2015-10-12,2.496429,2.5,2.5,2.5,2.5,0.0,,
2015-10-13,2.496429,2.5,2.5,2.5,2.5,0.0,,
2015-10-14,2.496429,2.5,2.5,2.5,2.5,0.0,,
2015-10-15,2.496429,2.5,2.5,2.5,2.5,0.0,,
2015-10-16,2.496429,2.5,2.5,2.5,2.5,0.0,,
2015-10-19,2.496429,2.5,2.5,2.5,2.5,0.0,,
2015-10-20,2.496429,2.5,2.5,2.5,2.5,0.0,,
2015-10-21,2.496429,2.5,2.5,2.5,2.5,0.0,,
2015-10-22,2.496429,2.5,2.5,2.5,2.5,0.0,,
2015-10-23,2.496429,2.5,2.5,2.5,2.5,0.0,,
2015-10-26,2.496429,2.5,2.5,2.5,2.5,0.0,,
2015-10-27,2.496429,2.5,2.5,2.5,2.5,0.0,,
2015-10-28,2.496429,2.5,2.5,2.5,2.5,0.0,,
2015-10-29,0.998571,1.0,1.0,1.0,1.0,106.0,,
2015-10-30,0.998571,1.0,1.0,1.0,1.0,0.0,,
2015-11-02,0.998571,1.0,1.0,1.0,1.0,0.0,,
2015-11-03,0.998571,1.0,1.0,1.0,1.0,0.0,,
2015-11-04,0.998571,1.0,1.0,1.0,1.0,0.0,,
2015-11-05,0.998571,1.0,1.0,1.0,1.0,0.0,,
2015-11-06,0.998571,1.0,1.0,1.0,1.0,0.0,,
2015-11-09,0.998571,1.0,1.0,1.0,1.0,0.0,,
2015-11-10,1.497857,1.5,1.5,1.5,1.5,600.0,,
2015-11-11,1.497857,1.5,1.5,1.5,1.5,0.0,,
2015-11-12,1.497857,1.5,1.5,1.5,1.5,0.0,,
2015-11-13,1.497857,1.5,1.5,1.5,1.5,0.0,,
2015-11-16,1.497857,1.5,1.5,1.5,1.5,1200.0,,
2015-11-17,1.497857,1.5,1.5,1.5,1.5,0.0,,
2015-11-18,2.496429,2.5,2.5,2.5,2.5,40.0,,
2015-11-19,2.496429,2.5,2.5,2.5,2.5,0.0,,
2015-11-20,2.496429,2.5,2.5,2.5,2.5,0.0,,
2015-11-23,2.496429,2.5,2.5,2.5,2.5,0.0,,
2015-11-24,2.496429,2.5,2.5,2.5,2.5,6.0,,
2015-11-25,2.496429,2.5,2.5,2.5,2.5,0.0,,
2015-11-26,2.496429,2.5,2.5,2.5,2.5,0.0,,
2015-11-27,3.994286,4.0,4.0,4.0,4.0,145.0,,
2015-11-30,3.994286,4.0,4.0,4.0,4.0,0.0,,
2015-12-01,3.994286,4.0,4.0,4.0,4.0,0.0,,
2015-12-02,3.994286,4.0,4.0,4.0,4.0,0.0,,
2015-12-03,4.992857,5.0,5.0,5.0,5.0,260.0,,
2015-12-04,4.992857,5.0,5.0,5.0,5.0,1703.0,,
2015-12-07,4.992857,5.0,5.0,5.0,5.0,0.0,,
2015-12-08,4.992857,5.0,5.0,5.0,5.0,0.0,,
2015-12-09,4.992857,5.0,5.0,5.0,5.0,0.0,,
2015-12-10,5.991429,6.0,6.0,6.0,6.0,80.0,,
2015-12-11,5.991429,6.0,6.0,6.0,6.0,0.0,,
2015-12-14,5.991429,6.0,6.0,6.0,6.0,0.0,,
2015-12-15,5.991429,6.0,6.0,6.0,6.0,0.0,,
2015-12-16,5.991429,6.0,6.0,6.0,6.0,0.0,,
2015-12-17,5.991429,6.0,6.0,6.0,6.0,0.0,,
2015-12-18,4.493572,4.5,4.5,4.5,4.5,16.0,,
2015-12-21,4.493572,4.5,4.5,4.5,4.5,0.0,,
2015-12-22,4.493572,4.5,4.5,4.5,4.5,0.0,,
2015-12-23,4.493572,4.5,4.5,4.5,4.5,0.0,,
2015-12-24,4.493572,4.5,4.5,4.5,4.5,0.0,,
2015-12-28,4.493572,4.5,4.5,4.5,4.5,0.0,,
2015-12-29,4.493572,4.5,4.5,4.5,4.5,0.0,,
2015-12-30,4.493572,4.5,4.5,4.5,4.5,24.0,,
2016-01-04,4.493572,4.5,4.5,4.5,4.5,0.0,,
2016-01-05,4.493572,4.5,4.5,4.5,4.5,0.0,,
2016-01-06,4.493572,4.5,4.5,4.5,4.5,0.0,,
2016-01-07,5.492143,5.5,5.5,5.5,5.5,144.0,,
2016-01-08,4.992857,5.0,5.0,5.0,5.0,127.0,,
2016-01-11,4.992857,5.0,5.0,5.0,5.0,0.0,,
2016-01-12,4.992857,5.0,5.0,5.0,5.0,0.0,,
2016-01-13,4.992857,5.0,5.0,5.0,5.0,0.0,,
2016-01-14,4.992857,5.0,5.0,5.0,5.0,0.0,,
2016-01-15,4.992857,5.0,5.0,5.0,5.0,0.0,,
2016-01-18,4.992857,5.0,5.0,5.0,5.0,0.0,,
2016-01-19,4.992857,5.0,5.0,5.0,5.0,0.0,,
2016-01-20,4.992857,5.0,5.0,5.0,5.0,0.0,,
2016-01-21,4.992857,5.0,5.0,5.0,5.0,0.0,,
2016-01-22,4.992857,5.0,5.0,5.0,5.0,0.0,,
2016-01-25,4.992857,5.0,5.0,5.0,5.0,0.0,,
2016-01-26,4.992857,5.0,5.0,5.0,5.0,0.0,,
2016-01-27,4.992857,5.0,5.0,5.0,5.0,0.0,,
2016-01-28,4.992857,5.0,5.0,5.0,5.0,0.0,,
2016-01-29,5.991429,6.0,6.0,6.0,6.0,100.0,,
2016-02-01,6.490715,6.5,6.5,6.5,6.5,100.0,,
2016-02-02,6.490715,6.5,6.5,6.5,6.5,0.0,,
2016-02-03,6.490715,6.5,6.5,6.5,6.5,0.0,,
2016-02-04,6.490715,6.5,6.5,6.5,6.5,0.0,,
2016-02-05,6.490715,6.5,6.5,6.5,6.5,0.0,,
2016-02-08,6.490715,6.5,6.5,6.5,6.5,0.0,,
2016-02-09,6.490715,6.5,6.5,6.5,6.5,0.0,,
2016-02-10,6.490715,6.5,6.5,6.5,6.5,0.0,,
2016-02-11,6.490715,6.5,6.5,6.5,6.5,0.0,,
2016-02-12,6.490715,6.5,6.5,6.5,6.5,0.0,,
2016-02-15,6.490715,6.5,6.5,6.5,6.5,0.0,,
2016-02-16,5.991429,6.0,6.0,6.0,6.0,20.0,,
2016-02-17,6.490715,6.5,6.5,6.5,6.5,200.0,,
2016-02-18,6.99,7.0,7.0,7.0,7.0,99.0,,
2016-02-19,6.99,7.0,7.0,7.0,7.0,0.0,,
2016-02-22,6.99,7.0,7.0,7.0,7.0,20.0,,
2016-02-23,6.99,7.0,7.0,7.0,7.0,86.0,,
2016-02-24,6.490715,6.5,6.5,6.5,6.5,46.0,,
2016-02-25,6.490715,6.5,6.5,6.5,6.5,0.0,,
2016-02-26,6.490715,6.5,6.5,6.5,6.5,51.0,,
2016-02-29,6.490715,6.5,6.5,6.5,6.5,0.0,,
2016-03-01,6.490715,6.5,6.5,6.5,6.5,0.0,,
2016-03-02,6.490715,6.5,6.5,6.5,6.5,0.0,,
2016-03-03,6.490715,6.5,6.5,6.5,6.5,79.0,,
2016-03-04,6.490715,6.5,6.5,6.5,6.5,1247.0,,
2016-03-07,6.490715,6.5,6.5,6.5,6.5,738.0,,
2016-03-08,6.490715,6.5,6.5,6.5,6.5,0.0,,
2016-03-09,6.490715,6.5,6.5,6.5,6.5,12.0,,
2016-03-10,6.490715,6.5,6.5,6.5,6.5,119.0,,
2016-03-11,6.490715,6.5,6.5,6.5,6.5,0.0,,
2016-03-14,6.490715,6.5,6.5,6.5,6.5,276.0,,
2016-03-15,6.490715,6.5,6.5,6.5,6.5,357.0,,
2016-03-16,6.490715,6.5,6.5,6.5,6.5,0.0,,
2016-03-17,6.99,7.0,7.0,7.0,7.0,500.0,,
2016-03-18,6.99,7.0,7.0,7.0,7.0,0.0,,
2016-03-21,6.490715,6.5,6.5,6.5,6.5,69.0,,
2016-03-22,6.490715,6.5,6.5,6.5,6.5,0.0,,
2016-03-23,6.490715,6.5,6.5,6.5,6.5,0.0,,
2016-03-24,6.490715,6.5,6.5,6.5,6.5,0.0,,
2016-03-29,6.99,7.0,7.0,6.5,6.5,94.0,,
2016-03-30,6.99,7.0,7.0,7.0,7.0,200.0,,
2016-03-31,6.99,7.0,7.0,7.0,7.0,258.0,,
2016-04-01,6.490715,6.5,6.5,6.5,6.5,54.0,,
2016-04-04,6.99,7.0,7.0,7.0,7.0,94.0,,
2016-04-05,6.99,7.0,7.0,7.0,7.0,200.0,,
2016-04-06,6.99,7.0,7.0,7.0,7.0,6.0,,
2016-04-07,6.490715,6.5,6.5,6.5,6.5,192.0,,
2016-04-08,6.490715,6.5,6.5,6.5,6.5,0.0,,
2016-04-11,6.490715,6.5,6.5,6.5,6.5,18.0,,
2016-04-12,6.490715,6.5,6.5,6.5,6.5,0.0,,
2016-04-13,6.99,7.0,7.0,7.0,7.0,122.0,,
2016-04-14,6.490715,6.5,6.5,6.5,6.5,20.0,,
2016-04-15,6.490715,6.5,6.5,6.5,6.5,301.0,,
2016-04-18,6.99,7.0,7.0,7.0,7.0,200.0,,
2016-04-19,7.489286,7.5,7.5,7.5,7.5,2.0,,
2016-04-20,6.99,7.0,7.0,7.0,7.0,133.0,,
2016-04-21,6.99,7.0,7.0,7.0,7.0,0.0,,
2016-04-22,6.99,7.0,7.0,7.0,7.0,0.0,,
2016-04-25,6.99,7.0,7.0,7.0,7.0,0.0,,
2016-04-26,6.99,7.0,7.0,7.0,7.0,4.0,,
2016-04-27,6.99,7.0,7.0,7.0,7.0,260.0,,
2016-04-28,6.99,7.0,7.0,7.0,7.0,32.0,,
2016-04-29,6.99,7.0,7.0,7.0,7.0,0.0,,
2016-05-02,6.99,7.0,7.0,7.0,7.0,0.0,,
2016-05-03,6.99,7.0,7.0,7.0,7.0,8000.0,,
2016-05-04,6.99,7.0,7.0,7.0,7.0,0.0,,
2016-05-05,6.99,7.0,7.0,7.0,7.0,0.0,,
2016-05-06,6.99,7.0,7.0,7.0,7.0,0.0,,
2016-05-09,6.99,7.0,7.0,7.0,7.0,0.0,,
2016-05-10,6.99,7.0,7.0,7.0,7.0,100.0,,
2016-05-11,6.99,7.0,7.0,7.0,7.0,100.0,,
2016-05-12,6.490715,6.5,6.5,6.5,6.5,21.0,,
2016-05-13,6.490715,6.5,6.5,6.5,6.5,0.0,,
2016-05-16,6.490715,6.5,6.5,6.5,6.5,0.0,,
2016-05-17,6.490715,6.5,6.5,6.5,6.5,0.0,,
2016-05-18,6.490715,6.5,6.5,6.5,6.5,0.0,,
2016-05-19,6.99,7.0,7.0,7.0,7.0,200.0,,
2016-05-20,6.99,7.0,7.0,7.0,7.0,100.0,,
2016-05-23,6.490715,6.5,6.5,6.5,6.5,87.0,,
2016-05-24,6.490715,6.5,6.5,6.5,6.5,0.0,,
2016-05-25,6.490715,6.5,6.5,6.5,6.5,0.0,,
2016-05-26,6.490715,6.5,6.5,6.5,6.5,8.0,,
2016-05-27,6.490715,6.5,6.5,6.5,6.5,0.0,,
2016-05-30,6.490715,6.5,6.5,6.5,6.5,0.0,,
2016-05-31,6.490715,6.5,6.5,6.5,6.5,0.0,,
2016-06-01,6.490715,6.5,6.5,6.5,6.5,0.0,,
2016-06-02,6.490715,6.5,6.5,6.5,6.5,0.0,,
2016-06-03,6.490715,6.5,6.5,6.5,6.5,0.0,,
2016-06-06,6.490715,6.5,6.5,6.5,6.5,0.0,,
2016-06-07,6.490715,6.5,6.5,6.5,6.5,0.0,,
2016-06-08,6.99,7.0,7.0,7.0,7.0,100.0,,
2016-06-09,6.99,7.0,7.0,7.0,7.0,0.0,,
2016-06-10,6.99,7.0,7.0,7.0,7.0,0.0,,
2016-06-13,6.99,7.0,7.0,7.0,7.0,0.0,,
2016-06-14,6.490715,6.5,6.5,6.5,6.5,114.0,,
2016-06-15,6.99,7.0,7.0,7.0,7.0,220.0,,
2016-06-16,6.99,7.0,7.0,7.0,7.0,136.0,,
2016-06-17,6.99,7.0,7.0,7.0,7.0,78.0,,
2016-06-20,6.99,7.0,7.0,7.0,7.0,0.0,,
2016-06-21,6.99,7.0,7.0,7.0,7.0,0.0,,
2016-06-22,6.99,7.0,7.0,7.0,7.0,236.0,,
2016-06-23,6.99,7.0,7.0,7.0,7.0,70.0,,
2016-06-24,6.99,7.0,7.0,7.0,7.0,0.0,,
2016-06-27,6.490715,6.5,6.5,6.5,6.5,176.0,,
2016-06-28,6.490715,6.5,6.5,6.5,6.5,0.0,,
2016-06-29,6.99,7.0,7.0,7.0,7.0,14.0,,
2016-06-30,6.99,7.0,7.0,7.0,7.0,0.0,,
2016-07-01,6.99,7.0,7.0,7.0,7.0,0.0,,
2016-07-04,6.99,7.0,7.0,7.0,7.0,0.0,,
2016-07-05,6.99,7.0,7.0,7.0,7.0,0.0,,
2016-07-06,6.99,7.0,7.0,7.0,7.0,0.0,,
2016-07-07,6.99,7.0,7.0,7.0,7.0,0.0,,
2016-07-08,6.99,7.0,7.0,7.0,7.0,0.0,,
2016-07-11,6.99,7.0,7.0,7.0,7.0,800.0,,
2016-07-12,6.99,7.0,7.0,7.0,7.0,265.0,,
2016-07-13,,,,,,,DIVIDEND,0.01
2016-07-14,7.0,7.0,7.0,7.0,7.0,140.0,,
2016-07-15,7.0,7.0,7.0,7.0,7.0,0.0,,
2016-07-18,6.5,6.5,6.5,6.5,6.5,120.0,,
2016-07-19,6.5,6.5,6.5,6.5,6.5,0.0,,
2016-07-20,6.5,6.5,6.5,6.5,6.5,0.0,,
2016-07-21,6.5,6.5,6.5,6.5,6.5,0.0,,
2016-07-22,6.5,6.5,6.5,6.5,6.5,0.0,,
2016-07-25,6.5,6.5,6.5,6.5,6.5,800.0,,
2016-07-26,6.5,6.5,6.5,6.5,6.5,20.0,,
2016-07-27,6.5,6.5,6.5,6.5,6.5,20.0,,
2016-07-28,6.5,6.5,6.5,6.5,6.5,20.0,,
2016-07-29,6.5,6.5,6.5,6.5,6.5,20.0,,
2016-08-01,6.5,6.5,6.5,6.5,6.5,0.0,,
2016-08-02,6.5,6.5,6.5,6.5,6.5,20.0,,
2016-08-03,6.5,6.5,6.5,6.5,6.5,0.0,,
2016-08-04,6.5,6.5,6.5,6.5,6.5,0.0,,
2016-08-05,6.5,6.5,6.5,6.5,6.5,20.0,,
2016-08-08,6.5,6.5,6.5,6.5,6.5,0.0,,
2016-08-09,6.5,6.5,6.5,6.5,6.5,0.0,,
2016-08-10,6.5,6.5,6.5,6.5,6.5,0.0,,
2016-08-11,6.5,6.5,6.5,6.5,6.5,0.0,,
2016-08-12,6.5,6.5,6.5,6.5,6.5,0.0,,
2016-08-15,6.5,6.5,6.5,6.5,6.5,0.0,,
2016-08-16,6.5,6.5,6.5,6.5,6.5,0.0,,
2016-08-17,6.5,6.5,6.5,6.5,6.5,0.0,,
2016-08-18,6.5,6.5,6.5,6.5,6.5,0.0,,
2016-08-19,6.5,6.5,6.5,6.5,6.5,0.0,,
2016-08-22,6.5,6.5,6.5,6.5,6.5,10.0,,
2016-08-23,6.5,6.5,6.5,6.5,6.5,20.0,,
2016-08-24,6.5,6.5,6.5,6.5,6.5,10.0,,
2016-08-25,6.0,6.0,6.0,6.0,6.0,20.0,,
2016-08-26,6.5,6.5,6.5,6.5,6.5,20.0,,
2016-08-29,6.5,6.5,6.5,6.5,6.5,0.0,,
2016-08-30,6.5,6.5,6.5,6.5,6.5,20.0,,
2016-08-31,6.5,6.5,6.5,6.5,6.5,16.0,,
2016-09-01,7.0,7.0,7.0,7.0,7.0,10.0,,
2016-09-02,7.0,7.0,7.0,7.0,7.0,20.0,,
2016-09-05,7.0,7.0,7.0,7.0,7.0,0.0,,
2016-09-06,7.0,7.0,7.0,7.0,7.0,0.0,,
2016-09-07,7.0,7.0,7.0,7.0,7.0,20.0,,
2016-09-08,7.0,7.0,7.0,7.0,7.0,100.0,,
2016-09-09,7.0,7.0,7.0,7.0,7.0,10.0,,
2016-09-12,7.0,7.0,7.0,7.0,7.0,0.0,,
2016-09-13,7.0,7.0,7.0,7.0,7.0,16.0,,
2016-09-14,6.0,6.0,6.0,6.0,6.0,25.0,,
2016-09-15,6.0,6.0,6.0,6.0,6.0,0.0,,
2016-09-16,7.0,7.0,7.0,7.0,7.0,10.0,,
2016-09-19,7.0,7.0,7.0,7.0,7.0,20.0,,
2016-09-20,7.0,7.0,7.0,7.0,7.0,100.0,,
2016-09-21,7.0,7.0,7.0,7.0,7.0,15.0,,
2016-09-22,7.0,7.0,7.0,7.0,7.0,13.0,,
2016-09-23,7.0,7.0,7.0,7.0,7.0,0.0,,
2016-09-26,7.5,7.5,7.5,7.5,7.5,15.0,,
2016-09-27,7.5,7.5,7.5,7.5,7.5,10.0,,
2016-09-28,7.5,7.5,7.5,7.5,7.5,0.0,,
2016-09-29,7.5,7.5,7.5,7.5,7.5,15.0,,
2016-09-30,7.5,7.5,7.5,7.5,7.5,0.0,,
2016-10-03,7.5,7.5,7.5,7.5,7.5,20.0,,
2016-10-04,7.5,7.5,7.5,7.5,7.5,0.0,,
2016-10-05,7.5,7.5,7.5,7.5,7.5,0.0,,
2016-10-06,7.5,7.5,7.5,7.5,7.5,10.0,,
2016-10-07,7.5,7.5,7.5,7.5,7.5,0.0,,
2016-10-10,7.5,7.5,7.5,7.5,7.5,0.0,,
2016-10-11,7.5,7.5,7.5,7.5,7.5,20.0,,
2016-10-12,7.5,7.5,7.5,7.5,7.5,20.0,,
2016-10-13,7.0,7.0,7.0,7.0,7.0,15.0,,
2016-10-14,7.0,7.0,7.0,7.0,7.0,0.0,,
2016-10-17,7.5,7.5,7.5,7.5,7.5,20.0,,
2016-10-18,7.5,7.5,7.5,7.5,7.5,20.0,,
2016-10-19,7.5,7.5,7.5,7.5,7.5,20.0,,
2016-10-20,7.5,7.5,7.5,7.5,7.5,15.0,,
2016-10-21,7.5,7.5,7.5,7.5,7.5,240.0,,
2016-10-24,7.5,7.5,7.5,7.5,7.5,0.0,,
2016-10-25,7.5,7.5,7.5,7.5,7.5,20.0,,
2016-10-26,7.5,7.5,7.5,7.5,7.5,0.0,,
2016-10-27,7.5,7.5,7.5,7.5,7.5,0.0,,
2016-10-28,7.5,7.5,7.5,7.5,7.5,0.0,,
2016-10-31,7.5,7.5,7.5,7.5,7.5,20.0,,
2016-11-01,7.5,7.5,7.5,7.5,7.5,0.0,,
2016-11-02,7.5,7.5,7.5,7.5,7.5,0.0,,
2016-11-03,7.5,7.5,7.5,7.5,7.5,0.0,,
2016-11-04,7.5,7.5,7.5,7.5,7.5,0.0,,
2016-11-07,7.5,7.5,7.5,7.5,7.5,0.0,,
2016-11-08,7.5,7.5,7.5,7.5,7.5,0.0,,
2016-11-09,375.0,375.0,375.0,375.0,375.0,0.0,,
2016-11-10,,,,,,,SPLIT,50.0
2016-11-11,7.5,7.5,7.5,7.5,7.5,0.0,,
2016-11-14,7.5,7.5,7.5,7.5,7.5,7.0,,
2016-11-15,7.5,7.5,7.5,7.5,7.5,50.0,,
2016-11-16,7.5,7.5,7.5,7.5,7.5,30.0,,
2016-11-17,7.5,7.5,7.5,7.5,7.5,30.0,,
2016-11-18,7.5,7.5,7.5,7.5,7.5,30.0,,
2016-11-21,7.5,7.5,7.5,7.5,7.5,30.0,,
2016-11-22,7.5,7.5,7.5,7.5,7.5,0.0,,
2016-11-23,7.5,7.5,7.5,7.5,7.5,20.0,,
2016-11-24,7.49,7.49,7.49,7.49,7.49,30.0,,
2016-11-25,7.49,7.49,7.49,7.49,7.49,0.0,,
2016-11-28,7.49,7.49,7.49,7.49,7.49,25.0,,
2016-11-29,7.49,7.49,7.49,7.49,7.49,20.0,,
2016-11-30,7.49,7.49,7.49,7.49,7.49,0.0,,
2016-12-01,7.49,7.49,7.49,7.49,7.49,26.0,,
2016-12-02,7.49,7.49,7.49,7.49,7.49,30.0,,
2016-12-05,7.49,7.49,7.49,7.49,7.49,0.0,,
2016-12-06,7.49,7.49,7.49,7.49,7.49,0.0,,
2016-12-07,7.49,7.49,7.49,7.49,7.49,0.0,,
2016-12-08,7.49,7.49,7.49,7.49,7.49,30.0,,
2016-12-09,7.49,7.49,7.49,7.49,7.49,0.0,,
2016-12-12,7.49,7.49,7.49,7.49,7.49,20.0,,
2016-12-13,7.49,7.49,7.49,7.49,7.49,25.0,,
2016-12-14,7.49,7.49,7.49,7.49,7.49,30.0,,
2016-12-15,7.49,7.49,7.49,7.49,7.49,0.0,,
2016-12-16,7.49,7.49,7.49,7.49,7.49,0.0,,
2016-12-19,7.49,7.49,7.49,7.49,7.49,30.0,,
2016-12-20,7.49,7.49,7.49,7.49,7.49,0.0,,
2016-12-21,7.5,7.5,7.5,7.5,7.5,200.0,,
2016-12-22,7.5,7.5,7.5,7.5,7.5,200.0,,
2016-12-23,7.5,7.5,7.5,7.5,7.5,20.0,,
2016-12-27,7.5,7.5,7.5,7.5,7.5,30.0,,
2016-12-28,7.5,7.5,7.5,7.5,7.5,0.0,,
2016-12-29,7.4,7.4,7.4,7.4,7.4,100.0,,
2016-12-30,7.4,7.4,7.4,7.4,7.4,0.0,,
2017-01-02,7.5,7.5,7.5,7.5,7.5,1000.0,,
2017-01-03,7.5,7.5,7.5,7.5,7.5,30.0,,
2017-01-04,7.5,7.5,7.5,7.5,7.5,0.0,,
2017-01-05,7.5,7.5,7.5,7.5,7.5,0.0,,
2017-01-06,7.5,7.5,7.5,7.5,7.5,0.0,,
2017-01-09,7.5,7.5,7.5,7.5,7.5,0.0,,
2017-01-10,7.5,7.5,7.5,7.5,7.5,200.0,,
2017-01-11,7.5,7.5,7.5,7.5,7.5,0.0,,
2017-01-12,7.5,7.5,7.5,7.5,7.5,0.0,,
2017-01-13,7.5,7.5,7.5,7.5,7.5,0.0,,
2017-01-16,7.5,7.5,7.5,7.5,7.5,0.0,,
2017-01-17,7.5,7.5,7.5,7.5,7.5,0.0,,
2017-01-18,7.5,7.5,7.5,7.5,7.5,396.0,,
2017-01-19,7.5,7.5,7.5,7.5,7.5,0.0,,
2017-01-20,7.5,7.5,7.5,7.5,7.5,0.0,,
2017-01-23,7.5,7.5,7.5,7.5,7.5,0.0,,
2017-01-24,7.5,7.5,7.5,7.5,7.5,0.0,,
2017-01-25,7.5,7.5,7.5,7.5,7.5,0.0,,
2017-01-26,7.5,7.5,7.5,7.5,7.5,0.0,,
2017-01-27,7.5,7.5,7.5,7.5,7.5,0.0,,
2017-01-30,7.5,7.5,7.5,7.5,7.5,0.0,,
2017-01-31,7.5,7.5,7.5,7.5,7.5,0.0,,
2017-02-01,7.5,7.5,7.5,7.5,7.5,0.0,,
2017-02-02,7.5,7.5,7.5,7.5,7.5,0.0,,
2017-02-03,7.5,7.5,7.5,7.5,7.5,0.0,,
2017-02-06,7.5,7.5,7.5,7.5,7.5,0.0,,
2017-02-07,7.5,7.5,7.5,7.5,7.5,0.0,,
2017-02-08,7.5,7.5,7.5,7.5,7.5,0.0,,
2017-02-09,7.5,7.5,7.5,7.5,7.5,0.0,,
2017-02-10,7.5,7.5,7.5,7.5,7.5,0.0,,
2017-02-13,7.5,7.5,7.5,7.5,7.5,0.0,,
2017-02-14,7.5,7.5,7.5,7.5,7.5,30.0,,
2017-02-15,7.5,7.5,7.5,7.5,7.5,30.0,,
2017-02-16,7.5,7.5,7.5,7.5,7.5,0.0,,
2017-02-17,7.5,7.5,7.5,7.5,7.5,0.0,,
2017-02-20,7.5,7.5,7.5,7.5,7.5,35.0,,
2017-02-21,7.5,7.5,7.5,7.5,7.5,0.0,,
2017-02-22,7.5,7.5,7.5,7.5,7.5,0.0,,
2017-02-23,7.5,7.5,7.5,7.5,7.5,0.0,,
2017-02-24,7.5,7.5,7.5,7.5,7.5,0.0,,
2017-02-27,7.5,7.5,7.5,7.5,7.5,30.0,,
2017-02-28,7.5,7.5,7.5,7.5,7.5,0.0,,
2017-03-01,7.5,7.5,7.5,7.5,7.5,25.0,,
2017-03-02,7.5,7.5,7.5,7.5,7.5,0.0,,
2017-03-03,7.5,7.5,7.5,7.5,7.5,0.0,,
2017-03-06,7.5,7.5,7.5,7.5,7.5,30.0,,
2017-03-07,7.5,7.5,7.5,7.5,7.5,0.0,,
2017-03-08,7.35,7.35,7.35,7.35,7.35,180.0,,
2017-03-09,7.35,7.35,7.35,7.35,7.35,0.0,,
2017-03-10,7.15,7.15,7.15,7.15,7.15,180.0,,
2017-03-13,7.15,7.15,7.15,7.15,7.15,24.0,,
2017-03-14,7.45,7.45,7.45,7.45,7.45,30.0,,
2017-03-15,7.45,7.45,7.45,7.45,7.45,0.0,,
2017-03-16,7.45,7.45,7.45,7.45,7.45,30.0,,
2017-03-17,7.45,7.45,7.45,7.45,7.45,0.0,,
2017-03-20,7.45,7.45,7.45,7.45,7.45,0.0,,
2017-03-21,7.45,7.45,7.45,7.45,7.45,30.0,,
2017-03-22,7.45,7.45,7.45,7.45,7.45,0.0,,
2017-03-23,7.45,7.45,7.45,7.45,7.45,0.0,,
2017-03-24,7.45,7.45,7.45,7.45,7.45,0.0,,
2017-03-27,7.45,7.45,7.45,7.45,7.45,0.0,,
2017-03-28,7.45,7.45,7.45,7.45,7.45,30.0,,
2017-03-29,7.45,7.45,7.45,7.45,7.45,0.0,,
2017-03-30,7.45,7.45,7.45,7.45,7.45,0.0,,
2017-03-31,7.45,7.45,7.45,7.45,7.45,0.0,,
2017-04-03,7.45,7.45,7.45,7.45,7.45,0.0,,
2017-04-04,7.15,7.15,7.15,7.15,7.15,14.0,,
2017-04-05,7.15,7.15,7.15,7.15,7.15,0.0,,
2017-04-06,7.45,7.45,7.45,7.45,7.45,30.0,,
2017-04-07,7.45,7.45,7.45,7.45,7.45,0.0,,
2017-04-10,7.45,7.45,7.45,7.45,7.45,0.0,,
2017-04-11,7.45,7.45,7.45,7.45,7.45,0.0,,
2017-04-12,7.45,7.45,7.45,7.45,7.45,0.0,,
2017-04-13,7.45,7.45,7.45,7.45,7.45,0.0,,
2017-04-18,7.25,7.25,7.45,7.25,7.45,40.0,,
2017-04-19,7.25,7.25,7.25,7.25,7.25,0.0,,
2017-04-20,7.25,7.25,7.25,7.25,7.25,0.0,,
2017-04-21,7.25,7.25,7.25,7.25,7.25,0.0,,
2017-04-24,7.25,7.25,7.25,7.25,7.25,0.0,,
2017-04-25,7.25,7.25,7.25,7.25,7.25,0.0,,
2017-04-26,7.25,7.25,7.25,7.25,7.25,30.0,,
2017-04-27,7.25,7.25,7.25,7.25,7.25,0.0,,
2017-04-28,7.25,7.25,7.25,7.25,7.25,0.0,,
2017-05-02,7.25,7.25,7.25,7.25,7.25,0.0,,
2017-05-03,7.25,7.25,7.25,7.25,7.25,0.0,,
2017-05-04,7.25,7.25,7.25,7.25,7.25,200.0,,
2017-05-05,7.25,7.25,7.25,7.25,7.25,0.0,,
2017-05-08,7.25,7.25,7.25,7.25,7.25,0.0,,
2017-05-09,7.25,7.25,7.25,7.25,7.25,0.0,,
2017-05-10,7.25,7.25,7.25,7.25,7.25,0.0,,
2017-05-11,7.25,7.25,7.25,7.25,7.25,0.0,,
2017-05-12,7.25,7.25,7.25,7.25,7.25,0.0,,
2017-05-15,7.15,7.15,7.15,7.15,7.15,72.0,,
2017-05-16,7.15,7.15,7.15,7.15,7.15,0.0,,
2017-05-17,7.15,7.15,7.15,7.15,7.15,0.0,,
2017-05-18,7.15,7.15,7.15,7.15,7.15,0.0,,
2017-05-19,7.15,7.15,7.15,7.15,7.15,0.0,,
2017-05-22,7.15,7.15,7.15,7.15,7.15,320.0,,
2017-05-23,7.15,7.15,7.15,7.15,7.15,0.0,,
2017-05-24,7.15,7.15,7.15,7.15,7.15,0.0,,
2017-05-25,7.15,7.15,7.15,7.15,7.15,0.0,,
2017-05-26,7.15,7.15,7.15,7.15,7.15,0.0,,
2017-05-29,7.15,7.15,7.15,7.15,7.15,0.0,,
2017-05-30,7.15,7.15,7.15,7.15,7.15,50.0,,
2017-05-31,7.15,7.15,7.15,7.15,7.15,0.0,,
2017-06-01,7.15,7.15,7.15,7.15,7.15,0.0,,
2017-06-02,7.15,7.15,7.15,7.15,7.15,0.0,,
2017-06-05,7.15,7.15,7.15,7.15,7.15,0.0,,
2017-06-06,7.15,7.15,7.15,7.15,7.15,0.0,,
2017-06-07,7.15,7.15,7.15,7.15,7.15,0.0,,
2017-06-08,7.15,7.15,7.15,7.15,7.15,0.0,,
2017-06-09,7.15,7.15,7.15,7.15,7.15,0.0,,
2017-06-12,7.15,7.15,7.15,7.15,7.15,0.0,,
2017-06-13,7.15,7.15,7.15,7.15,7.15,40.0,,
2017-06-14,7.15,7.15,7.15,7.15,7.15,30.0,,
2017-06-15,7.15,7.15,7.15,7.15,7.15,0.0,,
2017-06-16,7.15,7.15,7.15,7.15,7.15,0.0,,
2017-06-19,7.15,7.15,7.15,7.15,7.15,0.0,,
2017-06-20,7.15,7.15,7.15,7.15,7.15,0.0,,
2017-06-21,7.15,7.15,7.15,7.15,7.15,0.0,,
2017-06-22,7.15,7.15,7.15,7.15,7.15,0.0,,
2017-06-23,7.15,7.15,7.15,7.15,7.15,0.0,,
2017-06-26,7.15,7.15,7.15,7.15,7.15,0.0,,
2017-06-27,7.15,7.15,7.15,7.15,7.15,40.0,,
2017-06-28,7.15,7.15,7.15,7.15,7.15,0.0,,
2017-06-29,7.15,7.15,7.15,7.15,7.15,35.0,,
2017-06-30,7.15,7.15,7.15,7.15,7.15,60.0,,
2017-07-03,7.15,7.15,7.15,7.15,7.15,0.0,,
2017-07-04,7.15,7.15,7.15,7.15,7.15,0.0,,
2017-07-05,7.15,7.15,7.15,7.15,7.15,0.0,,
2017-07-06,7.15,7.15,7.15,7.15,7.15,0.0,,
2017-07-07,7.15,7.15,7.15,7.15,7.15,0.0,,
2017-07-10,7.25,7.25,7.25,7.25,7.25,40.0,,
2017-07-11,7.25,7.25,7.25,7.25,7.25,0.0,,
2017-07-12,7.25,7.25,7.25,7.25,7.25,0.0,,
2017-07-13,7.25,7.25,7.25,7.25,7.25,0.0,,
2017-07-14,7.25,7.25,7.25,7.25,7.25,0.0,,
2017-07-17,7.25,7.25,7.25,7.25,7.25,0.0,,
2017-07-18,7.25,7.25,7.25,7.25,7.25,0.0,,
2017-07-19,7.25,7.25,7.25,7.25,7.25,0.0,,
2017-07-20,7.25,7.25,7.25,7.25,7.25,0.0,,
2017-07-21,7.25,7.25,7.25,7.25,7.25,0.0,,
2017-07-24,7.25,7.25,7.25,7.25,7.25,0.0,,
2017-07-25,,,,,,,,
2017-07-26,7.25,7.25,7.25,7.25,7.25,0.0,,
2017-07-27,7.25,7.25,7.25,7.25,7.25,0.0,,
2017-07-28,7.25,7.25,7.25,7.25,7.25,0.0,,
2017-07-31,7.25,7.25,7.25,7.25,7.25,0.0,,
2017-08-01,7.25,7.25,7.25,7.25,7.25,0.0,,
2017-08-02,7.25,7.25,7.25,7.25,7.25,0.0,,
2017-08-03,7.25,7.25,7.25,7.25,7.25,40.0,,
2017-08-04,7.25,7.25,7.25,7.25,7.25,0.0,,
2017-08-07,7.25,7.25,7.25,7.25,7.25,0.0,,
2017-08-08,7.25,7.25,7.25,7.25,7.25,0.0,,
2017-08-09,7.25,7.25,7.25,7.25,7.25,60.0,,
2017-08-10,7.25,7.25,7.25,7.25,7.25,60.0,,
2017-08-11,7.25,7.25,7.25,7.25,7.25,0.0,,
2017-08-14,7.25,7.25,7.25,7.25,7.25,0.0,,
2017-08-15,7.25,7.25,7.25,7.25,7.25,0.0,,
2017-08-16,7.25,7.25,7.25,7.25,7.25,50.0,,
2017-08-17,7.25,7.25,7.25,7.25,7.25,0.0,,
2017-08-18,7.25,7.25,7.25,7.25,7.25,0.0,,
2017-08-21,7.25,7.25,7.25,7.25,7.25,0.0,,
2017-08-22,7.25,7.25,7.25,7.25,7.25,0.0,,
2017-08-23,7.25,7.25,7.25,7.25,7.25,60.0,,
2017-08-24,7.25,7.25,7.25,7.25,7.25,0.0,,
2017-08-25,7.25,7.25,7.25,7.25,7.25,80.0,,
2017-08-28,7.25,7.25,7.25,7.25,7.25,0.0,,
2017-08-29,7.25,7.25,7.25,7.25,7.25,0.0,,
2017-08-30,7.25,7.25,7.25,7.25,7.25,0.0,,
2017-08-31,7.25,7.25,7.25,7.25,7.25,0.0,,
2017-09-01,7.25,7.25,7.25,7.25,7.25,60.0,,
2017-09-04,7.25,7.25,7.25,7.25,7.25,0.0,,
2017-09-05,7.25,7.25,7.25,7.25,7.25,0.0,,
2017-09-06,7.25,7.25,7.25,7.25,7.25,0.0,,
2017-09-07,7.25,7.25,7.25,7.25,7.25,0.0,,
2017-09-08,7.25,7.25,7.25,7.25,7.25,0.0,,
2017-09-11,7.25,7.25,7.25,7.25,7.25,60.0,,
2017-09-12,7.25,7.25,7.25,7.25,7.25,50.0,,
2017-09-13,7.25,7.25,7.25,7.25,7.25,0.0,,
2017-09-14,7.25,7.25,7.25,7.25,7.25,0.0,,
2017-09-15,7.25,7.25,7.25,7.25,7.25,0.0,,
2017-09-18,7.25,7.25,7.25,7.25,7.25,0.0,,
2017-09-19,7.25,7.25,7.25,7.25,7.25,60.0,,
2017-09-20,7.25,7.25,7.25,7.25,7.25,0.0,,
2017-09-21,7.25,7.25,7.25,7.25,7.25,0.0,,
2017-09-22,7.25,7.25,7.25,7.25,7.25,0.0,,
2017-09-25,7.25,7.25,7.25,7.25,7.25,60.0,,
2017-09-26,7.25,7.25,7.25,7.25,7.25,0.0,,
2017-09-27,7.25,7.25,7.25,7.25,7.25,60.0,,
2017-09-28,7.25,7.25,7.25,7.25,7.25,0.0,,
2017-09-29,7.25,7.25,7.25,7.25,7.25,40.0,,
2017-10-02,7.05,7.05,7.05,7.05,7.05,100.0,,
2017-10-03,7.05,7.05,7.05,7.05,7.05,0.0,,
2017-10-04,7.05,7.05,7.05,7.05,7.05,0.0,,
2017-10-05,,,,,,,,
2017-10-06,7.05,7.05,7.05,7.05,7.05,0.0,,
2017-10-09,7.05,7.05,7.05,7.05,7.05,0.0,,
2017-10-10,7.05,7.05,7.05,7.05,7.05,0.0,,
2017-10-11,7.05,7.05,7.05,7.05,7.05,0.0,,
2017-10-12,7.05,7.05,7.05,7.05,7.05,0.0,,
2017-10-13,7.05,7.05,7.05,7.05,7.05,70.0,,
2017-10-16,7.05,7.05,7.05,7.05,7.05,40.0,,
2017-10-17,7.05,7.05,7.05,7.05,7.05,0.0,,
2017-10-18,7.05,7.05,7.05,7.05,7.05,80.0,,
2017-10-19,7.05,7.05,7.05,7.05,7.05,0.0,,
2017-10-20,7.05,7.05,7.05,7.05,7.05,50.0,,
2017-10-23,7.05,7.05,7.05,7.05,7.05,60.0,,
2017-10-24,7.15,7.15,7.15,7.15,7.15,40.0,,
2017-10-25,7.15,7.15,7.15,7.15,7.15,0.0,,
2017-10-26,7.15,7.15,7.15,7.15,7.15,0.0,,
2017-10-27,7.15,7.15,7.15,7.15,7.15,0.0,,
2017-10-30,7.05,7.05,7.05,7.05,7.05,60.0,,
2017-10-31,7.05,7.05,7.05,7.05,7.05,60.0,,
2017-11-01,7.05,7.05,7.05,7.05,7.05,0.0,,
2017-11-02,7.05,7.05,7.05,7.05,7.05,0.0,,
2017-11-03,7.05,7.05,7.05,7.05,7.05,115.0,,
2017-11-06,7.05,7.05,7.05,7.05,7.05,60.0,,
2017-11-07,7.05,7.05,7.05,7.05,7.05,0.0,,
2017-11-08,7.05,7.05,7.05,7.05,7.05,0.0,,
2017-11-09,7.05,7.05,7.05,7.05,7.05,50.0,,
2017-11-10,7.05,7.05,7.05,7.05,7.05,0.0,,
2017-11-13,7.05,7.05,7.05,7.05,7.05,60.0,,
2017-11-14,7.05,7.05,7.05,7.05,7.05,0.0,,
2017-11-15,7.05,7.05,7.05,7.05,7.05,160.0,,
2017-11-16,7.05,7.05,7.05,7.05,7.05,0.0,,
2017-11-17,7.05,7.05,7.05,7.05,7.05,70.0,,
2017-11-20,7.05,7.05,7.05,7.05,7.05,60.0,,
2017-11-21,7.05,7.05,7.05,7.05,7.05,0.0,,
2017-11-22,7.05,7.05,7.05,7.05,7.05,0.0,,
2017-11-23,7.05,7.05,7.05,7.05,7.05,0.0,,
2017-11-24,7.05,7.05,7.05,7.05,7.05,0.0,,
2017-11-27,7.05,7.05,7.05,7.05,7.05,0.0,,
2017-11-28,7.05,7.05,7.05,7.05,7.05,0.0,,
2017-11-29,7.05,7.05,7.05,7.05,7.05,0.0,,
2017-11-30,7.05,7.05,7.05,7.05,7.05,0.0,,
2017-12-01,7.05,7.05,7.05,7.05,7.05,0.0,,
2017-12-04,7.05,7.05,7.05,7.05,7.05,0.0,,
2017-12-05,,,,,,,,
2017-12-06,,,,,,,,
2017-12-07,,,,,,,,
2017-12-08,,,,,,,,
2017-12-11,5.2,5.2,5.2,5.2,5.2,0.0,,
2017-12-12,5.2,5.2,5.2,5.2,5.2,0.0,,
2017-12-13,5.2,5.2,5.2,5.2,5.2,0.0,,
2017-12-14,5.2,5.2,5.2,5.2,5.2,0.0,,
2017-12-15,5.2,5.2,5.2,5.2,5.2,0.0,,
2017-12-18,5.2,5.2,5.2,5.2,5.2,0.0,,
2017-12-19,5.2,5.2,5.2,5.2,5.2,0.0,,
2017-12-20,5.2,5.2,5.2,5.2,5.2,0.0,,
2017-12-21,,,,,,,,
2017-12-22,5.6,5.6,5.6,5.6,5.6,0.0,,
2017-12-27,5.6,5.6,5.6,5.6,5.6,0.0,,
2017-12-28,5.6,5.6,5.6,5.6,5.6,0.0,,
