Date,Close,High,Low,Open,Symbol,Volume
2015-02-06,20.35,20.8,19.88,20.0,XAMS:GVNV,13295927
2015-02-09,20.07,20.37,19.95,20.37,XAMS:GVNV,2204841
2015-02-10,20.0,20.18,19.95,20.07,XAMS:GVNV,1198395
2015-02-11,20.15,20.195,19.97,20.01,XAMS:GVNV,520406
2015-02-12,20.115,20.39,20.05,20.05,XAMS:GVNV,465338
2015-02-13,19.865,20.29,19.84,20.105,XAMS:GVNV,785212
2015-02-16,19.88,19.99,19.81,19.99,XAMS:GVNV,303662
2015-02-17,19.75,19.9,19.62,19.88,XAMS:GVNV,541749
2015-02-18,19.82,19.875,19.75,19.76,XAMS:GVNV,439947
2015-02-19,19.86,19.9,19.75,19.8,XAMS:GVNV,320061
2015-02-20,20.35,20.5,19.825,19.89,XAMS:GVNV,228742
2015-02-23,20.25,20.43,20.1,20.205,XAMS:GVNV,324847
2015-02-24,20.24,20.245,20.055,20.055,XAMS:GVNV,226688
2015-02-25,20.275,20.275,20.075,20.21,XAMS:GVNV,241121
2015-02-26,20.135,20.29,20.075,20.25,XAMS:GVNV,185520
2015-02-27,20.415,20.415,20.065,20.2,XAMS:GVNV,323463
2015-03-02,20.36,20.45,20.2,20.35,XAMS:GVNV,102429
2015-03-03,20.4,20.435,20.23,20.4,XAMS:GVNV,140281
2015-03-04,20.425,20.425,20.305,20.4,XAMS:GVNV,112202
2015-03-05,20.55,20.6,20.27,20.45,XAMS:GVNV,178163
2015-03-06,21.375,21.4,20.49,20.55,XAMS:GVNV,445056
2015-03-09,21.16,21.5,20.85,21.35,XAMS:GVNV,215706
2015-03-10,21.45,21.49,21.05,21.32,XAMS:GVNV,207663
2015-03-11,21.34,21.565,21.275,21.45,XAMS:GVNV,147800
2015-03-12,21.28,21.4,20.855,21.36,XAMS:GVNV,143040
2015-03-13,21.515,21.545,21.215,21.275,XAMS:GVNV,116130
2015-03-16,22.16,22.2,21.44,21.6,XAMS:GVNV,505775
2015-03-17,22.5,22.55,21.91,22.0,XAMS:GVNV,335487
2015-03-18,22.03,22.6,21.86,22.55,XAMS:GVNV,326525
2015-03-19,22.04,22.1,21.8,22.0,XAMS:GVNV,297230
2015-03-20,22.135,22.25,22.0,22.05,XAMS:GVNV,236917
2015-03-23,22.42,22.5,22.31,22.49,XAMS:GVNV,534603
2015-03-24,22.34,22.5,22.31,22.49,XAMS:GVNV,490477
2015-03-25,21.905,22.39,21.15,22.39,XAMS:GVNV,524598
2015-03-26,21.48,21.82,21.25,21.82,XAMS:GVNV,256656
2015-03-27,21.3,21.86,21.05,21.85,XAMS:GVNV,225562
2015-03-30,21.62,21.8,21.405,21.5,XAMS:GVNV,200924
2015-03-31,21.895,21.895,21.35,21.7,XAMS:GVNV,364518
2015-04-01,21.94,22.285,21.755,21.855,XAMS:GVNV,230560
2015-04-02,21.52,22.0,21.32,22.0,XAMS:GVNV,136856
2015-04-03,21.52,21.52,21.52,21.52,XAMS:GVNV,0
2015-04-06,21.52,21.52,21.52,21.52,XAMS:GVNV,0
2015-04-07,21.915,21.95,21.355,21.62,XAMS:GVNV,195813
2015-04-08,21.835,22.05,21.705,21.95,XAMS:GVNV,226710
2015-04-09,21.95,22.0,21.725,21.94,XAMS:GVNV,133607
2015-04-10,21.895,22.35,21.815,22.095,XAMS:GVNV,658792
2015-04-13,22.0,22.085,21.91,22.0,XAMS:GVNV,331486
2015-04-14,21.75,22.1,21.69,22.0,XAMS:GVNV,408018
2015-04-15,22.28,22.35,21.9,21.97,XAMS:GVNV,129977
2015-04-16,22.5,22.94,22.415,22.42,XAMS:GVNV,544014
2015-04-17,22.11,22.55,22.0,22.475,XAMS:GVNV,236635
2015-04-20,22.4,22.59,22.115,22.33,XAMS:GVNV,177087
2015-04-21,22.495,22.6,22.3,22.42,XAMS:GVNV,97110
2015-04-22,23.29,23.49,22.45,22.59,XAMS:GVNV,216509
2015-04-23,23.235,23.465,22.965,23.31,XAMS:GVNV,156876
2015-04-24,23.17,23.31,23.025,23.31,XAMS:GVNV,50780
2015-04-27,23.315,23.44,23.12,23.17,XAMS:GVNV,65791
2015-04-28,23.2,23.35,22.905,23.35,XAMS:GVNV,174084
2015-04-29,23.2,23.55,22.8,23.405,XAMS:GVNV,118261
2015-04-30,23.06,23.35,22.82,23.34,XAMS:GVNV,114707
2015-05-01,23.06,23.06,23.06,23.06,XAMS:GVNV,0
2015-05-04,23.605,23.79,23.23,23.39,XAMS:GVNV,283833
2015-05-05,23.66,24.85,23.235,23.69,XAMS:GVNV,277399
2015-05-06,23.44,23.8,23.2,23.75,XAMS:GVNV,198055
2015-05-07,22.795,23.4,22.0,23.4,XAMS:GVNV,389335
2015-05-08,23.365,23.94,23.21,23.25,XAMS:GVNV,253910
2015-05-11,23.265,23.6,23.265,23.58,XAMS:GVNV,145185
2015-05-12,23.0,23.25,22.845,23.25,XAMS:GVNV,173224
2015-05-13,22.995,23.1,22.85,23.075,XAMS:GVNV,203485
2015-05-14,22.855,23.01,22.855,23.01,XAMS:GVNV,41270
2015-05-15,22.715,22.96,22.64,22.805,XAMS:GVNV,118729
2015-05-18,22.45,22.8,22.05,22.8,XAMS:GVNV,221239
2015-05-19,22.585,22.7,22.345,22.6,XAMS:GVNV,284019
2015-05-20,22.85,23.0,22.44,22.77,XAMS:GVNV,112771
2015-05-21,22.775,22.955,22.655,22.7,XAMS:GVNV,123592
2015-05-22,22.69,22.975,22.4,22.8,XAMS:GVNV,281284
2015-05-25,23.01,23.17,22.75,22.85,XAMS:GVNV,158068
2015-05-26,22.92,23.415,22.725,22.97,XAMS:GVNV,482790
2015-05-27,23.45,23.53,22.87,22.95,XAMS:GVNV,178778
2015-05-28,23.57,23.6,23.25,23.4,XAMS:GVNV,171381
2015-05-29,22.755,23.555,22.71,23.555,XAMS:GVNV,225924
2015-06-01,22.86,22.99,22.61,22.99,XAMS:GVNV,275138
2015-06-02,23.34,23.35,22.67,22.97,XAMS:GVNV,221830
2015-06-03,23.49,23.55,23.0,23.33,XAMS:GVNV,364389
2015-06-04,23.98,24.07,23.21,23.54,XAMS:GVNV,237989
2015-06-05,23.34,23.965,23.1,23.91,XAMS:GVNV,316151
2015-06-08,22.745,23.34,22.67,23.34,XAMS:GVNV,135211
2015-06-09,22.8,23.19,22.475,22.65,XAMS:GVNV,168645
2015-06-10,22.705,23.1,22.645,22.94,XAMS:GVNV,106174
2015-06-11,22.445,22.95,22.35,22.85,XAMS:GVNV,141513
2015-06-12,22.335,22.6,22.245,22.6,XAMS:GVNV,151996
2015-06-15,22.2,22.55,22.1,22.33,XAMS:GVNV,192702
2015-06-16,22.12,22.275,22.05,22.275,XAMS:GVNV,180094
2015-06-17,21.5,22.335,21.5,22.2,XAMS:GVNV,213195
2015-06-18,21.7,21.75,20.96,21.5,XAMS:GVNV,198110
2015-06-19,21.95,23.0,21.82,21.85,XAMS:GVNV,1436539
2015-06-22,22.365,22.685,22.08,22.5,XAMS:GVNV,105952
2015-06-23,22.545,22.595,22.125,22.48,XAMS:GVNV,107946
2015-06-24,22.705,22.785,22.415,22.435,XAMS:GVNV,131458
2015-06-25,22.8,22.975,22.51,22.7,XAMS:GVNV,120831
2015-06-26,22.855,22.98,22.73,22.8,XAMS:GVNV,163070
2015-06-29,22.165,22.615,21.75,22.195,XAMS:GVNV,133677
2015-06-30,22.16,22.33,21.81,22.135,XAMS:GVNV,176930
2015-07-01,22.835,22.9,22.24,22.355,XAMS:GVNV,174782
2015-07-02,22.55,23.0,22.51,22.8,XAMS:GVNV,120027
2015-07-03,22.325,22.615,22.25,22.56,XAMS:GVNV,54817
2015-07-06,22.69,22.73,22.04,22.05,XAMS:GVNV,85789
2015-07-07,22.58,22.69,22.355,22.69,XAMS:GVNV,79440
2015-07-08,21.9,22.55,21.82,22.55,XAMS:GVNV,71395
2015-07-09,22.25,22.25,21.84,21.84,XAMS:GVNV,80696
2015-07-10,22.02,22.63,22.02,22.63,XAMS:GVNV,202219
2015-07-13,22.39,22.57,22.06,22.19,XAMS:GVNV,73863
2015-07-14,22.58,22.6,22.155,22.44,XAMS:GVNV,74725
2015-07-15,22.64,22.67,22.39,22.67,XAMS:GVNV,53724
2015-07-16,22.915,23.0,22.635,22.65,XAMS:GVNV,80742
2015-07-17,22.85,22.98,22.635,22.98,XAMS:GVNV,66931
2015-07-20,22.825,23.1,22.405,22.815,XAMS:GVNV,219923
2015-07-21,22.54,22.82,22.51,22.8,XAMS:GVNV,118833
2015-07-22,22.4,22.735,22.4,22.52,XAMS:GVNV,34774
2015-07-23,22.43,22.75,22.355,22.75,XAMS:GVNV,266366
2015-07-24,22.04,22.5,22.02,22.485,XAMS:GVNV,122355
2015-07-27,21.865,22.245,21.8,22.095,XAMS:GVNV,57577
2015-07-28,22.17,22.375,22.0,22.065,XAMS:GVNV,111635
2015-07-29,22.075,22.27,21.8,22.27,XAMS:GVNV,50433
2015-07-30,22.0,22.14,21.945,22.14,XAMS:GVNV,181048
2015-07-31,22.25,22.38,21.905,22.0,XAMS:GVNV,314712
2015-08-03,22.25,22.45,22.135,22.135,XAMS:GVNV,52212
2015-08-04,22.2,22.3,22.16,22.2,XAMS:GVNV,50500
2015-08-05,22.15,22.325,22.1,22.23,XAMS:GVNV,79244
2015-08-06,22.0,22.195,21.91,22.17,XAMS:GVNV,84888
2015-08-07,21.85,22.05,21.8,22.0,XAMS:GVNV,83832
2015-08-10,21.86,22.3,21.72,22.3,XAMS:GVNV,73778
2015-08-11,21.9,22.245,21.7,21.98,XAMS:GVNV,140275
2015-08-12,21.85,21.975,21.5,21.8,XAMS:GVNV,196929
2015-08-13,22.175,22.235,21.87,21.99,XAMS:GVNV,185112
2015-08-14,22.05,22.25,21.935,22.25,XAMS:GVNV,85315
2015-08-17,22.03,22.205,21.535,22.025,XAMS:GVNV,123725
2015-08-18,22.005,22.1,21.855,22.0,XAMS:GVNV,60097
2015-08-19,21.99,22.24,21.91,22.07,XAMS:GVNV,142150
2015-08-20,22.925,23.1,22.285,22.5,XAMS:GVNV,491634
2015-08-21,23.15,23.4,22.5,22.635,XAMS:GVNV,233148
2015-08-24,22.155,22.695,21.455,22.51,XAMS:GVNV,444172
2015-08-25,22.865,23.4,22.33,22.37,XAMS:GVNV,415977
2015-08-26,22.605,23.0,22.35,22.845,XAMS:GVNV,137656
2015-08-27,22.87,22.995,22.66,22.995,XAMS:GVNV,138797
2015-08-28,22.705,22.99,22.6,22.97,XAMS:GVNV,193761
2015-08-31,22.755,22.845,22.6,22.845,XAMS:GVNV,48425
2015-09-01,22.425,22.71,22.335,22.63,XAMS:GVNV,71849
2015-09-02,22.26,22.635,22.065,22.63,XAMS:GVNV,58380
2015-09-03,22.68,22.82,22.3,22.3,XAMS:GVNV,114364
2015-09-04,22.74,22.8,22.46,22.52,XAMS:GVNV,44555
2015-09-07,22.78,22.885,22.55,22.85,XAMS:GVNV,103159
2015-09-08,22.645,22.94,22.62,22.785,XAMS:GVNV,79912
2015-09-09,22.885,23.19,22.7,22.9,XAMS:GVNV,143194
2015-09-10,22.76,22.94,22.66,22.825,XAMS:GVNV,32683
2015-09-11,22.725,22.91,22.63,22.91,XAMS:GVNV,93401
2015-09-14,22.77,22.89,22.33,22.67,XAMS:GVNV,75308
2015-09-15,22.7,23.05,22.525,22.945,XAMS:GVNV,76199
2015-09-16,22.68,22.9,22.65,22.9,XAMS:GVNV,58090
2015-09-17,22.385,22.755,22.26,22.75,XAMS:GVNV,62231
2015-09-18,22.415,22.48,22.25,22.25,XAMS:GVNV,48851
2015-09-21,22.265,22.735,22.205,22.555,XAMS:GVNV,46721
2015-09-22,21.98,22.3,21.67,22.3,XAMS:GVNV,522238
2015-09-23,22.82,22.89,21.81,21.81,XAMS:GVNV,270768
2015-09-24,22.775,22.835,22.545,22.835,XAMS:GVNV,110062
2015-09-25,23.38,23.75,22.865,22.9,XAMS:GVNV,181391
2015-09-28,23.07,23.5,23.015,23.45,XAMS:GVNV,209293
2015-09-29,23.185,23.25,22.825,22.825,XAMS:GVNV,169738
2015-09-30,22.93,23.48,22.86,23.48,XAMS:GVNV,59419
2015-10-01,23.395,23.67,22.975,22.975,XAMS:GVNV,165063
2015-10-02,23.15,23.6,23.05,23.6,XAMS:GVNV,150370
2015-10-05,23.48,23.51,23.29,23.49,XAMS:GVNV,325321
2015-10-06,24.11,24.355,23.44,23.5,XAMS:GVNV,234587
2015-10-07,23.665,24.34,23.645,24.19,XAMS:GVNV,271528
2015-10-08,23.525,23.76,23.375,23.68,XAMS:GVNV,74085
2015-10-09,23.6,23.84,23.5,23.6,XAMS:GVNV,126055
2015-10-12,23.31,23.86,23.12,23.8,XAMS:GVNV,414135
2015-10-13,23.79,23.83,23.2,23.405,XAMS:GVNV,332384
2015-10-14,23.49,23.82,23.235,23.76,XAMS:GVNV,209871
2015-10-15,23.52,23.585,23.325,23.505,XAMS:GVNV,142901
2015-10-16,23.69,23.825,23.455,23.61,XAMS:GVNV,112762
2015-10-19,24.355,24.49,23.67,23.67,XAMS:GVNV,146586
2015-10-20,24.48,24.63,24.29,24.4,XAMS:GVNV,228214
2015-10-21,24.695,24.71,24.26,24.63,XAMS:GVNV,89005
2015-10-22,24.61,24.83,24.42,24.53,XAMS:GVNV,135760
2015-10-23,25.335,25.385,24.61,24.665,XAMS:GVNV,148911
2015-10-26,25.34,25.4,25.115,25.345,XAMS:GVNV,137687
2015-10-27,25.08,25.435,25.055,25.3,XAMS:GVNV,78224
2015-10-28,25.05,25.24,24.965,25.15,XAMS:GVNV,103935
2015-10-29,25.23,25.29,25.05,25.05,XAMS:GVNV,78335
2015-10-30,25.145,25.3,24.89,25.29,XAMS:GVNV,97195
2015-11-02,24.865,25.275,24.83,24.985,XAMS:GVNV,97053
2015-11-03,25.1,25.1,24.75,24.825,XAMS:GVNV,96129
2015-11-04,24.895,25.19,24.74,25.105,XAMS:GVNV,81697
2015-11-05,25.225,25.3,24.775,24.855,XAMS:GVNV,103393
2015-11-06,25.48,25.64,25.22,25.22,XAMS:GVNV,141644
2015-11-09,25.28,25.545,25.185,25.545,XAMS:GVNV,130717
2015-11-10,25.31,25.66,25.025,25.2,XAMS:GVNV,269586
2015-11-11,25.38,25.55,25.15,25.275,XAMS:GVNV,200064
2015-11-12,25.28,25.48,25.17,25.475,XAMS:GVNV,94089
2015-11-13,25.155,25.3,25.02,25.28,XAMS:GVNV,96266
2015-11-16,25.13,25.18,24.945,25.0,XAMS:GVNV,85124
2015-11-17,25.295,25.35,25.03,25.21,XAMS:GVNV,88864
2015-11-18,25.33,25.35,25.11,25.295,XAMS:GVNV,95188
2015-11-19,25.44,25.485,25.31,25.435,XAMS:GVNV,66703
2015-11-20,25.3,25.35,25.135,25.25,XAMS:GVNV,101530
2015-11-23,25.27,25.4,25.205,25.205,XAMS:GVNV,71089
2015-11-24,25.29,25.4,25.15,25.35,XAMS:GVNV,60086
2015-11-25,25.42,25.435,25.16,25.16,XAMS:GVNV,149948
2015-11-26,25.595,25.9,25.5,25.56,XAMS:GVNV,215054
2015-11-27,25.575,25.68,25.43,25.67,XAMS:GVNV,90631
2015-11-30,25.74,25.79,25.5,25.68,XAMS:GVNV,112870
2015-12-01,26.045,26.105,25.715,25.81,XAMS:GVNV,149254
2015-12-02,26.05,26.1,25.88,26.1,XAMS:GVNV,45760
2015-12-03,25.905,26.27,25.755,25.9,XAMS:GVNV,155513
2015-12-04,25.78,25.895,25.605,25.89,XAMS:GVNV,49385
2015-12-07,26.25,26.37,25.845,25.94,XAMS:GVNV,80013
2015-12-08,25.7,26.25,25.645,26.25,XAMS:GVNV,102108
2015-12-09,26.5,26.62,25.92,25.92,XAMS:GVNV,213938
2015-12-10,26.5,26.62,26.27,26.585,XAMS:GVNV,86617
2015-12-11,26.08,26.62,26.0,26.62,XAMS:GVNV,118350
2015-12-14,25.36,26.25,25.165,26.135,XAMS:GVNV,204365
2015-12-15,25.35,25.6,25.02,25.53,XAMS:GVNV,148249
2015-12-16,25.68,25.945,25.1,25.25,XAMS:GVNV,180071
2015-12-17,26.235,26.405,25.96,26.08,XAMS:GVNV,104121
2015-12-18,26.655,26.655,26.0,26.165,XAMS:GVNV,145478
2015-12-21,26.5,26.745,26.455,26.695,XAMS:GVNV,171145
2015-12-22,26.75,26.85,26.575,26.68,XAMS:GVNV,197962
2015-12-23,27.25,27.42,26.8,26.83,XAMS:GVNV,244046
2015-12-24,27.245,27.44,27.18,27.18,XAMS:GVNV,18389
2015-12-25,27.245,27.245,27.245,27.245,XAMS:GVNV,0
2015-12-28,27.25,27.395,27.1,27.1,XAMS:GVNV,84350
2015-12-29,27.675,27.69,27.26,27.37,XAMS:GVNV,55110
2015-12-30,27.645,27.75,27.49,27.585,XAMS:GVNV,90618
2015-12-31,27.66,27.735,27.54,27.6,XAMS:GVNV,13233
2016-01-01,27.66,27.66,27.66,27.66,XAMS:GVNV,0
2016-01-04,27.51,27.55,27.13,27.5,XAMS:GVNV,152080
2016-01-05,27.525,27.8,27.5,27.58,XAMS:GVNV,245722
2016-01-06,26.76,27.57,26.665,27.57,XAMS:GVNV,167087
2016-01-07,26.25,26.49,26.0,26.26,XAMS:GVNV,154425
2016-01-08,26.135,26.48,26.135,26.345,XAMS:GVNV,81482
2016-01-11,25.96,26.205,25.81,26.15,XAMS:GVNV,86868
2016-01-12,26.78,26.94,25.905,26.0,XAMS:GVNV,201954
2016-01-13,26.36,27.08,26.33,26.83,XAMS:GVNV,452516
2016-01-14,25.75,26.17,25.525,26.165,XAMS:GVNV,215527
2016-01-15,25.44,26.135,25.11,25.65,XAMS:GVNV,124441
2016-01-18,25.305,25.575,25.06,25.36,XAMS:GVNV,97155
2016-01-19,25.7,25.83,25.28,25.48,XAMS:GVNV,102286
2016-01-20,24.815,25.45,24.675,25.41,XAMS:GVNV,115824
2016-01-21,24.13,24.53,23.2,24.355,XAMS:GVNV,483034
2016-01-22,25.27,25.39,24.32,24.32,XAMS:GVNV,303625
2016-01-25,24.95,25.39,24.875,25.335,XAMS:GVNV,120620
2016-01-26,25.025,25.08,24.625,24.86,XAMS:GVNV,212418
2016-01-27,25.35,25.37,24.9,25.01,XAMS:GVNV,300527
2016-01-28,24.89,25.3,24.7,25.26,XAMS:GVNV,104443
2016-01-29,25.7,25.7,24.99,25.1,XAMS:GVNV,127789
2016-02-01,26.07,26.14,25.48,25.785,XAMS:GVNV,181668
2016-02-02,26.115,26.135,26.0,26.12,XAMS:GVNV,47277
2016-02-03,26.145,26.155,25.815,25.92,XAMS:GVNV,102011
2016-02-04,26.25,26.45,26.155,26.31,XAMS:GVNV,442430
2016-02-05,26.05,26.45,26.015,26.18,XAMS:GVNV,250931
2016-02-08,24.225,26.08,24.06,25.95,XAMS:GVNV,325416
2016-02-09,23.98,24.33,23.32,24.075,XAMS:GVNV,178545
2016-02-10,24.21,24.745,23.855,24.265,XAMS:GVNV,153433
2016-02-11,23.68,24.045,23.455,24.02,XAMS:GVNV,131299
2016-02-12,24.15,24.155,23.61,23.835,XAMS:GVNV,82042
2016-02-15,24.725,24.885,24.37,24.42,XAMS:GVNV,110996
2016-02-16,24.665,24.925,24.52,24.82,XAMS:GVNV,48577
2016-02-17,25.0,25.09,24.655,24.655,XAMS:GVNV,48434
2016-02-18,25.015,25.2,24.91,25.2,XAMS:GVNV,52704
2016-02-19,25.44,25.44,24.965,25.0,XAMS:GVNV,74548
2016-02-22,25.655,25.795,25.29,25.57,XAMS:GVNV,67299
2016-02-23,25.385,25.765,25.385,25.44,XAMS:GVNV,49319
2016-02-24,25.585,25.585,25.125,25.3,XAMS:GVNV,48585
2016-02-25,26.22,26.26,25.705,25.705,XAMS:GVNV,91442
2016-02-26,26.42,26.655,26.25,26.25,XAMS:GVNV,180751
2016-02-29,26.26,26.395,25.955,26.22,XAMS:GVNV,59153
2016-03-01,26.28,26.48,26.05,26.31,XAMS:GVNV,43186
2016-03-02,26.25,26.47,26.11,26.3,XAMS:GVNV,41865
2016-03-03,25.5,26.295,25.415,26.295,XAMS:GVNV,86540
2016-03-04,25.57,25.675,25.41,25.485,XAMS:GVNV,75445
2016-03-07,25.28,25.505,25.16,25.445,XAMS:GVNV,85150
2016-03-08,25.21,25.305,24.945,25.08,XAMS:GVNV,89899
2016-03-09,25.385,25.48,25.03,25.3,XAMS:GVNV,51350
2016-03-10,24.67,25.515,24.66,25.49,XAMS:GVNV,83661
2016-03-11,24.94,25.21,24.705,24.96,XAMS:GVNV,44556
2016-03-14,26.1,26.1,24.965,25.01,XAMS:GVNV,77189
2016-03-15,26.025,26.18,25.755,26.18,XAMS:GVNV,76618
2016-03-16,24.805,25.2,24.51,24.7,XAMS:GVNV,338000
2016-03-17,24.98,25.155,24.685,25.0,XAMS:GVNV,119050
2016-03-18,25.17,25.36,24.76,24.92,XAMS:GVNV,272426
2016-03-21,24.75,25.195,24.6,25.195,XAMS:GVNV,269665
2016-03-22,24.55,24.795,24.425,24.7,XAMS:GVNV,305516
2016-03-23,24.405,24.76,24.38,24.57,XAMS:GVNV,100167
2016-03-24,24.3,24.455,24.23,24.35,XAMS:GVNV,98393
2016-03-25,24.3,24.3,24.3,24.3,XAMS:GVNV,0
2016-03-28,24.3,24.3,24.3,24.3,XAMS:GVNV,0
2016-03-29,24.5,24.64,24.24,24.3,XAMS:GVNV,92284
2016-03-30,25.225,25.23,24.435,24.575,XAMS:GVNV,181007
2016-03-31,25.05,25.3,24.655,25.14,XAMS:GVNV,124968
2016-04-01,25.19,25.23,24.68,24.8,XAMS:GVNV,119590
2016-04-04,25.09,25.5,24.99,25.215,XAMS:GVNV,110932
2016-04-05,25.1,25.36,24.785,24.85,XAMS:GVNV,98240
2016-04-06,25.65,25.735,24.94,25.05,XAMS:GVNV,164024
2016-04-07,25.555,25.77,25.49,25.65,XAMS:GVNV,75181
2016-04-08,25.565,25.7,25.315,25.45,XAMS:GVNV,111212
2016-04-11,25.5,25.69,25.455,25.68,XAMS:GVNV,143731
2016-04-12,25.5,25.72,25.375,25.45,XAMS:GVNV,189854
2016-04-13,25.61,25.9,25.5,25.73,XAMS:GVNV,235420
2016-04-14,25.65,25.765,25.53,25.53,XAMS:GVNV,385123
2016-04-15,25.38,25.655,25.38,25.565,XAMS:GVNV,143528
2016-04-18,25.26,25.5,25.25,25.35,XAMS:GVNV,51621
2016-04-19,24.98,25.365,24.94,25.215,XAMS:GVNV,52308
2016-04-20,24.895,24.955,24.58,24.9,XAMS:GVNV,162081
2016-04-21,24.56,24.94,24.225,24.9,XAMS:GVNV,119527
2016-04-22,24.52,24.745,24.25,24.745,XAMS:GVNV,77778
2016-04-25,24.4,24.51,24.345,24.435,XAMS:GVNV,86390
2016-04-26,24.12,24.635,24.065,24.5,XAMS:GVNV,68386
2016-04-27,24.0,24.31,23.91,24.165,XAMS:GVNV,64763
2016-04-28,24.45,24.45,23.81,24.065,XAMS:GVNV,75263
2016-04-29,24.0,24.57,23.755,23.76,XAMS:GVNV,543631
2016-05-02,23.985,24.2,23.62,24.2,XAMS:GVNV,86933
2016-05-03,23.48,23.95,23.475,23.95,XAMS:GVNV,59770
2016-05-04,23.405,23.59,23.375,23.41,XAMS:GVNV,84893
2016-05-05,23.53,23.575,23.395,23.425,XAMS:GVNV,72415
2016-05-06,23.52,23.825,23.45,23.49,XAMS:GVNV,54828
2016-05-09,23.65,23.85,23.56,23.56,XAMS:GVNV,119396
2016-05-10,23.585,23.865,23.505,23.795,XAMS:GVNV,56730
2016-05-11,23.385,23.575,23.33,23.53,XAMS:GVNV,111258
2016-05-12,23.225,23.42,23.09,23.32,XAMS:GVNV,142139
2016-05-13,23.315,23.315,23.025,23.225,XAMS:GVNV,193267
2016-05-16,23.22,24.0,23.065,23.19,XAMS:GVNV,54232
2016-05-17,23.35,23.53,23.215,23.3,XAMS:GVNV,156140
2016-05-18,23.69,23.805,23.23,23.23,XAMS:GVNV,193098
2016-05-19,23.825,23.985,23.525,23.835,XAMS:GVNV,101782
2016-05-20,24.615,24.615,23.845,23.85,XAMS:GVNV,193894
2016-05-23,24.7,24.81,24.355,24.55,XAMS:GVNV,177238
2016-05-24,24.8,24.83,24.6,24.715,XAMS:GVNV,175319
2016-05-25,25.1,25.155,24.735,24.805,XAMS:GVNV,204902
2016-05-26,25.22,25.22,24.99,25.1,XAMS:GVNV,141960
2016-05-27,25.1,25.17,25.025,25.1,XAMS:GVNV,162247
2016-05-30,24.9,25.1,24.78,25.0,XAMS:GVNV,70147
2016-05-31,24.85,24.95,24.62,24.915,XAMS:GVNV,296948
2016-06-01,24.7,24.85,24.66,24.73,XAMS:GVNV,117137
2016-06-02,24.88,24.92,24.575,24.69,XAMS:GVNV,67994
2016-06-03,24.745,25.0,24.605,24.84,XAMS:GVNV,80496
2016-06-06,24.6,24.795,24.525,24.7,XAMS:GVNV,92976
2016-06-07,24.825,24.92,24.515,24.515,XAMS:GVNV,75483
2016-06-08,24.765,24.84,24.675,24.74,XAMS:GVNV,42859
2016-06-09,24.345,24.675,24.28,24.64,XAMS:GVNV,60314
2016-06-10,23.64,24.265,23.64,24.25,XAMS:GVNV,70964
2016-06-13,23.595,23.72,23.35,23.545,XAMS:GVNV,59774
2016-06-14,23.425,23.55,23.24,23.35,XAMS:GVNV,129148
2016-06-15,23.465,23.75,23.435,23.75,XAMS:GVNV,105833
2016-06-16,23.43,23.46,23.13,23.4,XAMS:GVNV,83741
2016-06-17,23.49,23.62,23.325,23.54,XAMS:GVNV,74256
2016-06-20,23.7,24.045,23.685,23.73,XAMS:GVNV,79954
2016-06-21,23.885,23.885,23.61,23.845,XAMS:GVNV,82993
2016-06-22,23.905,24.0,23.75,23.97,XAMS:GVNV,55331
2016-06-23,24.195,24.31,23.98,23.98,XAMS:GVNV,52234
2016-06-24,23.375,23.81,22.7,23.1,XAMS:GVNV,583590
2016-06-27,22.735,23.445,22.7,23.32,XAMS:GVNV,215033
2016-06-28,22.7,23.14,22.7,23.14,XAMS:GVNV,95581
2016-06-29,23.54,23.605,22.815,22.995,XAMS:GVNV,86493
2016-06-30,23.37,23.605,23.195,23.605,XAMS:GVNV,69884
2016-07-01,23.91,23.96,23.4,23.4,XAMS:GVNV,80770
2016-07-04,23.6,24.005,23.555,23.96,XAMS:GVNV,49445
2016-07-05,23.205,23.61,23.205,23.5,XAMS:GVNV,61943
2016-07-06,23.01,23.205,22.745,23.05,XAMS:GVNV,75998
2016-07-07,23.395,23.48,23.1,23.1,XAMS:GVNV,70057
2016-07-08,23.68,23.69,23.245,23.25,XAMS:GVNV,43136
2016-07-11,24.23,24.23,23.74,23.88,XAMS:GVNV,79467
2016-07-12,24.405,24.455,24.235,24.285,XAMS:GVNV,134472
2016-07-13,24.395,24.555,24.235,24.3,XAMS:GVNV,60905
2016-07-14,24.165,24.455,24.1,24.305,XAMS:GVNV,33536
2016-07-15,23.92,24.12,23.81,24.11,XAMS:GVNV,60384
2016-07-18,24.0,24.115,23.885,23.995,XAMS:GVNV,39915
2016-07-19,23.96,24.14,23.915,23.915,XAMS:GVNV,62456
2016-07-20,24.175,24.22,23.88,23.96,XAMS:GVNV,48708
2016-07-21,24.01,24.21,23.915,24.21,XAMS:GVNV,22606
2016-07-22,24.195,24.205,23.865,23.94,XAMS:GVNV,60603
2016-07-25,24.25,24.38,24.085,24.19,XAMS:GVNV,30063
2016-07-26,23.865,24.19,23.75,24.0,XAMS:GVNV,56710
2016-07-27,24.17,24.225,23.675,23.865,XAMS:GVNV,70478
2016-07-28,24.4,24.465,23.97,24.19,XAMS:GVNV,67646
2016-07-29,24.345,24.4,24.145,24.4,XAMS:GVNV,98775
2016-08-01,24.36,24.5,24.235,24.495,XAMS:GVNV,28468
2016-08-02,24.025,24.32,23.82,24.32,XAMS:GVNV,93445
2016-08-03,23.64,24.055,23.575,24.055,XAMS:GVNV,66586
2016-08-04,23.42,24.09,23.39,24.09,XAMS:GVNV,102579
2016-08-05,25.1,25.29,24.375,24.45,XAMS:GVNV,635528
2016-08-08,25.5,25.835,25.17,25.2,XAMS:GVNV,93723
2016-08-09,25.7,25.71,25.46,25.6,XAMS:GVNV,47282
2016-08-10,25.55,25.715,25.44,25.515,XAMS:GVNV,39089
2016-08-11,25.655,25.75,25.44,25.69,XAMS:GVNV,56212
2016-08-12,25.995,25.995,25.53,25.62,XAMS:GVNV,74836
2016-08-15,26.13,26.225,25.95,25.955,XAMS:GVNV,56391
2016-08-16,26.0,26.15,25.9,26.0,XAMS:GVNV,79134
2016-08-17,25.9,26.065,25.8,25.86,XAMS:GVNV,84261
2016-08-18,26.095,26.25,26.0,26.0,XAMS:GVNV,30961
2016-08-19,25.955,26.0,25.87,26.0,XAMS:GVNV,43600
2016-08-22,25.9,26.245,25.875,25.93,XAMS:GVNV,63885
2016-08-23,26.03,26.1,25.89,26.0,XAMS:GVNV,57667
2016-08-24,26.0,26.085,25.875,25.875,XAMS:GVNV,54924
2016-08-25,25.82,26.06,25.615,26.06,XAMS:GVNV,26611
2016-08-26,25.5,25.83,25.49,25.78,XAMS:GVNV,122421
2016-08-29,25.65,25.69,25.365,25.51,XAMS:GVNV,83219
2016-08-30,25.585,25.84,25.41,25.84,XAMS:GVNV,29845
2016-08-31,25.38,25.6,25.345,25.455,XAMS:GVNV,38505
2016-09-01,25.18,25.45,25.14,25.315,XAMS:GVNV,36371
2016-09-02,25.47,25.52,25.18,25.3,XAMS:GVNV,35600
2016-09-05,25.55,25.715,25.35,25.37,XAMS:GVNV,25827
2016-09-06,25.64,25.64,25.37,25.49,XAMS:GVNV,50905
2016-09-07,25.57,25.71,25.33,25.54,XAMS:GVNV,56650
2016-09-08,25.51,25.67,25.15,25.49,XAMS:GVNV,103643
2016-09-09,24.99,25.29,24.76,25.225,XAMS:GVNV,45366
2016-09-12,24.64,24.755,24.205,24.74,XAMS:GVNV,56951
2016-09-13,24.825,24.95,24.66,24.94,XAMS:GVNV,68844
2016-09-14,24.625,25.0,24.455,25.0,XAMS:GVNV,96869
2016-09-15,24.555,24.725,24.41,24.63,XAMS:GVNV,172307
2016-09-16,24.75,24.76,24.475,24.76,XAMS:GVNV,205399
2016-09-19,24.835,24.95,24.31,24.75,XAMS:GVNV,44684
2016-09-20,25.225,25.25,24.795,24.86,XAMS:GVNV,71274
2016-09-21,25.16,25.42,25.0,25.42,XAMS:GVNV,87193
2016-09-22,25.22,25.3,25.135,25.275,XAMS:GVNV,40904
2016-09-23,25.23,25.3,24.96,25.3,XAMS:GVNV,36793
2016-09-26,25.05,25.175,24.815,25.0,XAMS:GVNV,45497
2016-09-27,25.065,25.105,24.75,25.05,XAMS:GVNV,48726
2016-09-28,25.0,25.215,25.0,25.07,XAMS:GVNV,38766
2016-09-29,24.83,25.155,24.825,25.155,XAMS:GVNV,37128
2016-09-30,24.75,24.86,24.41,24.7,XAMS:GVNV,53963
2016-10-03,24.895,25.05,24.7,24.7,XAMS:GVNV,93985
2016-10-04,25.0,25.1,24.875,24.93,XAMS:GVNV,46156
2016-10-05,24.87,25.0,24.705,24.705,XAMS:GVNV,51042
2016-10-06,24.71,24.93,24.61,24.9,XAMS:GVNV,22222
2016-10-07,24.345,24.67,24.29,24.67,XAMS:GVNV,31064
2016-10-10,24.34,24.505,24.09,24.505,XAMS:GVNV,50790
2016-10-11,24.25,24.395,24.21,24.395,XAMS:GVNV,52417
2016-10-12,24.255,24.375,24.155,24.375,XAMS:GVNV,62615
2016-10-13,24.13,24.26,23.8,24.155,XAMS:GVNV,42111
2016-10-14,24.26,24.42,24.15,24.225,XAMS:GVNV,62818
2016-10-17,24.17,24.36,24.065,24.36,XAMS:GVNV,28883
2016-10-18,24.15,24.295,24.095,24.14,XAMS:GVNV,67069
2016-10-19,24.435,24.565,24.025,24.105,XAMS:GVNV,156386
2016-10-20,24.485,24.655,24.32,24.56,XAMS:GVNV,49154
2016-10-21,24.405,24.655,24.35,24.485,XAMS:GVNV,50318
2016-10-24,24.185,24.6,24.16,24.35,XAMS:GVNV,79308
2016-10-25,24.105,24.42,24.05,24.28,XAMS:GVNV,113117
2016-10-26,24.065,24.365,23.855,24.05,XAMS:GVNV,167094
2016-10-27,21.425,22.4,20.355,22.4,XAMS:GVNV,1117913
2016-10-28,20.945,21.455,20.75,21.455,XAMS:GVNV,560669
2016-10-31,20.865,21.1,20.76,21.1,XAMS:GVNV,143719
2016-11-01,20.35,20.98,20.26,20.855,XAMS:GVNV,193588
2016-11-02,20.245,20.35,20.14,20.305,XAMS:GVNV,124751
2016-11-03,20.71,20.955,20.265,20.265,XAMS:GVNV,205445
2016-11-04,20.425,20.75,20.315,20.75,XAMS:GVNV,124006
2016-11-07,20.25,20.535,20.07,20.535,XAMS:GVNV,193001
2016-11-08,20.35,20.45,20.26,20.38,XAMS:GVNV,131626
2016-11-09,20.235,20.365,19.91,20.02,XAMS:GVNV,157621
2016-11-10,19.96,20.49,19.83,20.275,XAMS:GVNV,151150
2016-11-11,19.605,20.21,19.55,20.21,XAMS:GVNV,130216
2016-11-14,19.6,19.865,19.58,19.58,XAMS:GVNV,139080
2016-11-15,19.78,20.27,19.69,19.79,XAMS:GVNV,85389
2016-11-16,19.79,19.91,19.705,19.91,XAMS:GVNV,63929
2016-11-17,19.81,19.93,19.65,19.785,XAMS:GVNV,89688
2016-11-18,19.74,19.82,19.105,19.8,XAMS:GVNV,324775
2016-11-21,19.65,19.795,19.395,19.79,XAMS:GVNV,76066
2016-11-22,19.55,19.715,19.485,19.625,XAMS:GVNV,69067
2016-11-23,19.565,19.78,19.5,19.5,XAMS:GVNV,120200
2016-11-24,19.71,19.78,19.565,19.585,XAMS:GVNV,98923
2016-11-25,19.915,19.93,19.535,19.72,XAMS:GVNV,79147
2016-11-28,19.495,19.9,19.46,19.855,XAMS:GVNV,122235
2016-11-29,19.22,19.435,19.13,19.435,XAMS:GVNV,106058
2016-11-30,19.17,19.285,19.02,19.14,XAMS:GVNV,87318
2016-12-01,19.04,19.16,18.73,19.08,XAMS:GVNV,153401
2016-12-02,18.8,19.065,18.725,19.0,XAMS:GVNV,103324
2016-12-05,19.005,19.5,18.74,18.74,XAMS:GVNV,146451
2016-12-06,19.345,19.36,18.905,19.225,XAMS:GVNV,159501
2016-12-07,19.895,19.95,19.38,19.38,XAMS:GVNV,103552
2016-12-08,20.065,20.245,19.905,19.91,XAMS:GVNV,134332
2016-12-09,20.605,20.75,20.195,20.2,XAMS:GVNV,162753
2016-12-12,20.285,20.645,20.24,20.605,XAMS:GVNV,96672
2016-12-13,20.58,20.69,20.3,20.305,XAMS:GVNV,84101
2016-12-14,20.485,20.75,20.455,20.515,XAMS:GVNV,114505
2016-12-15,20.645,20.69,20.375,20.5,XAMS:GVNV,71151
2016-12-16,20.715,20.805,20.7,20.745,XAMS:GVNV,98811
2016-12-19,20.88,20.945,20.69,20.765,XAMS:GVNV,80330
2016-12-20,20.955,21.085,20.7,20.81,XAMS:GVNV,159070
2016-12-21,21.005,21.09,20.78,20.995,XAMS:GVNV,104174
2016-12-22,21.01,21.1,20.96,21.0,XAMS:GVNV,78823
2016-12-23,20.915,21.065,20.86,21.065,XAMS:GVNV,54396
2016-12-26,20.915,20.915,20.915,20.915,XAMS:GVNV,0
2016-12-27,20.905,20.965,20.8,20.9,XAMS:GVNV,49975
2016-12-28,20.965,20.995,20.735,20.84,XAMS:GVNV,72188
2016-12-29,20.935,20.98,20.745,20.745,XAMS:GVNV,63971
2016-12-30,20.905,20.99,20.81,20.93,XAMS:GVNV,25025
2017-01-02,21.03,21.03,20.75,20.75,XAMS:GVNV,37730
2017-01-03,21.12,21.295,21.0,21.05,XAMS:GVNV,105221
2017-01-04,20.84,21.245,20.795,21.245,XAMS:GVNV,81027
2017-01-05,20.845,21.11,20.815,20.985,XAMS:GVNV,49164
2017-01-06,20.9,20.98,20.73,20.845,XAMS:GVNV,45284
2017-01-09,20.93,21.035,20.75,21.035,XAMS:GVNV,58699
2017-01-10,21.43,21.43,21.0,21.07,XAMS:GVNV,129845
2017-01-11,21.49,21.68,21.365,21.49,XAMS:GVNV,117189
2017-01-12,21.5,21.605,21.335,21.51,XAMS:GVNV,123915
2017-01-13,21.555,21.69,21.495,21.605,XAMS:GVNV,58708
2017-01-16,21.75,22.1,21.53,21.63,XAMS:GVNV,157561
2017-01-17,21.63,21.76,21.48,21.755,XAMS:GVNV,75320
2017-01-18,21.31,21.63,21.2,21.63,XAMS:GVNV,92630
2017-01-19,21.06,21.345,21.015,21.3,XAMS:GVNV,101947
2017-01-20,20.78,21.135,20.61,21.09,XAMS:GVNV,152685
2017-01-23,20.75,20.85,20.55,20.685,XAMS:GVNV,288905
2017-01-24,21.82,22.39,21.55,21.8,XAMS:GVNV,615708
2017-01-25,21.57,22.03,21.445,21.85,XAMS:GVNV,161135
2017-01-26,21.42,21.685,21.32,21.685,XAMS:GVNV,164270
2017-01-27,22.1,22.19,21.65,21.82,XAMS:GVNV,347398
2017-01-30,22.29,22.315,21.9,22.115,XAMS:GVNV,200991
2017-01-31,22.07,22.45,22.07,22.13,XAMS:GVNV,148792
2017-02-01,22.03,22.305,21.86,22.055,XAMS:GVNV,72773
2017-02-02,22.17,22.275,21.92,21.985,XAMS:GVNV,79508
2017-02-03,22.35,22.525,22.15,22.17,XAMS:GVNV,136246
2017-02-06,22.27,22.55,22.24,22.42,XAMS:GVNV,148260
2017-02-07,22.295,22.415,22.28,22.325,XAMS:GVNV,41949
2017-02-08,22.29,22.4,22.16,22.235,XAMS:GVNV,189428
2017-02-09,22.445,22.5,22.22,22.305,XAMS:GVNV,169029
2017-02-10,22.445,22.635,22.325,22.49,XAMS:GVNV,65902
2017-02-13,22.61,22.63,22.44,22.5,XAMS:GVNV,91005
2017-02-14,22.795,22.9,22.63,22.65,XAMS:GVNV,130813
2017-02-15,22.585,22.85,22.495,22.785,XAMS:GVNV,63026
2017-02-16,22.51,22.75,22.4,22.505,XAMS:GVNV,119002
2017-02-17,22.33,22.53,22.14,22.395,XAMS:GVNV,123914
2017-02-20,22.88,23.05,22.5,22.545,XAMS:GVNV,215704
2017-02-21,23.98,24.0,22.9,22.9,XAMS:GVNV,392583
2017-02-22,24.08,24.22,23.8,24.04,XAMS:GVNV,304005
2017-02-23,24.26,24.35,23.97,24.1,XAMS:GVNV,199812
2017-02-24,24.045,24.21,23.825,24.155,XAMS:GVNV,290679
2017-02-27,23.975,24.195,23.895,24.1,XAMS:GVNV,102057
2017-02-28,24.035,24.18,23.795,24.03,XAMS:GVNV,219846
2017-03-01,24.015,24.19,23.81,24.005,XAMS:GVNV,232649
2017-03-02,23.635,23.975,23.595,23.92,XAMS:GVNV,91920
2017-03-03,23.725,23.73,23.505,23.595,XAMS:GVNV,63131
2017-03-06,23.74,23.805,23.62,23.62,XAMS:GVNV,104166
2017-03-07,23.72,23.835,23.6,23.71,XAMS:GVNV,46104
2017-03-08,23.54,23.69,23.415,23.56,XAMS:GVNV,76035
2017-03-09,23.205,23.38,23.1,23.225,XAMS:GVNV,129156
2017-03-10,23.225,23.28,22.93,23.2,XAMS:GVNV,95449
2017-03-13,23.145,23.315,23.055,23.1,XAMS:GVNV,88026
2017-03-14,22.985,23.22,22.85,23.05,XAMS:GVNV,80567
2017-03-15,23.02,23.115,22.89,22.95,XAMS:GVNV,32830
2017-03-16,22.89,23.11,22.855,23.07,XAMS:GVNV,53976
2017-03-17,22.8,22.8,22.27,22.65,XAMS:GVNV,208703
2017-03-20,22.66,22.8,22.44,22.69,XAMS:GVNV,152064
2017-03-21,22.555,22.665,22.42,22.66,XAMS:GVNV,161985
2017-03-22,22.82,22.83,22.42,22.5,XAMS:GVNV,141831
2017-03-23,23.07,23.07,22.665,22.83,XAMS:GVNV,98777
2017-03-24,23.15,23.155,22.865,22.985,XAMS:GVNV,54877
2017-03-27,22.915,23.05,22.72,22.9,XAMS:GVNV,68983
2017-03-28,22.98,23.04,22.815,22.915,XAMS:GVNV,60976
2017-03-29,22.745,23.005,22.58,23.0,XAMS:GVNV,63588
2017-03-30,22.93,22.97,22.65,22.75,XAMS:GVNV,47608
2017-03-31,22.955,22.955,22.67,22.955,XAMS:GVNV,117696
2017-04-03,23.06,23.115,22.81,22.995,XAMS:GVNV,86688
2017-04-04,23.065,23.1,22.935,23.05,XAMS:GVNV,99449
2017-04-05,22.96,23.13,22.95,23.1,XAMS:GVNV,80023
2017-04-06,22.98,23.0,22.565,22.86,XAMS:GVNV,248380
2017-04-07,22.915,23.0,22.72,23.0,XAMS:GVNV,78352
2017-04-10,23.43,23.43,22.725,22.8,XAMS:GVNV,78088
2017-04-11,23.44,23.49,23.24,23.49,XAMS:GVNV,64609
2017-04-12,23.45,23.595,23.325,23.405,XAMS:GVNV,40832
2017-04-13,23.6,23.67,23.175,23.33,XAMS:GVNV,285993
2017-04-14,23.6,23.6,23.6,23.6,XAMS:GVNV,0
2017-04-17,23.6,23.6,23.6,23.6,XAMS:GVNV,0
2017-04-18,23.535,23.7,23.3,23.6,XAMS:GVNV,66556
2017-04-19,23.325,23.58,23.22,23.435,XAMS:GVNV,48051
2017-04-20,23.43,23.445,23.265,23.31,XAMS:GVNV,76614
2017-04-21,23.605,23.64,23.395,23.4,XAMS:GVNV,42065
2017-04-24,24.0,24.0,23.5,23.5,XAMS:GVNV,109307
2017-04-25,23.735,24.0,23.68,24.0,XAMS:GVNV,47878
2017-04-26,24.2,24.345,23.62,23.76,XAMS:GVNV,145127
2017-04-27,23.95,24.04,23.825,24.0,XAMS:GVNV,86981
2017-04-28,23.97,24.015,23.66,23.95,XAMS:GVNV,102762
2017-05-01,23.97,23.97,23.97,23.97,XAMS:GVNV,0
2017-05-02,23.9,24.145,23.57,23.8,XAMS:GVNV,228368
2017-05-03,23.9,24.01,23.785,23.9,XAMS:GVNV,108518
2017-05-04,23.6,23.7,23.445,23.525,XAMS:GVNV,104601
2017-05-05,23.5,23.7,23.42,23.665,XAMS:GVNV,106183
2017-05-08,23.5,23.6,23.44,23.565,XAMS:GVNV,139749
2017-05-09,24.0,24.005,23.46,23.46,XAMS:GVNV,143181
2017-05-10,23.765,24.035,23.7,23.85,XAMS:GVNV,94380
2017-05-11,23.73,23.9,23.645,23.745,XAMS:GVNV,139791
2017-05-12,23.81,23.875,23.6,23.75,XAMS:GVNV,79325
2017-05-15,23.6,23.85,23.505,23.835,XAMS:GVNV,92791
2017-05-16,23.58,23.675,23.46,23.665,XAMS:GVNV,157131
2017-05-17,23.105,23.485,23.08,23.485,XAMS:GVNV,75527
2017-05-18,22.745,23.05,22.42,23.05,XAMS:GVNV,168858
2017-05-19,22.965,22.995,22.635,22.635,XAMS:GVNV,67351
2017-05-22,23.0,23.1,22.7,23.04,XAMS:GVNV,60096
2017-05-23,22.88,23.1,22.86,23.0,XAMS:GVNV,73014
2017-05-24,23.0,23.09,22.695,22.85,XAMS:GVNV,114559
2017-05-25,23.19,23.33,23.0,23.0,XAMS:GVNV,123246
2017-05-26,23.265,23.31,23.11,23.11,XAMS:GVNV,219174
2017-05-29,23.24,23.345,23.125,23.31,XAMS:GVNV,59175
2017-05-30,23.34,23.34,23.11,23.295,XAMS:GVNV,48601
2017-05-31,23.405,23.485,23.225,23.225,XAMS:GVNV,60250
2017-06-01,23.85,23.945,23.36,23.36,XAMS:GVNV,231232
2017-06-02,23.8,23.985,23.765,23.875,XAMS:GVNV,115311
2017-06-05,23.76,23.885,23.71,23.775,XAMS:GVNV,24568
2017-06-06,23.64,23.765,23.6,23.74,XAMS:GVNV,125737
2017-06-07,23.65,23.845,23.6,23.705,XAMS:GVNV,105592
2017-06-08,23.65,23.915,23.55,23.735,XAMS:GVNV,150441
2017-06-09,23.715,23.725,23.44,23.64,XAMS:GVNV,94002
2017-06-12,23.635,23.74,23.585,23.61,XAMS:GVNV,110110
2017-06-13,23.705,23.77,23.6,23.6,XAMS:GVNV,40567
2017-06-14,23.79,23.915,23.675,23.72,XAMS:GVNV,76798
2017-06-15,23.815,23.905,23.7,23.8,XAMS:GVNV,111812
2017-06-16,23.85,23.975,23.67,23.67,XAMS:GVNV,82039
2017-06-19,23.94,24.0,23.7,23.975,XAMS:GVNV,126252
2017-06-20,23.905,24.0,23.85,23.98,XAMS:GVNV,353977
2017-06-21,24.22,24.22,23.745,23.92,XAMS:GVNV,125402
2017-06-22,23.755,24.215,23.64,24.16,XAMS:GVNV,74514
2017-06-23,24.0,24.095,23.75,23.75,XAMS:GVNV,96098
2017-06-26,23.755,24.185,23.615,24.0,XAMS:GVNV,64357
2017-06-27,23.625,23.69,23.27,23.69,XAMS:GVNV,147339
2017-06-28,23.655,23.76,23.41,23.57,XAMS:GVNV,54005
2017-06-29,23.44,23.78,23.27,23.78,XAMS:GVNV,104255
2017-06-30,23.45,23.54,23.27,23.3,XAMS:GVNV,58875
2017-07-03,23.31,23.655,23.19,23.615,XAMS:GVNV,93578
2017-07-04,23.665,23.79,23.18,23.285,XAMS:GVNV,99227
2017-07-05,24.07,24.11,23.415,23.695,XAMS:GVNV,87881
2017-07-06,23.86,24.1,23.51,24.005,XAMS:GVNV,104034
2017-07-07,23.925,23.945,23.7,23.76,XAMS:GVNV,76763
2017-07-10,23.75,24.03,23.67,23.925,XAMS:GVNV,80639
2017-07-11,23.525,23.785,23.515,23.75,XAMS:GVNV,82490
2017-07-12,23.8,23.91,23.595,23.675,XAMS:GVNV,80905
2017-07-13,23.84,24.035,23.705,23.705,XAMS:GVNV,29167
2017-07-14,24.415,24.595,23.855,23.855,XAMS:GVNV,107085
2017-07-17,24.575,24.7,24.285,24.53,XAMS:GVNV,84938
2017-07-18,24.72,24.8,24.6,24.6,XAMS:GVNV,123154
2017-07-19,24.55,24.8,24.475,24.72,XAMS:GVNV,149873
2017-07-20,24.43,24.745,24.32,24.55,XAMS:GVNV,42035
2017-07-21,23.97,24.4,23.95,24.365,XAMS:GVNV,76847
2017-07-24,23.805,24.055,23.73,23.91,XAMS:GVNV,47498
2017-07-25,23.945,24.0,23.765,23.84,XAMS:GVNV,30749
2017-07-26,24.0,24.19,23.945,23.945,XAMS:GVNV,140019
2017-07-27,24.1,24.15,24.0,24.0,XAMS:GVNV,149191
2017-07-28,23.95,24.13,23.875,24.075,XAMS:GVNV,153824
2017-07-31,23.88,24.11,23.855,24.11,XAMS:GVNV,94512
2017-08-01,22.04,22.8,21.51,22.135,XAMS:GVNV,570501
2017-08-02,22.08,22.205,21.93,22.205,XAMS:GVNV,190864
2017-08-03,22.245,22.3,22.02,22.13,XAMS:GVNV,144346
2017-08-04,22.115,22.39,22.0,22.39,XAMS:GVNV,214197
2017-08-07,22.1,22.265,22.0,22.075,XAMS:GVNV,93740
2017-08-08,22.02,22.135,21.895,22.05,XAMS:GVNV,101439
2017-08-09,21.89,22.05,21.8,22.02,XAMS:GVNV,84610
2017-08-10,21.8,21.91,21.665,21.91,XAMS:GVNV,90558
2017-08-11,21.51,21.74,21.405,21.7,XAMS:GVNV,70421
2017-08-14,21.595,21.68,21.475,21.595,XAMS:GVNV,49399
2017-08-15,21.49,21.605,21.48,21.6,XAMS:GVNV,25081
2017-08-16,21.545,21.57,21.44,21.44,XAMS:GVNV,63820
2017-08-17,21.35,21.54,21.345,21.44,XAMS:GVNV,95439
2017-08-18,21.17,21.305,21.01,21.3,XAMS:GVNV,88916
2017-08-21,21.0,21.135,20.95,21.1,XAMS:GVNV,119002
2017-08-22,21.2,21.28,20.97,21.05,XAMS:GVNV,71936
2017-08-23,21.065,21.275,21.0,21.275,XAMS:GVNV,42080
2017-08-24,21.0,21.1,20.915,21.1,XAMS:GVNV,64631
2017-08-25,20.92,21.105,20.86,20.995,XAMS:GVNV,45537
2017-08-28,20.81,21.04,20.81,20.95,XAMS:GVNV,29440
2017-08-29,20.665,20.79,20.44,20.79,XAMS:GVNV,62196
2017-08-30,20.575,20.81,20.5,20.81,XAMS:GVNV,102658
2017-08-31,20.66,20.72,20.5,20.5,XAMS:GVNV,144881
2017-09-01,20.815,20.985,20.63,20.63,XAMS:GVNV,104359
2017-09-04,20.5,20.95,20.33,20.95,XAMS:GVNV,105495
2017-09-05,20.62,20.665,20.365,20.365,XAMS:GVNV,90355
2017-09-06,20.79,20.85,20.555,20.555,XAMS:GVNV,50800
2017-09-07,21.385,21.525,20.86,20.995,XAMS:GVNV,89236
2017-09-08,21.5,21.565,21.2,21.325,XAMS:GVNV,52641
2017-09-11,21.595,21.645,21.38,21.6,XAMS:GVNV,48468
2017-09-12,21.54,21.66,21.47,21.525,XAMS:GVNV,76086
2017-09-13,21.45,21.68,21.36,21.68,XAMS:GVNV,47075
2017-09-14,21.42,21.6,21.415,21.515,XAMS:GVNV,43651
2017-09-15,21.38,21.51,21.3,21.51,XAMS:GVNV,66601
2017-09-18,21.27,21.495,21.205,21.48,XAMS:GVNV,60733
2017-09-19,21.2,21.365,21.19,21.2,XAMS:GVNV,53344
2017-09-20,21.2,21.34,21.125,21.24,XAMS:GVNV,44913
2017-09-21,21.215,21.3,21.1,21.25,XAMS:GVNV,49328
2017-09-22,21.395,21.485,21.195,21.21,XAMS:GVNV,57393
2017-09-25,21.33,21.675,21.305,21.4,XAMS:GVNV,65114
2017-09-26,21.275,21.42,21.265,21.3,XAMS:GVNV,73585
2017-09-27,21.15,21.4,21.025,21.4,XAMS:GVNV,70100
2017-09-28,21.255,21.26,21.075,21.075,XAMS:GVNV,48623
2017-09-29,21.395,21.395,21.225,21.245,XAMS:GVNV,67931
2017-10-02,21.2,21.49,21.145,21.49,XAMS:GVNV,65853
2017-10-03,21.22,21.355,21.11,21.23,XAMS:GVNV,185553
2017-10-04,21.47,21.665,21.22,21.3,XAMS:GVNV,96447
2017-10-05,21.295,21.565,21.275,21.475,XAMS:GVNV,146149
2017-10-06,21.18,21.36,21.155,21.2,XAMS:GVNV,83310
2017-10-09,21.0,21.15,20.925,21.1,XAMS:GVNV,181821
2017-10-10,20.79,21.05,20.79,21.0,XAMS:GVNV,139403
2017-10-11,20.9,20.97,20.825,20.97,XAMS:GVNV,213817
2017-10-12,20.865,21.025,20.8,20.8,XAMS:GVNV,244690
2017-10-13,21.3,21.435,20.895,20.94,XAMS:GVNV,255925
2017-10-16,21.98,21.98,21.32,21.45,XAMS:GVNV,179532
2017-10-17,21.65,22.13,21.6,22.13,XAMS:GVNV,93529
2017-10-18,21.625,21.81,21.52,21.56,XAMS:GVNV,83682
2017-10-19,21.6,21.69,21.46,21.565,XAMS:GVNV,68172
2017-10-20,21.59,21.835,21.5,21.65,XAMS:GVNV,145017
2017-10-23,21.53,21.8,21.45,21.705,XAMS:GVNV,111199
2017-10-24,21.685,21.875,21.435,21.53,XAMS:GVNV,138902
2017-10-25,22.53,22.55,21.915,21.915,XAMS:GVNV,252116
2017-10-26,22.51,22.59,22.37,22.48,XAMS:GVNV,82822
2017-10-27,22.6,22.67,22.44,22.55,XAMS:GVNV,195328
2017-10-30,22.8,22.88,22.575,22.625,XAMS:GVNV,140863
2017-10-31,21.43,22.705,21.425,22.65,XAMS:GVNV,776075
2017-11-01,21.35,21.78,21.33,21.46,XAMS:GVNV,409969
2017-11-02,21.515,21.655,21.35,21.35,XAMS:GVNV,246097
2017-11-03,21.695,21.81,21.485,21.545,XAMS:GVNV,244151
2017-11-06,21.485,21.68,21.475,21.68,XAMS:GVNV,87865
2017-11-07,21.17,21.52,21.16,21.46,XAMS:GVNV,155295
2017-11-08,21.2,21.215,21.04,21.16,XAMS:GVNV,144230
2017-11-09,20.83,21.185,20.805,21.185,XAMS:GVNV,101343
2017-11-10,20.525,20.815,20.435,20.8,XAMS:GVNV,144858
2017-11-13,20.135,20.73,20.115,20.625,XAMS:GVNV,202322
2017-11-14,20.0,20.21,19.97,20.1,XAMS:GVNV,156055
2017-11-15,20.0,20.1,19.835,19.99,XAMS:GVNV,129452
2017-11-16,20.42,20.605,20.07,20.1,XAMS:GVNV,138309
2017-11-17,20.64,20.78,20.37,20.4,XAMS:GVNV,181135
2017-11-20,20.99,21.025,20.575,20.67,XAMS:GVNV,302112
2017-11-21,20.835,21.08,20.805,21.075,XAMS:GVNV,68418
2017-11-22,20.895,21.0,20.795,20.835,XAMS:GVNV,203026
2017-11-23,21.11,21.15,20.855,20.855,XAMS:GVNV,120057
2017-11-24,20.84,21.14,20.7,21.14,XAMS:GVNV,197133
2017-11-27,20.74,20.93,20.74,20.755,XAMS:GVNV,43693
2017-11-28,21.09,21.1,20.73,20.77,XAMS:GVNV,66059
2017-11-29,21.28,21.35,21.1,21.14,XAMS:GVNV,78362
2017-11-30,21.605,21.605,21.23,21.28,XAMS:GVNV,214232
2017-12-01,21.46,21.775,21.265,21.69,XAMS:GVNV,206206
2017-12-04,21.775,21.81,21.455,21.575,XAMS:GVNV,79270
2017-12-05,21.75,21.81,21.665,21.75,XAMS:GVNV,99794
2017-12-06,21.66,21.7,21.515,21.7,XAMS:GVNV,89349
2017-12-07,21.705,21.765,21.55,21.66,XAMS:GVNV,193525
2017-12-08,21.675,21.85,21.65,21.805,XAMS:GVNV,89506
2017-12-11,21.76,21.775,21.58,21.75,XAMS:GVNV,54053
2017-12-12,21.72,21.78,21.605,21.715,XAMS:GVNV,115738
2017-12-13,21.58,21.755,21.58,21.7,XAMS:GVNV,57582
2017-12-14,21.475,21.69,21.445,21.6,XAMS:GVNV,43720
2017-12-15,21.465,21.615,21.315,21.56,XAMS:GVNV,105053
2017-12-18,21.455,21.52,21.26,21.46,XAMS:GVNV,108020
2017-12-19,21.425,21.83,21.35,21.35,XAMS:GVNV,114317
2017-12-20,20.815,21.5,20.735,21.405,XAMS:GVNV,151358
2017-12-21,21.075,21.15,20.645,20.9,XAMS:GVNV,83846
2017-12-22,21.155,21.235,20.97,21.19,XAMS:GVNV,35871
2017-12-25,21.155,21.155,21.155,21.155,XAMS:GVNV,0
2017-12-26,21.155,21.155,21.155,21.155,XAMS:GVNV,0
2017-12-27,21.24,21.365,21.035,21.2,XAMS:GVNV,31600
2017-12-28,21.325,21.425,21.245,21.315,XAMS:GVNV,58472
2017-12-29,21.295,21.445,21.18,21.32,XAMS:GVNV,27032
2018-01-01,21.295,21.295,21.295,21.295,XAMS:GVNV,0
2018-01-02,21.3,21.42,21.24,21.4,XAMS:GVNV,78203
2018-01-03,21.24,21.5,21.24,21.38,XAMS:GVNV,58408
2018-01-04,21.08,21.4,21.04,21.4,XAMS:GVNV,107155
2018-01-05,20.9,21.18,20.9,21.06,XAMS:GVNV,147333
2018-01-08,20.38,21.0,20.38,21.0,XAMS:GVNV,209001
2018-01-09,20.8,20.96,20.32,20.42,XAMS:GVNV,103895
2018-01-10,20.38,20.86,20.36,20.78,XAMS:GVNV,102754
2018-01-11,20.44,20.54,20.34,20.44,XAMS:GVNV,75543
2018-01-12,20.3,20.58,20.1,20.4,XAMS:GVNV,255260
2018-01-15,20.56,20.64,20.32,20.32,XAMS:GVNV,68476
2018-01-16,20.68,20.72,20.48,20.64,XAMS:GVNV,115615
2018-01-17,20.76,20.88,20.5,20.6,XAMS:GVNV,112073
2018-01-18,20.74,20.9,20.6,20.72,XAMS:GVNV,71902
2018-01-19,21.0,21.02,20.48,20.6,XAMS:GVNV,169174
2018-01-22,20.94,21.16,20.82,20.9,XAMS:GVNV,95306
2018-01-23,21.0,21.06,20.84,21.0,XAMS:GVNV,99142
2018-01-24,19.52,20.06,19.27,19.67,XAMS:GVNV,1054608
2018-01-25,19.6,19.63,19.15,19.5,XAMS:GVNV,394182
2018-01-26,19.49,19.65,19.25,19.63,XAMS:GVNV,263477
2018-01-29,19.21,19.49,19.13,19.49,XAMS:GVNV,339630
2018-01-30,19.04,19.17,18.9,19.12,XAMS:GVNV,257215
2018-01-31,18.75,19.03,18.59,18.92,XAMS:GVNV,274586
2018-02-01,18.65,18.78,18.54,18.71,XAMS:GVNV,664726
2018-02-02,18.38,18.68,18.25,18.6,XAMS:GVNV,165785
2018-02-05,18.2,18.31,18.09,18.3,XAMS:GVNV,138685
2018-02-06,17.88,17.96,17.57,17.77,XAMS:GVNV,196527
2018-02-07,18.31,18.56,17.94,18.0,XAMS:GVNV,221285
2018-02-08,18.09,18.33,18.02,18.33,XAMS:GVNV,192205
2018-02-09,17.91,18.13,17.81,17.92,XAMS:GVNV,139223
2018-02-12,17.97,18.07,17.96,18.07,XAMS:GVNV,164416
2018-02-13,17.9,18.05,17.9,18.0,XAMS:GVNV,279079
2018-02-14,18.02,18.15,17.87,17.9,,510684
2018-02-15,18.4,18.4,18.09,18.1,,136158
2018-02-16,18.61,18.65,18.39,18.48,,114937
2018-02-19,18.41,18.74,18.4,18.57,,94326
2018-02-20,18.35,18.59,18.3,18.37,,56649
2018-02-21,18.3,18.37,18.07,18.26,,127052
2018-02-22,18.1,18.26,18.1,18.22,,94145
2018-02-23,18.15,18.16,17.82,18.16,,127786
2018-02-26,18.44,18.48,18.25,18.28,,67518
2018-02-27,18.24,18.55,18.18,18.55,,114337
2018-02-28,19.0,19.14,17.7,17.7,,392398
2018-03-01,18.57,19.11,18.46,19.11,,203184
2018-03-02,18.37,18.53,18.32,18.43,,110280
2018-03-05,18.45,18.64,18.31,18.31,,81693
2018-03-06,18.53,18.69,18.49,18.53,,75834
2018-03-07,18.55,18.65,18.48,18.5,,79071
2018-03-08,18.66,18.75,18.51,18.6,,97920
2018-03-09,18.53,18.72,18.48,18.6,,67619
2018-03-12,18.45,18.63,18.35,18.6,,136956
2018-03-13,18.67,18.92,18.37,18.48,,159201
2018-03-14,18.61,18.86,18.52,18.63,,152077
2018-03-15,18.34,18.63,18.31,18.63,,71862
2018-03-16,18.54,18.58,18.29,18.41,,116939
2018-03-19,18.35,18.57,18.35,18.53,,93332
2018-03-20,18.37,18.53,18.28,18.41,,81614
2018-03-21,18.24,18.42,18.2,18.42,,76829
2018-03-22,18.0,18.19,17.87,18.19,,82411
2018-03-23,17.9,17.96,17.7,17.8,,75658
