Symbol,Date,Close,High,Low,Open,Volume
XBRU:CYAD,2013-07-04,16.65,16.65,16.65,16.65,94464
XBRU:CYAD,2013-07-05,18.89,19.99,16.75,17.64,39247
XBRU:CYAD,2013-07-08,20.16,21.45,20.16,20.4,54381
XBRU:CYAD,2013-07-09,19.25,19.93,18.62,19.06,18909
XBRU:CYAD,2013-07-10,18.79,19.25,18.59,19.25,18054
XBRU:CYAD,2013-07-11,18.85,19.71,18.6,18.79,11772
XBRU:CYAD,2013-07-12,18.81,19.3,18.7,19.3,4148
XBRU:CYAD,2013-07-15,18.62,19.25,18.62,19.0,3485
XBRU:CYAD,2013-07-16,17.99,19.08,17.2,19.08,11915
XBRU:CYAD,2013-07-17,17.8,18.35,17.6,18.35,3654
XBRU:CYAD,2013-07-18,17.23,17.79,16.95,17.79,11829
XBRU:CYAD,2013-07-19,17.37,17.95,17.0,17.95,9180
XBRU:CYAD,2013-07-22,17.32,17.7,17.25,17.5,1282
XBRU:CYAD,2013-07-23,16.82,17.5,16.65,17.5,9898
XBRU:CYAD,2013-07-24,15.7,16.6,15.55,16.6,14786
XBRU:CYAD,2013-07-25,15.98,16.0,15.81,15.95,4114
XBRU:CYAD,2013-07-26,16.86,16.9,15.7,15.9,9756
XBRU:CYAD,2013-07-29,16.9,16.9,16.33,16.9,992
XBRU:CYAD,2013-07-30,16.41,16.85,16.41,16.8,924
XBRU:CYAD,2013-07-31,16.99,16.99,16.4,16.79,2067
XBRU:CYAD,2013-08-01,17.14,17.14,16.8,16.94,2194
XBRU:CYAD,2013-08-02,16.96,17.15,16.88,16.88,976
XBRU:CYAD,2013-08-05,17.21,17.21,17.05,17.15,1325
XBRU:CYAD,2013-08-06,17.22,17.22,17.1,17.22,790
XBRU:CYAD,2013-08-07,17.0,17.2,17.0,17.2,1099
XBRU:CYAD,2013-08-08,17.22,17.22,16.83,17.0,616
XBRU:CYAD,2013-08-09,16.44,17.21,16.36,17.21,3896
XBRU:CYAD,2013-08-12,16.0,17.9,15.61,16.6,25196
XBRU:CYAD,2013-08-13,16.28,16.7,16.28,16.7,936
XBRU:CYAD,2013-08-14,16.36,16.85,16.36,16.6,1437
XBRU:CYAD,2013-08-15,16.5,16.5,16.31,16.41,947
XBRU:CYAD,2013-08-16,16.52,16.52,16.2,16.26,1192
XBRU:CYAD,2013-08-19,16.2,16.46,16.2,16.25,1771
XBRU:CYAD,2013-08-20,16.3,16.4,16.15,16.25,421
XBRU:CYAD,2013-08-21,16.23,16.47,16.06,16.3,189
XBRU:CYAD,2013-08-22,16.0,16.47,16.0,16.47,1160
XBRU:CYAD,2013-08-23,16.5,16.5,16.3,16.39,1066
XBRU:CYAD,2013-08-26,16.5,16.5,16.5,16.5,256
XBRU:CYAD,2013-08-27,16.23,16.39,16.0,16.15,2428
XBRU:CYAD,2013-08-28,15.95,16.3,15.8,16.3,2817
XBRU:CYAD,2013-08-29,16.25,16.4,15.99,15.99,5961
XBRU:CYAD,2013-08-30,15.99,16.39,15.99,16.39,1078
XBRU:CYAD,2013-09-02,15.91,16.28,15.83,15.83,691
XBRU:CYAD,2013-09-03,15.91,16.39,15.91,15.93,1882
XBRU:CYAD,2013-09-04,15.7,16.12,15.7,16.06,1296
XBRU:CYAD,2013-09-05,15.65,16.24,15.64,15.7,1386
XBRU:CYAD,2013-09-06,15.83,15.99,15.63,15.69,4291
XBRU:CYAD,2013-09-09,15.85,16.25,15.5,16.25,1451
XBRU:CYAD,2013-09-10,15.9,16.17,15.8,16.0,974
XBRU:CYAD,2013-09-11,15.75,16.08,15.66,16.08,2310
XBRU:CYAD,2013-09-12,15.7,15.9,15.65,15.65,781
XBRU:CYAD,2013-09-13,15.6,15.9,15.56,15.9,1615
XBRU:CYAD,2013-09-16,15.21,15.51,15.2,15.5,4688
XBRU:CYAD,2013-09-17,15.22,15.48,15.2,15.31,2676
XBRU:CYAD,2013-09-18,14.65,15.25,14.5,15.25,6968
XBRU:CYAD,2013-09-19,14.82,15.0,14.74,14.99,2117
XBRU:CYAD,2013-09-20,14.96,15.0,14.64,15.0,749
XBRU:CYAD,2013-09-23,15.0,15.0,15.0,15.0,673
XBRU:CYAD,2013-09-24,14.8,14.99,14.75,14.81,1328
XBRU:CYAD,2013-09-25,14.64,14.8,14.6,14.6,1027
XBRU:CYAD,2013-09-26,14.48,14.64,14.21,14.64,3818
XBRU:CYAD,2013-09-27,14.13,14.48,14.13,14.48,1277
XBRU:CYAD,2013-09-30,14.13,14.2,13.99,14.2,4465
XBRU:CYAD,2013-10-01,13.8,14.5,13.8,14.2,20648
XBRU:CYAD,2013-10-02,14.0,14.0,12.65,13.6,12273
XBRU:CYAD,2013-10-03,13.85,14.0,13.85,14.0,2187
XBRU:CYAD,2013-10-04,13.15,13.96,13.01,13.85,3683
XBRU:CYAD,2013-10-07,13.03,13.74,12.61,13.1,5097
XBRU:CYAD,2013-10-08,12.97,13.05,12.65,12.95,2818
XBRU:CYAD,2013-10-09,12.89,12.89,12.65,12.66,582
XBRU:CYAD,2013-10-10,12.73,12.88,12.46,12.65,8886
XBRU:CYAD,2013-10-11,12.5,12.81,12.43,12.79,3198
XBRU:CYAD,2013-10-14,13.05,13.05,12.6,12.8,15438
XBRU:CYAD,2013-10-15,14.34,14.99,13.5,13.5,12505
XBRU:CYAD,2013-10-16,14.25,14.8,14.25,14.8,4140
XBRU:CYAD,2013-10-17,13.66,14.49,13.66,14.26,4399
XBRU:CYAD,2013-10-18,13.8,14.4,13.79,14.09,2354
XBRU:CYAD,2013-10-21,13.99,14.2,13.9,14.2,2572
XBRU:CYAD,2013-10-22,13.95,14.0,13.82,13.95,2200
XBRU:CYAD,2013-10-23,13.85,14.05,13.75,13.95,3519
XBRU:CYAD,2013-10-24,13.75,13.85,13.73,13.75,1878
XBRU:CYAD,2013-10-25,14.25,14.5,13.76,13.85,2834
XBRU:CYAD,2013-10-28,16.3,17.1,15.22,15.31,94764
XBRU:CYAD,2013-10-29,18.75,19.81,16.7,16.79,169134
XBRU:CYAD,2013-10-30,19.28,20.45,17.99,19.49,137485
XBRU:CYAD,2013-10-31,18.64,19.0,17.31,18.8,42426
XBRU:CYAD,2013-11-01,19.02,20.65,18.7,18.89,96666
XBRU:CYAD,2013-11-04,24.0,24.48,19.71,19.71,182443
XBRU:CYAD,2013-11-05,24.5,32.8,23.52,26.02,544248
XBRU:CYAD,2013-11-06,25.55,27.81,24.91,25.58,143743
XBRU:CYAD,2013-11-07,23.7,26.0,23.2,25.85,79259
XBRU:CYAD,2013-11-08,24.39,24.8,21.0,23.3,57156
XBRU:CYAD,2013-11-11,25.0,25.81,24.67,25.0,56000
XBRU:CYAD,2013-11-12,26.07,26.8,25.07,25.7,53424
XBRU:CYAD,2013-11-13,25.3,26.78,24.8,26.61,46106
XBRU:CYAD,2013-11-14,24.49,25.88,24.0,25.38,34334
XBRU:CYAD,2013-11-15,24.36,24.4,22.12,24.16,31363
XBRU:CYAD,2013-11-18,24.0,24.4,23.22,24.4,10893
XBRU:CYAD,2013-11-19,23.06,24.0,23.01,24.0,8155
XBRU:CYAD,2013-11-20,21.84,23.01,21.44,23.01,34404
XBRU:CYAD,2013-11-21,21.25,23.05,20.15,21.44,62243
XBRU:CYAD,2013-11-22,21.53,22.35,21.03,21.8,18449
XBRU:CYAD,2013-11-25,24.51,25.78,21.55,21.55,71528
XBRU:CYAD,2013-11-26,24.12,25.53,23.53,24.86,34014
XBRU:CYAD,2013-11-27,25.0,25.29,24.33,24.33,14464
XBRU:CYAD,2013-11-28,25.24,25.25,24.0,24.74,14621
XBRU:CYAD,2013-11-29,24.51,25.01,24.32,25.01,5436
XBRU:CYAD,2013-12-02,24.4,25.2,24.15,25.2,4851
XBRU:CYAD,2013-12-03,23.35,24.75,23.11,24.4,11668
XBRU:CYAD,2013-12-04,24.12,24.93,23.71,24.51,12232
XBRU:CYAD,2013-12-05,23.17,24.49,22.6,24.49,21586
XBRU:CYAD,2013-12-06,23.86,24.15,23.4,23.73,10242
XBRU:CYAD,2013-12-09,24.12,24.59,23.02,23.9,17451
XBRU:CYAD,2013-12-10,23.5,24.29,23.49,24.25,7394
XBRU:CYAD,2013-12-11,23.3,23.87,23.05,23.55,9877
XBRU:CYAD,2013-12-12,23.24,24.4,23.11,24.37,10305
XBRU:CYAD,2013-12-13,23.2,24.24,23.1,23.27,8109
XBRU:CYAD,2013-12-16,22.53,23.35,22.51,23.35,11076
XBRU:CYAD,2013-12-17,23.0,23.39,22.0,22.94,19898
XBRU:CYAD,2013-12-18,22.48,22.94,22.12,22.44,7337
XBRU:CYAD,2013-12-19,22.69,22.89,22.4,22.82,4511
XBRU:CYAD,2013-12-20,22.83,22.96,22.6,22.96,2205
XBRU:CYAD,2013-12-23,23.5,24.49,23.25,23.77,29134
XBRU:CYAD,2013-12-24,24.19,24.23,23.82,24.15,6263
XBRU:CYAD,2013-12-25,24.19,24.19,24.19,24.19,0
XBRU:CYAD,2013-12-26,24.19,24.19,24.19,24.19,0
XBRU:CYAD,2013-12-27,23.95,24.5,23.53,24.31,14214
XBRU:CYAD,2013-12-30,26.3,26.79,23.85,24.0,52523
XBRU:CYAD,2013-12-31,25.55,26.45,25.15,26.45,14462
XBRU:CYAD,2014-01-01,25.55,25.55,25.55,25.55,0
XBRU:CYAD,2014-01-02,25.3,25.88,24.82,25.87,17401
XBRU:CYAD,2014-01-03,24.86,25.48,24.67,24.85,5368
XBRU:CYAD,2014-01-06,26.1,26.59,24.87,25.0,19618
XBRU:CYAD,2014-01-07,28.31,28.86,26.16,26.38,91720
XBRU:CYAD,2014-01-08,32.7,33.0,29.0,29.0,99843
XBRU:CYAD,2014-01-09,39.96,52.0,34.0,34.05,198761
XBRU:CYAD,2014-01-10,45.0,47.49,41.66,42.0,190037
XBRU:CYAD,2014-01-13,41.0,45.0,39.85,45.0,135501
XBRU:CYAD,2014-01-14,38.6,41.0,37.17,41.0,75167
XBRU:CYAD,2014-01-15,41.48,42.92,37.2,38.5,126280
XBRU:CYAD,2014-01-16,42.5,42.73,41.6,42.11,50367
XBRU:CYAD,2014-01-17,45.19,45.7,42.7,43.68,61083
XBRU:CYAD,2014-01-20,49.9,49.99,46.66,47.0,93541
XBRU:CYAD,2014-01-21,52.16,54.86,50.15,50.3,140494
XBRU:CYAD,2014-01-22,49.8,54.4,48.7,53.99,101563
XBRU:CYAD,2014-01-23,47.03,49.48,46.3,49.0,66375
XBRU:CYAD,2014-01-24,48.54,49.77,47.0,47.01,38092
XBRU:CYAD,2014-01-27,48.03,49.85,48.0,48.6,26391
XBRU:CYAD,2014-01-28,45.3,48.01,42.62,48.01,63381
XBRU:CYAD,2014-01-29,47.18,47.69,45.4,45.7,25294
XBRU:CYAD,2014-01-30,45.0,46.8,44.6,46.1,21347
XBRU:CYAD,2014-01-31,45.0,45.73,43.6,45.0,13797
XBRU:CYAD,2014-02-03,42.63,45.74,42.62,45.4,31227
XBRU:CYAD,2014-02-04,39.29,41.5,38.02,41.5,91422
XBRU:CYAD,2014-02-05,42.0,44.45,38.3,38.42,70521
XBRU:CYAD,2014-02-06,43.0,43.5,41.5,42.89,18381
XBRU:CYAD,2014-02-07,42.21,43.0,41.5,43.0,10621
XBRU:CYAD,2014-02-10,41.25,41.75,39.7,41.5,30412
XBRU:CYAD,2014-02-11,41.67,41.87,40.4,41.87,14907
XBRU:CYAD,2014-02-12,40.9,41.77,40.28,41.7,20476
XBRU:CYAD,2014-02-13,40.0,41.65,39.4,40.8,30577
XBRU:CYAD,2014-02-14,40.5,41.0,39.42,40.0,26260
XBRU:CYAD,2014-02-17,39.9,40.6,39.5,40.6,19502
XBRU:CYAD,2014-02-18,42.9,43.0,39.6,39.86,54586
XBRU:CYAD,2014-02-19,40.5,42.5,40.0,42.5,34055
XBRU:CYAD,2014-02-20,40.25,40.89,39.68,40.5,15232
XBRU:CYAD,2014-02-21,40.7,40.9,40.0,40.32,7657
XBRU:CYAD,2014-02-24,43.5,44.89,40.03,40.8,128524
XBRU:CYAD,2014-02-25,41.7,43.11,40.05,43.1,43129
XBRU:CYAD,2014-02-26,40.71,42.14,39.88,41.7,20152
XBRU:CYAD,2014-02-27,41.74,41.94,40.49,41.09,11306
XBRU:CYAD,2014-02-28,40.81,41.54,40.8,41.12,8533
XBRU:CYAD,2014-03-03,39.62,40.32,39.31,40.3,23381
XBRU:CYAD,2014-03-04,40.7,40.88,40.18,40.5,6640
XBRU:CYAD,2014-03-05,40.57,41.5,40.52,41.0,6033
XBRU:CYAD,2014-03-06,42.2,42.98,40.57,40.57,22299
XBRU:CYAD,2014-03-07,41.0,42.48,41.0,42.4,4499
XBRU:CYAD,2014-03-10,40.54,41.9,40.5,41.9,7709
XBRU:CYAD,2014-03-11,41.41,41.95,40.9,41.0,9282
XBRU:CYAD,2014-03-12,41.19,41.69,40.51,41.69,6752
XBRU:CYAD,2014-03-13,40.51,41.49,40.51,41.45,4539
XBRU:CYAD,2014-03-14,39.5,40.43,38.41,40.22,37586
XBRU:CYAD,2014-03-17,40.86,41.43,39.5,39.5,8248
XBRU:CYAD,2014-03-18,41.23,41.36,40.62,40.65,6989
XBRU:CYAD,2014-03-19,40.04,41.35,38.8,41.35,18634
XBRU:CYAD,2014-03-20,39.6,39.8,39.5,39.61,3678
XBRU:CYAD,2014-03-21,39.51,40.05,39.5,39.74,7039
XBRU:CYAD,2014-03-24,39.02,39.84,39.02,39.45,8130
XBRU:CYAD,2014-03-25,39.01,39.22,38.75,39.2,8488
XBRU:CYAD,2014-03-26,40.57,40.9,38.91,38.91,12070
XBRU:CYAD,2014-03-27,40.01,40.5,39.0,40.5,10067
XBRU:CYAD,2014-03-28,39.2,39.97,39.2,39.41,6559
XBRU:CYAD,2014-03-31,38.96,39.5,38.96,39.4,11971
XBRU:CYAD,2014-04-01,38.9,39.5,38.88,39.05,4583
XBRU:CYAD,2014-04-02,39.8,40.64,38.75,38.9,14251
XBRU:CYAD,2014-04-03,39.15,40.0,38.8,40.0,7173
XBRU:CYAD,2014-04-04,39.15,39.64,38.83,39.64,2527
XBRU:CYAD,2014-04-07,39.44,39.71,38.56,38.9,9590
XBRU:CYAD,2014-04-08,38.28,39.685,38.26,39.685,13857
XBRU:CYAD,2014-04-09,38.76,39.0,38.27,38.28,3806
XBRU:CYAD,2014-04-10,37.87,39.9,37.05,38.99,31350
XBRU:CYAD,2014-04-11,36.0,37.2,35.02,37.19,25463
XBRU:CYAD,2014-04-14,34.215,36.005,32.89,36.0,17331
XBRU:CYAD,2014-04-15,32.92,34.205,32.8,34.2,9719
XBRU:CYAD,2014-04-16,33.0,33.485,32.0,33.01,13409
XBRU:CYAD,2014-04-17,33.3,33.7,33.0,33.3,4476
XBRU:CYAD,2014-04-18,33.4,33.4,33.4,33.4,0
XBRU:CYAD,2014-04-21,33.4,33.4,33.4,33.4,0
XBRU:CYAD,2014-04-22,34.15,34.72,33.3,33.8,4886
XBRU:CYAD,2014-04-23,37.18,37.2,34.4,34.4,13224
XBRU:CYAD,2014-04-24,36.38,37.91,36.1,37.19,10541
XBRU:CYAD,2014-04-25,36.01,36.745,36.0,36.0,3801
XBRU:CYAD,2014-04-28,37.15,37.92,36.6,36.745,10494
XBRU:CYAD,2014-04-29,36.91,37.92,36.64,37.88,3334
XBRU:CYAD,2014-04-30,36.06,36.8,36.06,36.705,3807
XBRU:CYAD,2014-05-01,36.06,36.06,36.06,36.06,0
XBRU:CYAD,2014-05-02,35.46,36.42,35.2,36.03,5680
XBRU:CYAD,2014-05-05,35.77,35.85,35.01,35.5,3244
XBRU:CYAD,2014-05-06,37.04,38.5,35.01,36.15,19519
XBRU:CYAD,2014-05-07,35.7,38.19,35.5,37.95,7574
XBRU:CYAD,2014-05-08,35.99,36.9,35.99,36.9,1821
XBRU:CYAD,2014-05-09,37.39,37.84,36.0,36.69,4907
XBRU:CYAD,2014-05-12,37.36,37.39,36.43,37.39,2496
XBRU:CYAD,2014-05-13,36.95,37.5,36.45,37.5,5209
XBRU:CYAD,2014-05-14,36.685,36.85,36.05,36.85,5919
XBRU:CYAD,2014-05-15,35.79,36.67,35.75,35.9,5737
XBRU:CYAD,2014-05-16,36.195,36.6,35.8,36.315,1996
XBRU:CYAD,2014-05-19,35.61,36.68,35.5,36.68,3188
XBRU:CYAD,2014-05-20,36.59,36.95,35.66,36.88,8213
XBRU:CYAD,2014-05-21,36.42,36.66,35.765,36.565,2938
XBRU:CYAD,2014-05-22,36.6,36.75,35.95,36.47,2281
XBRU:CYAD,2014-05-23,36.56,36.74,36.015,36.74,1448
XBRU:CYAD,2014-05-26,36.45,36.69,35.8,36.69,4803
XBRU:CYAD,2014-05-27,36.25,36.6,35.8,35.81,4287
XBRU:CYAD,2014-05-28,36.6,36.62,36.045,36.045,2209
XBRU:CYAD,2014-05-29,36.765,36.97,36.165,36.635,5509
XBRU:CYAD,2014-05-30,39.5,39.5,36.53,37.0,23991
XBRU:CYAD,2014-06-02,38.85,40.0,38.83,39.98,9714
XBRU:CYAD,2014-06-03,38.845,39.29,38.02,39.29,7747
XBRU:CYAD,2014-06-04,39.0,39.17,38.65,38.815,5401
XBRU:CYAD,2014-06-05,40.22,40.615,38.405,39.0,18801
XBRU:CYAD,2014-06-06,42.77,43.1,40.57,40.62,40951
XBRU:CYAD,2014-06-09,42.3,43.0,41.05,42.9,7347
XBRU:CYAD,2014-06-10,43.09,43.3,41.425,42.265,14532
XBRU:CYAD,2014-06-11,44.0,45.0,42.475,43.45,27029
XBRU:CYAD,2014-06-12,41.975,45.2,41.55,44.4,24578
XBRU:CYAD,2014-06-13,42.66,43.485,41.32,43.485,9215
XBRU:CYAD,2014-06-16,45.12,48.75,43.16,43.295,89306
XBRU:CYAD,2014-06-17,46.0,47.0,44.25,45.78,62406
XBRU:CYAD,2014-06-18,46.0,46.88,45.65,46.6,32597
XBRU:CYAD,2014-06-19,46.43,46.59,45.83,46.3,6677
XBRU:CYAD,2014-06-20,45.125,46.19,44.3,46.105,21006
XBRU:CYAD,2014-06-23,44.38,44.9,43.32,44.9,18081
XBRU:CYAD,2014-06-24,45.01,46.0,44.5,44.875,37677
XBRU:CYAD,2014-06-25,42.89,45.0,42.62,45.0,15504
XBRU:CYAD,2014-06-26,41.01,43.6,40.81,43.19,24211
XBRU:CYAD,2014-06-27,43.42,43.42,41.015,41.11,9813
XBRU:CYAD,2014-06-30,42.59,44.5,42.59,42.8,11890
XBRU:CYAD,2014-07-01,42.4,43.0,41.92,42.7,104615
XBRU:CYAD,2014-07-02,42.0,42.805,41.955,42.3,4019
XBRU:CYAD,2014-07-03,41.935,42.2,41.2,42.0,12975
XBRU:CYAD,2014-07-04,42.0,42.0,41.01,41.3,11442
XBRU:CYAD,2014-07-07,41.5,42.2,40.78,42.2,16348
XBRU:CYAD,2014-07-08,39.9,41.3,39.68,41.3,10818
XBRU:CYAD,2014-07-09,40.95,41.59,38.12,39.52,28058
XBRU:CYAD,2014-07-10,40.95,41.0,40.95,41.0,29763
XBRU:CYAD,2014-07-11,39.65,40.0,39.1,39.5,5275
XBRU:CYAD,2014-07-14,39.7,40.45,39.5,39.9,23925
XBRU:CYAD,2014-07-15,38.54,40.0,38.32,39.51,8876
XBRU:CYAD,2014-07-16,38.03,38.975,38.03,38.5,11406
XBRU:CYAD,2014-07-17,38.05,38.9,38.03,38.05,9232
XBRU:CYAD,2014-07-18,39.99,40.25,38.4,38.415,15415
XBRU:CYAD,2014-07-21,39.5,40.45,39.085,40.295,11894
XBRU:CYAD,2014-07-22,39.92,40.45,39.6,39.6,14637
XBRU:CYAD,2014-07-23,40.075,40.075,39.675,39.92,6662
XBRU:CYAD,2014-07-24,39.85,40.25,39.6,40.08,6555
XBRU:CYAD,2014-07-25,39.04,40.0,39.03,40.0,8462
XBRU:CYAD,2014-07-28,39.745,40.0,39.155,39.495,8163
XBRU:CYAD,2014-07-29,39.805,40.445,39.78,40.0,5158
XBRU:CYAD,2014-07-30,39.35,40.1,39.06,39.99,4410
XBRU:CYAD,2014-07-31,39.25,40.0,39.25,39.5,13156
XBRU:CYAD,2014-08-01,38.5,39.41,38.0,39.105,6893
XBRU:CYAD,2014-08-04,39.44,39.57,38.5,38.5,5576
XBRU:CYAD,2014-08-05,40.0,40.05,38.715,38.95,13705
XBRU:CYAD,2014-08-06,38.2,39.9,38.175,39.9,13581
XBRU:CYAD,2014-08-07,36.3,38.0,36.12,38.0,21928
XBRU:CYAD,2014-08-08,36.75,37.3,34.0,36.3,19674
XBRU:CYAD,2014-08-11,38.92,38.92,36.8,36.99,11100
XBRU:CYAD,2014-08-12,38.82,39.39,38.405,39.39,7665
XBRU:CYAD,2014-08-13,38.12,38.82,37.06,38.765,3188
XBRU:CYAD,2014-08-14,38.805,39.485,38.46,38.8,5221
XBRU:CYAD,2014-08-15,38.5,39.475,38.1,39.475,2270
XBRU:CYAD,2014-08-18,39.0,39.5,38.92,39.49,6357
XBRU:CYAD,2014-08-19,39.535,40.0,38.66,39.0,25882
XBRU:CYAD,2014-08-20,39.355,39.98,39.25,39.885,3416
XBRU:CYAD,2014-08-21,39.0,39.99,38.9,39.89,11700
XBRU:CYAD,2014-08-22,39.385,39.9,39.1,39.4,11243
XBRU:CYAD,2014-08-25,39.4,41.38,38.5,40.0,35078
XBRU:CYAD,2014-08-26,39.7,39.79,39.0,39.1,6701
XBRU:CYAD,2014-08-27,39.4,39.6,39.0,39.3,4925
XBRU:CYAD,2014-08-28,39.2,39.275,38.57,39.22,6002
XBRU:CYAD,2014-08-29,38.99,39.25,38.58,39.25,5635
XBRU:CYAD,2014-09-01,39.435,39.49,38.56,39.145,3992
XBRU:CYAD,2014-09-02,38.94,39.49,38.94,39.49,3786
XBRU:CYAD,2014-09-03,38.94,39.44,38.6,39.44,5399
XBRU:CYAD,2014-09-04,38.54,39.11,38.515,39.0,15025
XBRU:CYAD,2014-09-05,38.97,38.99,38.5,38.555,8968
XBRU:CYAD,2014-09-08,39.18,39.18,38.62,38.97,20221
XBRU:CYAD,2014-09-09,39.21,39.58,38.66,39.25,16296
XBRU:CYAD,2014-09-10,38.81,39.69,38.71,39.01,11551
XBRU:CYAD,2014-09-11,40.785,41.0,38.72,39.0,90937
XBRU:CYAD,2014-09-12,39.76,40.52,39.25,40.41,26955
XBRU:CYAD,2014-09-15,38.99,41.87,38.14,39.715,175003
XBRU:CYAD,2014-09-16,37.5,39.06,36.4,39.0,46632
XBRU:CYAD,2014-09-17,37.9,38.47,37.5,37.69,19450
XBRU:CYAD,2014-09-18,38.0,38.345,37.5,37.81,14345
XBRU:CYAD,2014-09-19,38.37,38.52,37.52,38.0,14833
XBRU:CYAD,2014-09-22,37.9,38.85,37.9,38.3,10470
XBRU:CYAD,2014-09-23,38.05,38.7,37.795,37.9,9524
XBRU:CYAD,2014-09-24,38.4,38.49,38.055,38.49,4200
XBRU:CYAD,2014-09-25,37.88,38.6,37.31,38.5,12223
XBRU:CYAD,2014-09-26,38.2,38.2,37.28,38.2,8807
XBRU:CYAD,2014-09-29,38.095,38.88,37.805,38.39,15654
XBRU:CYAD,2014-09-30,38.855,38.86,38.17,38.685,5883
XBRU:CYAD,2014-10-01,38.6,39.815,38.495,38.975,16942
XBRU:CYAD,2014-10-02,38.415,38.8,37.4,38.7,12921
XBRU:CYAD,2014-10-03,39.46,39.46,37.54,39.12,14284
XBRU:CYAD,2014-10-06,39.465,39.89,39.125,39.13,9191
XBRU:CYAD,2014-10-07,38.0,39.4,38.0,39.4,7995
XBRU:CYAD,2014-10-08,36.595,38.935,35.33,38.485,28449
XBRU:CYAD,2014-10-09,36.915,38.0,36.21,37.61,8558
XBRU:CYAD,2014-10-10,35.0,36.205,33.24,36.2,22298
XBRU:CYAD,2014-10-13,34.56,35.895,33.585,34.7,8415
XBRU:CYAD,2014-10-14,35.15,35.15,33.57,34.15,7792
XBRU:CYAD,2014-10-15,33.15,36.25,33.15,35.15,13533
XBRU:CYAD,2014-10-16,33.0,34.475,30.345,33.6,32238
XBRU:CYAD,2014-10-17,34.56,34.94,33.0,33.49,7025
XBRU:CYAD,2014-10-20,34.06,35.0,34.0,34.8,4841
XBRU:CYAD,2014-10-21,35.24,36.0,34.0,34.225,7545
XBRU:CYAD,2014-10-22,34.67,36.54,34.67,35.55,10310
XBRU:CYAD,2014-10-23,36.85,36.88,34.22,34.68,10056
XBRU:CYAD,2014-10-24,36.47,37.0,36.01,36.89,5390
XBRU:CYAD,2014-10-27,35.5,36.7,35.0,36.5,7584
XBRU:CYAD,2014-10-28,34.4,35.7,34.0,35.7,7369
XBRU:CYAD,2014-10-29,34.54,35.49,34.51,35.0,1655
XBRU:CYAD,2014-10-30,34.0,34.995,32.86,34.995,15415
XBRU:CYAD,2014-10-31,34.98,34.98,33.76,34.49,8448
XBRU:CYAD,2014-11-03,34.12,35.49,33.8,34.74,5932
XBRU:CYAD,2014-11-04,34.0,34.395,33.72,34.1,4307
XBRU:CYAD,2014-11-05,33.6,33.895,33.01,33.72,4618
XBRU:CYAD,2014-11-06,34.84,35.5,34.4,35.5,16584
XBRU:CYAD,2014-11-07,34.865,35.35,34.215,35.35,6498
XBRU:CYAD,2014-11-10,34.28,34.89,34.21,34.89,6969
XBRU:CYAD,2014-11-11,34.2,34.8,34.015,34.24,3389
XBRU:CYAD,2014-11-12,33.73,34.5,33.73,34.2,5313
XBRU:CYAD,2014-11-13,34.0,34.1,33.59,33.75,2865
XBRU:CYAD,2014-11-14,33.6,34.0,33.225,33.225,4636
XBRU:CYAD,2014-11-17,33.42,33.87,33.02,33.255,4412
XBRU:CYAD,2014-11-18,33.54,33.925,33.45,33.45,3013
XBRU:CYAD,2014-11-19,34.0,34.245,33.6,33.6,3560
XBRU:CYAD,2014-11-20,33.8,34.88,33.75,34.0,4979
XBRU:CYAD,2014-11-21,33.805,34.15,33.8,33.8,4470
XBRU:CYAD,2014-11-24,33.825,34.255,33.54,34.255,4048
XBRU:CYAD,2014-11-25,33.06,34.0,33.01,33.7,8700
XBRU:CYAD,2014-11-26,34.5,35.895,33.07,33.07,21675
XBRU:CYAD,2014-11-27,34.5,34.97,34.35,34.5,7078
XBRU:CYAD,2014-11-28,35.7,35.96,34.385,34.95,9329
XBRU:CYAD,2014-12-01,35.325,35.97,35.315,35.96,3629
XBRU:CYAD,2014-12-02,33.85,35.6,33.67,35.6,9331
XBRU:CYAD,2014-12-03,33.73,33.9,33.61,33.9,3634
XBRU:CYAD,2014-12-04,34.11,34.89,34.01,34.595,3988
XBRU:CYAD,2014-12-05,33.8,34.98,33.755,34.0,6299
XBRU:CYAD,2014-12-08,34.05,34.175,33.6,34.0,7996
XBRU:CYAD,2014-12-09,33.25,34.2,33.1,34.1,9758
XBRU:CYAD,2014-12-10,33.155,33.635,33.1,33.11,2335
XBRU:CYAD,2014-12-11,33.17,33.495,32.76,33.495,4984
XBRU:CYAD,2014-12-12,32.695,33.5,32.3,33.17,4509
XBRU:CYAD,2014-12-15,31.33,33.095,31.33,32.12,7590
XBRU:CYAD,2014-12-16,30.4,32.48,28.01,32.48,17905
XBRU:CYAD,2014-12-17,30.07,30.395,29.4,29.4,8569
XBRU:CYAD,2014-12-18,31.45,32.3,30.13,30.5,13581
XBRU:CYAD,2014-12-19,34.5,34.9,31.3,31.3,19092
XBRU:CYAD,2014-12-22,34.55,35.505,33.65,34.89,18541
XBRU:CYAD,2014-12-23,33.3,34.3,33.3,34.3,8506
XBRU:CYAD,2014-12-24,33.07,33.99,33.02,33.99,4821
XBRU:CYAD,2014-12-25,33.07,33.07,33.07,33.07,0
XBRU:CYAD,2014-12-26,33.07,33.07,33.07,33.07,0
XBRU:CYAD,2014-12-29,33.395,33.8,32.71,33.1,9558
XBRU:CYAD,2014-12-30,33.59,33.96,32.7,32.825,3423
XBRU:CYAD,2014-12-31,33.9,33.95,33.335,33.75,1914
XBRU:CYAD,2015-01-01,33.9,33.9,33.9,33.9,0
XBRU:CYAD,2015-01-02,34.35,34.42,33.615,33.99,19556
XBRU:CYAD,2015-01-05,35.5,36.24,34.51,34.51,32187
XBRU:CYAD,2015-01-06,36.48,36.49,35.22,36.1,20124
XBRU:CYAD,2015-01-07,37.575,40.0,36.785,36.79,66312
XBRU:CYAD,2015-01-08,39.45,39.45,37.705,38.35,23650
XBRU:CYAD,2015-01-09,38.9,39.935,38.0,39.45,20964
XBRU:CYAD,2015-01-12,40.0,40.38,39.585,39.6,62042
XBRU:CYAD,2015-01-13,41.9,43.6,39.8,39.8,75807
XBRU:CYAD,2015-01-14,40.5,42.0,40.25,42.0,22409
XBRU:CYAD,2015-01-15,40.5,40.6,39.3,40.52,23351
XBRU:CYAD,2015-01-16,38.9,40.06,38.5,40.01,12153
XBRU:CYAD,2015-01-19,39.36,39.9,38.85,39.5,8897
XBRU:CYAD,2015-01-20,39.26,39.75,39.0,39.75,5760
XBRU:CYAD,2015-01-21,39.0,39.615,38.505,39.3,8024
XBRU:CYAD,2015-01-22,38.4,38.7,37.82,38.7,10535
XBRU:CYAD,2015-01-23,38.94,38.94,37.82,38.2,11986
XBRU:CYAD,2015-01-26,41.29,41.29,39.54,39.645,50178
XBRU:CYAD,2015-01-27,40.135,41.43,39.51,41.4,18090
XBRU:CYAD,2015-01-28,42.0,42.6,39.705,40.48,43393
XBRU:CYAD,2015-01-29,42.85,43.12,41.365,42.0,73436
XBRU:CYAD,2015-01-30,43.29,44.0,42.5,43.25,33936
XBRU:CYAD,2015-02-02,41.885,43.5,41.02,43.5,28785
XBRU:CYAD,2015-02-03,40.575,41.885,40.15,41.885,31095
XBRU:CYAD,2015-02-04,40.0,41.2,39.5,40.7,12844
XBRU:CYAD,2015-02-05,41.5,41.95,39.63,40.0,16294
XBRU:CYAD,2015-02-06,42.59,42.7,40.61,41.5,26878
XBRU:CYAD,2015-02-09,42.85,43.91,42.15,42.95,22591
XBRU:CYAD,2015-02-10,43.5,43.76,42.2,42.87,23099
XBRU:CYAD,2015-02-11,41.93,44.36,41.605,43.0,33238
XBRU:CYAD,2015-02-12,43.175,43.175,41.5,41.93,15639
XBRU:CYAD,2015-02-13,43.09,43.82,43.0,43.24,12077
XBRU:CYAD,2015-02-16,42.51,43.34,42.02,43.3,11229
XBRU:CYAD,2015-02-17,43.16,43.49,42.32,42.39,6367
XBRU:CYAD,2015-02-18,43.7,43.88,43.02,43.59,14112
XBRU:CYAD,2015-02-19,43.74,43.895,43.045,43.895,11958
XBRU:CYAD,2015-02-20,43.19,43.7,42.0,43.7,19958
XBRU:CYAD,2015-02-23,46.2,46.57,43.205,43.3,45117
XBRU:CYAD,2015-02-24,45.1,45.9,44.1,45.9,32385
XBRU:CYAD,2015-02-25,44.5,46.06,44.27,45.29,27007
XBRU:CYAD,2015-02-26,45.66,45.99,44.52,45.99,16112
XBRU:CYAD,2015-02-27,46.1,47.85,46.01,46.01,461935
XBRU:CYAD,2015-03-02,45.11,46.49,44.97,46.45,19710
XBRU:CYAD,2015-03-03,46.15,46.61,45.06,45.1,16517
XBRU:CYAD,2015-03-04,45.55,46.95,45.55,46.01,15306
XBRU:CYAD,2015-03-05,46.69,46.695,45.615,46.32,9184
XBRU:CYAD,2015-03-06,46.96,47.59,46.6,46.99,24721
XBRU:CYAD,2015-03-09,46.16,47.46,45.51,46.96,12095
XBRU:CYAD,2015-03-10,45.32,46.94,45.2,46.94,11498
XBRU:CYAD,2015-03-11,45.95,46.375,44.5,45.11,21461
XBRU:CYAD,2015-03-12,45.65,46.45,45.125,46.45,9515
XBRU:CYAD,2015-03-13,45.03,45.65,45.0,45.65,5266
XBRU:CYAD,2015-03-16,44.49,45.22,43.11,44.8,22421
XBRU:CYAD,2015-03-17,43.35,44.555,43.005,44.37,19934
XBRU:CYAD,2015-03-18,41.9,43.35,40.63,43.35,31648
XBRU:CYAD,2015-03-19,42.75,42.88,41.0,41.37,16599
XBRU:CYAD,2015-03-20,45.09,45.09,42.5,43.0,25327
XBRU:CYAD,2015-03-23,44.5,45.19,44.2,45.0,22514
XBRU:CYAD,2015-03-24,45.1,45.4,44.4,44.5,24337
XBRU:CYAD,2015-03-25,47.0,47.0,45.105,45.4,38355
XBRU:CYAD,2015-03-26,45.3,45.81,44.1,45.81,37529
XBRU:CYAD,2015-03-27,45.005,45.49,43.11,44.56,42076
XBRU:CYAD,2015-03-30,44.15,46.08,43.88,46.0,26255
XBRU:CYAD,2015-03-31,43.95,44.6,43.16,44.15,21770
XBRU:CYAD,2015-04-01,45.945,48.49,45.16,46.94,132180
XBRU:CYAD,2015-04-02,44.0,46.685,44.0,46.685,57862
XBRU:CYAD,2015-04-03,44.0,44.0,44.0,44.0,0
XBRU:CYAD,2015-04-06,44.0,44.0,44.0,44.0,0
XBRU:CYAD,2015-04-07,45.1,45.28,43.545,45.0,32505
XBRU:CYAD,2015-04-08,52.0,52.0,45.74,45.74,186356
XBRU:CYAD,2015-04-09,51.41,54.85,51.0,52.93,148356
XBRU:CYAD,2015-04-10,53.7,54.3,50.51,51.41,78636
XBRU:CYAD,2015-04-13,55.36,56.43,53.7,54.75,105941
XBRU:CYAD,2015-04-14,52.53,56.18,52.45,56.0,78122
XBRU:CYAD,2015-04-15,53.2,54.06,52.1,52.5,40549
XBRU:CYAD,2015-04-16,52.1,53.7,51.2,53.7,51055
XBRU:CYAD,2015-04-17,52.68,52.78,51.5,51.8,26968
XBRU:CYAD,2015-04-20,51.85,52.93,50.9,52.7,46206
XBRU:CYAD,2015-04-21,52.51,53.0,50.99,52.0,43758
XBRU:CYAD,2015-04-22,52.84,53.87,51.94,53.0,29763
XBRU:CYAD,2015-04-23,52.13,53.14,51.9,52.5,18731
XBRU:CYAD,2015-04-24,53.09,53.1,51.5,52.42,22300
XBRU:CYAD,2015-04-27,52.55,54.72,52.3,53.19,40453
XBRU:CYAD,2015-04-28,52.66,53.3,51.63,52.55,25947
XBRU:CYAD,2015-04-29,51.4,52.99,51.4,52.92,20435
XBRU:CYAD,2015-04-30,51.47,52.34,50.7,51.42,34153
XBRU:CYAD,2015-05-01,51.47,51.47,51.47,51.47,0
XBRU:CYAD,2015-05-04,52.61,52.88,51.7,52.42,19405
XBRU:CYAD,2015-05-05,51.12,52.85,50.6,52.74,21851
XBRU:CYAD,2015-05-06,52.25,52.73,51.0,52.0,16097
XBRU:CYAD,2015-05-07,51.26,52.02,50.4,51.98,39440
XBRU:CYAD,2015-05-08,52.04,52.58,50.57,51.0,14395
XBRU:CYAD,2015-05-11,53.24,53.24,52.2,52.48,16110
XBRU:CYAD,2015-05-12,51.61,53.24,50.5,53.1,20399
XBRU:CYAD,2015-05-13,51.4,52.85,50.85,51.78,18804
XBRU:CYAD,2015-05-14,53.0,53.3,51.05,51.05,14180
XBRU:CYAD,2015-05-15,55.1,56.85,53.05,53.1,69530
XBRU:CYAD,2015-05-18,57.85,57.94,55.25,55.5,62027
XBRU:CYAD,2015-05-19,64.79,64.79,59.6,60.0,173226
XBRU:CYAD,2015-05-20,63.21,64.24,60.11,64.2,72421
XBRU:CYAD,2015-05-21,63.93,64.49,62.34,62.9,28271
XBRU:CYAD,2015-05-22,69.5,69.69,64.01,64.48,108310
XBRU:CYAD,2015-05-25,67.7,70.95,67.1,69.74,51381
XBRU:CYAD,2015-05-26,67.66,69.0,66.45,68.78,31468
XBRU:CYAD,2015-05-27,68.45,68.75,66.53,67.67,30713
XBRU:CYAD,2015-05-28,67.11,68.5,67.09,68.5,19018
XBRU:CYAD,2015-05-29,67.39,68.15,65.51,68.0,41791
XBRU:CYAD,2015-06-01,66.62,68.94,65.97,67.41,29046
XBRU:CYAD,2015-06-02,65.25,66.8,65.0,66.8,27814
XBRU:CYAD,2015-06-03,65.77,66.2,63.0,65.3,29006
XBRU:CYAD,2015-06-04,64.81,65.62,64.1,65.5,11376
XBRU:CYAD,2015-06-05,63.0,65.2,61.3,64.5,39569
XBRU:CYAD,2015-06-08,60.82,62.78,60.82,62.1,25966
XBRU:CYAD,2015-06-09,63.94,65.3,60.0,60.5,54392
XBRU:CYAD,2015-06-10,65.73,65.73,64.24,65.3,39482
XBRU:CYAD,2015-06-11,65.94,67.0,65.36,65.95,54165
XBRU:CYAD,2015-06-12,62.94,65.91,61.5,65.91,34936
XBRU:CYAD,2015-06-15,60.71,65.45,60.3,60.8,62632
XBRU:CYAD,2015-06-16,65.6,65.6,60.0,60.7,77072
XBRU:CYAD,2015-06-17,63.18,67.95,63.18,66.43,56036
XBRU:CYAD,2015-06-18,62.5,63.6,60.82,62.82,71585
XBRU:CYAD,2015-06-19,52.96,61.89,52.11,61.0,282741
XBRU:CYAD,2015-06-22,51.14,57.77,50.03,51.4,278168
XBRU:CYAD,2015-06-23,51.16,53.06,50.51,51.85,82719
XBRU:CYAD,2015-06-24,49.4,51.41,48.55,51.1,126641
XBRU:CYAD,2015-06-25,48.45,50.45,48.12,48.73,74806
XBRU:CYAD,2015-06-26,47.31,48.85,47.2,48.0,68197
XBRU:CYAD,2015-06-29,45.85,46.605,43.55,44.25,113734
XBRU:CYAD,2015-06-30,47.15,49.5,45.5,45.5,169686
XBRU:CYAD,2015-07-01,47.49,49.4,47.01,47.565,54254
XBRU:CYAD,2015-07-02,46.265,48.0,45.675,47.88,57428
XBRU:CYAD,2015-07-03,44.44,45.985,44.25,45.48,47382
XBRU:CYAD,2015-07-06,44.395,45.195,42.75,43.79,45739
XBRU:CYAD,2015-07-07,44.6,46.09,44.01,44.72,42600
XBRU:CYAD,2015-07-08,43.8,46.435,43.7,45.19,55395
XBRU:CYAD,2015-07-09,44.6,45.4,43.9,43.9,38426
XBRU:CYAD,2015-07-10,46.9,48.3,45.6,46.01,79825
XBRU:CYAD,2015-07-13,49.995,51.1,47.63,47.96,94710
XBRU:CYAD,2015-07-14,55.0,56.8,51.02,51.95,143478
XBRU:CYAD,2015-07-15,56.9,57.98,55.5,56.55,97536
XBRU:CYAD,2015-07-16,56.3,57.51,55.54,57.0,50343
XBRU:CYAD,2015-07-17,56.33,56.86,55.51,56.75,24071
XBRU:CYAD,2015-07-20,57.0,57.32,55.58,57.32,37023
XBRU:CYAD,2015-07-21,55.45,57.32,55.35,57.32,14218
XBRU:CYAD,2015-07-22,54.77,55.45,53.03,55.45,30651
XBRU:CYAD,2015-07-23,53.4,54.53,53.26,54.53,13972
XBRU:CYAD,2015-07-24,53.94,54.89,53.11,53.4,15824
XBRU:CYAD,2015-07-27,51.51,53.9,51.02,53.9,27036
XBRU:CYAD,2015-07-28,51.35,52.0,50.25,51.5,28140
XBRU:CYAD,2015-07-29,52.03,52.64,51.76,52.0,15159
XBRU:CYAD,2015-07-30,51.22,52.79,51.21,52.65,7574
XBRU:CYAD,2015-07-31,50.49,52.0,49.92,52.0,26013
XBRU:CYAD,2015-08-03,51.5,53.15,50.42,51.35,25704
XBRU:CYAD,2015-08-04,50.69,51.99,50.51,51.5,12855
XBRU:CYAD,2015-08-05,50.46,51.48,50.26,51.48,15730
XBRU:CYAD,2015-08-06,52.09,52.12,50.3,50.3,11425
XBRU:CYAD,2015-08-07,50.48,52.44,50.45,52.12,9869
XBRU:CYAD,2015-08-10,50.35,51.29,49.9,51.29,9704
XBRU:CYAD,2015-08-11,51.59,52.0,50.0,50.11,20451
XBRU:CYAD,2015-08-12,50.22,52.45,50.21,51.98,20432
XBRU:CYAD,2015-08-13,50.34,50.95,50.31,50.5,12817
XBRU:CYAD,2015-08-14,49.45,50.36,49.45,50.1,10086
XBRU:CYAD,2015-08-17,49.485,50.3,49.11,49.995,5638
XBRU:CYAD,2015-08-18,49.445,50.19,49.4,50.15,5821
XBRU:CYAD,2015-08-19,49.5,49.9,49.01,49.885,12954
XBRU:CYAD,2015-08-20,47.65,50.15,47.11,49.3,19018
XBRU:CYAD,2015-08-21,45.605,47.5,45.4,46.985,25705
XBRU:CYAD,2015-08-24,40.84,45.0,37.6,45.0,91530
XBRU:CYAD,2015-08-25,45.23,45.89,41.0,42.35,55708
XBRU:CYAD,2015-08-26,45.195,47.89,44.635,46.69,39907
XBRU:CYAD,2015-08-27,44.01,48.0,43.715,47.59,37004
XBRU:CYAD,2015-08-28,43.35,44.9,43.0,44.5,15031
XBRU:CYAD,2015-08-31,43.21,46.19,43.21,44.62,28379
XBRU:CYAD,2015-09-01,41.8,42.9,41.015,42.415,22083
XBRU:CYAD,2015-09-02,42.33,42.49,41.01,41.93,10910
XBRU:CYAD,2015-09-03,42.45,43.0,42.0,42.85,9017
XBRU:CYAD,2015-09-04,41.42,42.4,41.125,42.31,10931
XBRU:CYAD,2015-09-07,40.11,41.7,40.11,41.7,12423
XBRU:CYAD,2015-09-08,39.55,40.4,39.41,40.12,27388
XBRU:CYAD,2015-09-09,38.57,40.5,38.57,40.4,27509
XBRU:CYAD,2015-09-10,38.1,38.96,38.0,38.96,19129
XBRU:CYAD,2015-09-11,37.8,38.325,36.52,37.9,23530
XBRU:CYAD,2015-09-14,38.3,38.88,37.9,38.0,12151
XBRU:CYAD,2015-09-15,40.305,40.4,38.1,38.5,23592
XBRU:CYAD,2015-09-16,41.3,42.49,39.6,40.4,24831
XBRU:CYAD,2015-09-17,40.215,41.97,39.615,41.97,11117
XBRU:CYAD,2015-09-18,40.7,40.71,39.62,40.25,7060
XBRU:CYAD,2015-09-21,40.21,40.9,40.2,40.8,5784
XBRU:CYAD,2015-09-22,38.52,39.99,38.25,39.99,8996
XBRU:CYAD,2015-09-23,39.12,39.87,38.3,39.5,10148
XBRU:CYAD,2015-09-24,37.64,39.0,37.6,39.0,9082
XBRU:CYAD,2015-09-25,37.51,38.76,37.05,38.58,30712
XBRU:CYAD,2015-09-28,35.8,37.19,35.61,37.015,17115
XBRU:CYAD,2015-09-29,34.1,35.6,33.62,35.6,31111
XBRU:CYAD,2015-09-30,35.85,36.25,34.37,35.0,26866
XBRU:CYAD,2015-10-01,36.515,38.0,36.4,36.4,32534
XBRU:CYAD,2015-10-02,36.1,37.45,35.6,37.45,15643
XBRU:CYAD,2015-10-05,35.35,36.5,34.75,36.5,25376
XBRU:CYAD,2015-10-06,35.43,36.0,35.1,35.35,11601
XBRU:CYAD,2015-10-07,33.935,35.5,33.905,35.16,24124
XBRU:CYAD,2015-10-08,33.415,34.41,33.0,33.99,16456
XBRU:CYAD,2015-10-09,33.28,34.0,32.91,33.4,31708
XBRU:CYAD,2015-10-12,33.51,34.625,33.25,33.25,13135
XBRU:CYAD,2015-10-13,33.065,33.9,32.7,33.51,22789
XBRU:CYAD,2015-10-14,31.4,33.47,31.34,33.47,37436
XBRU:CYAD,2015-10-15,32.43,33.545,31.5,31.5,21425
XBRU:CYAD,2015-10-16,32.925,33.96,32.505,32.9,41715
XBRU:CYAD,2015-10-19,32.51,33.5,32.22,33.0,17773
XBRU:CYAD,2015-10-20,32.2,32.9,32.2,32.66,8167
XBRU:CYAD,2015-10-21,31.4,32.635,31.14,32.2,24881
XBRU:CYAD,2015-10-22,31.0,31.4,30.5,31.4,55048
XBRU:CYAD,2015-10-23,36.5,39.2,31.555,32.25,392385
XBRU:CYAD,2015-10-26,37.62,39.99,37.3,37.6,128247
XBRU:CYAD,2015-10-27,37.455,38.69,36.775,37.805,34915
XBRU:CYAD,2015-10-28,35.965,37.835,35.355,37.835,40535
XBRU:CYAD,2015-10-29,35.865,36.98,35.54,36.68,32875
XBRU:CYAD,2015-10-30,35.765,36.0,34.67,35.8,26727
XBRU:CYAD,2015-11-02,36.2,36.2,35.07,35.99,17406
XBRU:CYAD,2015-11-03,38.46,38.74,36.5,36.51,63835
XBRU:CYAD,2015-11-04,41.25,42.5,39.05,39.1,76833
XBRU:CYAD,2015-11-05,41.4,43.0,40.9,42.8,56868
XBRU:CYAD,2015-11-06,45.19,45.8,41.86,42.3,116170
XBRU:CYAD,2015-11-09,43.34,45.4,42.015,45.4,57409
XBRU:CYAD,2015-11-10,44.8,46.97,44.6,44.91,58973
XBRU:CYAD,2015-11-11,44.55,45.29,44.5,45.0,27751
XBRU:CYAD,2015-11-12,42.645,44.7,42.44,44.53,22220
XBRU:CYAD,2015-11-13,41.12,42.21,40.5,42.21,30893
XBRU:CYAD,2015-11-16,39.0,40.57,38.76,40.15,32215
XBRU:CYAD,2015-11-17,41.945,41.95,39.05,39.9,50673
XBRU:CYAD,2015-11-18,41.265,41.895,40.24,41.51,19720
XBRU:CYAD,2015-11-19,40.0,42.9,39.8,41.7,38142
XBRU:CYAD,2015-11-20,40.35,40.9,39.8,40.815,26558
XBRU:CYAD,2015-11-23,40.75,41.435,40.26,40.35,12861
XBRU:CYAD,2015-11-24,40.2,40.75,40.1,40.75,26806
XBRU:CYAD,2015-11-25,40.38,40.5,40.0,40.5,15198
XBRU:CYAD,2015-11-26,42.9,42.94,40.5,40.5,39252
XBRU:CYAD,2015-11-27,44.65,44.65,42.435,42.85,31836
XBRU:CYAD,2015-11-30,44.98,45.25,43.71,45.0,36011
XBRU:CYAD,2015-12-01,43.7,45.195,43.6,45.15,15264
XBRU:CYAD,2015-12-02,44.245,44.455,43.72,44.0,11952
XBRU:CYAD,2015-12-03,44.095,44.5,43.7,44.4,19627
XBRU:CYAD,2015-12-04,42.55,44.2,42.105,44.2,21702
XBRU:CYAD,2015-12-07,42.75,43.78,42.23,42.29,10615
XBRU:CYAD,2015-12-08,43.04,43.255,42.2,42.74,14752
XBRU:CYAD,2015-12-09,43.5,43.8,42.38,42.38,16221
XBRU:CYAD,2015-12-10,44.71,45.0,43.995,44.4,29152
XBRU:CYAD,2015-12-11,44.5,45.3,44.5,45.25,22271
XBRU:CYAD,2015-12-14,45.0,45.5,44.955,45.15,23573
XBRU:CYAD,2015-12-15,44.27,45.345,44.2,45.3,18636
XBRU:CYAD,2015-12-16,44.92,47.4,44.68,45.38,61489
XBRU:CYAD,2015-12-17,45.125,45.985,44.93,45.5,14044
XBRU:CYAD,2015-12-18,46.25,46.25,45.2,45.2,19107
XBRU:CYAD,2015-12-21,46.605,48.41,46.605,48.0,54432
XBRU:CYAD,2015-12-22,44.91,47.395,44.6,47.0,33540
XBRU:CYAD,2015-12-23,45.44,45.78,44.5,45.07,10698
XBRU:CYAD,2015-12-24,45.995,46.345,45.59,46.345,7758
XBRU:CYAD,2015-12-25,45.995,45.995,45.995,45.995,0
XBRU:CYAD,2015-12-28,46.89,47.25,46.05,46.05,25624
XBRU:CYAD,2015-12-29,48.0,48.245,46.9,46.9,23527
XBRU:CYAD,2015-12-30,48.74,49.445,47.51,48.32,27817
XBRU:CYAD,2015-12-31,48.4,48.5,47.925,48.5,8790
XBRU:CYAD,2016-01-01,48.4,48.4,48.4,48.4,0
XBRU:CYAD,2016-01-04,47.555,48.195,46.01,48.075,27735
XBRU:CYAD,2016-01-05,46.6,47.82,44.345,47.5,23354
XBRU:CYAD,2016-01-06,46.25,46.9,45.105,46.6,24213
XBRU:CYAD,2016-01-07,44.75,45.45,43.555,44.93,26081
XBRU:CYAD,2016-01-08,43.32,45.235,42.8,44.765,21181
XBRU:CYAD,2016-01-11,40.9,43.0,40.595,43.0,29531
XBRU:CYAD,2016-01-12,39.8,40.86,38.2,40.45,47738
XBRU:CYAD,2016-01-13,36.99,40.35,36.235,39.925,53882
XBRU:CYAD,2016-01-14,34.685,36.215,34.195,35.555,48747
XBRU:CYAD,2016-01-15,32.235,35.88,32.11,34.685,38116
XBRU:CYAD,2016-01-18,32.0,33.03,31.0,32.0,44140
XBRU:CYAD,2016-01-19,32.95,35.36,32.81,33.2,37898
XBRU:CYAD,2016-01-20,30.33,31.99,30.105,31.99,59051
XBRU:CYAD,2016-01-21,32.08,32.835,30.5,30.5,32856
XBRU:CYAD,2016-01-22,34.75,35.15,33.145,33.78,32452
XBRU:CYAD,2016-01-25,34.98,36.515,34.8,35.955,28173
XBRU:CYAD,2016-01-26,34.29,34.8,33.35,34.055,26362
XBRU:CYAD,2016-01-27,33.965,34.925,33.1,34.795,19746
XBRU:CYAD,2016-01-28,32.635,34.0,32.21,33.9,14902
XBRU:CYAD,2016-01-29,32.3,33.2,32.25,33.02,12419
XBRU:CYAD,2016-02-01,32.11,33.295,32.11,33.21,16101
XBRU:CYAD,2016-02-02,31.82,32.74,31.575,32.74,13140
XBRU:CYAD,2016-02-03,31.25,32.75,31.25,31.71,19031
XBRU:CYAD,2016-02-04,31.995,32.565,30.36,32.0,20705
XBRU:CYAD,2016-02-05,34.94,34.95,32.0,32.1,21895
XBRU:CYAD,2016-02-08,32.5,34.98,32.175,34.965,33907
XBRU:CYAD,2016-02-09,31.875,33.26,30.82,32.35,39579
XBRU:CYAD,2016-02-10,31.48,33.34,31.17,32.3,26523
XBRU:CYAD,2016-02-11,29.78,31.495,29.225,31.0,64998
XBRU:CYAD,2016-02-12,29.51,30.3,29.3,30.0,28540
XBRU:CYAD,2016-02-15,32.785,33.0,30.48,31.0,26245
XBRU:CYAD,2016-02-16,31.21,33.0,31.1,33.0,18740
XBRU:CYAD,2016-02-17,33.0,33.0,31.255,31.255,35339
XBRU:CYAD,2016-02-18,33.985,34.135,32.76,33.25,16645
XBRU:CYAD,2016-02-19,33.06,34.48,32.995,33.45,11897
XBRU:CYAD,2016-02-22,33.505,35.1,33.16,34.44,17276
XBRU:CYAD,2016-02-23,34.055,34.99,33.15,33.15,11327
XBRU:CYAD,2016-02-24,33.66,34.65,32.415,34.65,25353
XBRU:CYAD,2016-02-25,34.0,34.75,33.5,34.75,18262
XBRU:CYAD,2016-02-26,35.22,36.19,34.055,34.055,22482
XBRU:CYAD,2016-02-29,37.49,37.5,34.32,35.375,20909
XBRU:CYAD,2016-03-01,40.26,40.72,37.4,38.1,46783
XBRU:CYAD,2016-03-02,38.27,41.06,38.065,41.06,37647
XBRU:CYAD,2016-03-03,39.07,40.8,38.4,38.4,21781
XBRU:CYAD,2016-03-04,39.895,40.7,39.35,39.745,18778
XBRU:CYAD,2016-03-07,39.8,41.25,38.65,40.25,32640
XBRU:CYAD,2016-03-08,39.36,40.195,39.12,39.12,12300
XBRU:CYAD,2016-03-09,38.5,39.92,38.5,39.36,17536
XBRU:CYAD,2016-03-10,38.5,39.95,38.4,38.63,6306
XBRU:CYAD,2016-03-11,39.62,39.94,38.625,39.25,8170
XBRU:CYAD,2016-03-14,42.25,42.38,40.52,41.0,49588
XBRU:CYAD,2016-03-15,40.7,42.98,40.5,42.8,26193
XBRU:CYAD,2016-03-16,40.5,41.24,39.605,41.0,23369
XBRU:CYAD,2016-03-17,40.0,41.155,39.3,41.0,16401
XBRU:CYAD,2016-03-18,41.8,42.495,39.655,41.2,27774
XBRU:CYAD,2016-03-21,42.58,44.195,42.1,42.335,33956
XBRU:CYAD,2016-03-22,41.7,43.85,41.5,43.0,34220
XBRU:CYAD,2016-03-23,41.86,43.0,41.72,42.9,10863
XBRU:CYAD,2016-03-24,39.715,41.55,39.71,41.55,35230
XBRU:CYAD,2016-03-25,39.715,39.715,39.715,39.715,0
XBRU:CYAD,2016-03-28,39.715,39.715,39.715,39.715,0
XBRU:CYAD,2016-03-29,38.95,39.9,38.41,39.9,27244
XBRU:CYAD,2016-03-30,38.4,39.3,38.4,39.28,11844
XBRU:CYAD,2016-03-31,38.62,39.25,38.2,38.925,13429
XBRU:CYAD,2016-04-01,38.88,39.0,38.1,39.0,8657
XBRU:CYAD,2016-04-04,41.1,41.225,38.385,38.385,20469
XBRU:CYAD,2016-04-05,38.76,41.0,38.72,40.21,27329
XBRU:CYAD,2016-04-06,39.88,40.4,38.77,38.805,21949
XBRU:CYAD,2016-04-07,40.0,40.8,39.62,40.25,16980
XBRU:CYAD,2016-04-08,40.5,41.4,39.615,39.615,17514
XBRU:CYAD,2016-04-11,41.5,41.9,40.37,40.9,9172
XBRU:CYAD,2016-04-12,41.275,41.895,40.5,41.7,10831
XBRU:CYAD,2016-04-13,41.5,41.75,41.16,41.75,6911
XBRU:CYAD,2016-04-14,41.5,41.72,41.2,41.5,8083
XBRU:CYAD,2016-04-15,41.09,41.78,40.835,41.75,8297
XBRU:CYAD,2016-04-18,42.33,42.49,40.51,40.51,17871
XBRU:CYAD,2016-04-19,42.875,43.445,42.445,42.49,13977
XBRU:CYAD,2016-04-20,43.01,43.24,42.515,43.24,9040
XBRU:CYAD,2016-04-21,42.445,43.01,42.0,43.01,8062
XBRU:CYAD,2016-04-22,42.245,43.13,42.1,42.185,7633
XBRU:CYAD,2016-04-25,43.35,44.17,42.505,43.1,20145
XBRU:CYAD,2016-04-26,42.75,44.17,42.25,44.0,18464
XBRU:CYAD,2016-04-27,41.455,43.48,40.76,43.48,15873
XBRU:CYAD,2016-04-28,41.425,41.945,40.51,41.3,9144
XBRU:CYAD,2016-04-29,40.55,41.5,40.55,41.4,7656
XBRU:CYAD,2016-05-02,41.86,42.61,39.77,40.71,28839
XBRU:CYAD,2016-05-03,41.97,42.5,41.13,41.91,14893
XBRU:CYAD,2016-05-04,42.0,42.585,41.035,42.01,14099
XBRU:CYAD,2016-05-05,42.5,42.5,41.445,42.0,6138
XBRU:CYAD,2016-05-06,42.21,42.5,41.76,42.5,7026
XBRU:CYAD,2016-05-09,42.54,42.56,42.0,42.48,13329
XBRU:CYAD,2016-05-10,44.1,44.1,42.57,42.57,12318
XBRU:CYAD,2016-05-11,43.0,43.8,42.755,43.76,9120
XBRU:CYAD,2016-05-12,43.145,44.42,42.8,42.8,17177
XBRU:CYAD,2016-05-13,44.195,45.0,43.15,43.15,19071
XBRU:CYAD,2016-05-16,46.775,46.775,43.18,44.0,21527
XBRU:CYAD,2016-05-17,46.66,47.8,46.0,47.8,23567
XBRU:CYAD,2016-05-18,45.0,47.285,45.0,46.0,23082
XBRU:CYAD,2016-05-19,44.03,45.7,44.01,44.76,12497
XBRU:CYAD,2016-05-20,44.75,44.75,44.15,44.45,10972
XBRU:CYAD,2016-05-23,46.0,46.0,44.825,45.0,16733
XBRU:CYAD,2016-05-24,45.61,46.65,45.57,46.5,13438
XBRU:CYAD,2016-05-25,46.355,46.465,45.81,46.465,11038
XBRU:CYAD,2016-05-26,46.0,47.49,45.55,46.5,18132
XBRU:CYAD,2016-05-27,46.22,46.44,45.12,46.0,14971
XBRU:CYAD,2016-05-30,46.275,47.48,46.145,46.4,14799
XBRU:CYAD,2016-05-31,48.7,49.325,46.35,46.35,111982
XBRU:CYAD,2016-06-01,48.775,49.5,48.285,48.9,24119
XBRU:CYAD,2016-06-02,52.89,53.49,49.0,49.0,86037
XBRU:CYAD,2016-06-03,51.6,53.2,51.18,52.78,41099
XBRU:CYAD,2016-06-06,50.75,52.3,50.05,52.3,25249
XBRU:CYAD,2016-06-07,50.99,52.24,50.7,50.75,21927
XBRU:CYAD,2016-06-08,51.25,52.0,50.71,50.71,10417
XBRU:CYAD,2016-06-09,47.55,51.2,46.85,50.9,57229
XBRU:CYAD,2016-06-10,44.65,46.75,44.31,46.75,41093
XBRU:CYAD,2016-06-13,43.0,44.1,42.345,44.1,44599
XBRU:CYAD,2016-06-14,39.83,42.505,39.455,42.5,35589
XBRU:CYAD,2016-06-15,41.11,42.585,40.145,40.145,35214
XBRU:CYAD,2016-06-16,37.85,41.0,36.105,41.0,80807
XBRU:CYAD,2016-06-17,40.24,40.825,38.3,39.195,39120
XBRU:CYAD,2016-06-20,40.9,43.29,40.6,42.84,44439
XBRU:CYAD,2016-06-21,39.955,41.725,39.28,41.725,22525
XBRU:CYAD,2016-06-22,41.2,42.19,39.14,40.0,29107
XBRU:CYAD,2016-06-23,40.665,41.7,39.28,41.26,28903
XBRU:CYAD,2016-06-24,39.75,39.99,33.3,35.0,94448
XBRU:CYAD,2016-06-27,39.475,45.4,38.605,41.5,112398
XBRU:CYAD,2016-06-28,23.52,26.99,22.7,24.97,297536
XBRU:CYAD,2016-06-29,21.8,25.33,21.06,24.5,252292
XBRU:CYAD,2016-06-30,22.0,23.69,20.52,21.9,130431
XBRU:CYAD,2016-07-01,21.79,22.9,21.25,22.55,31176
XBRU:CYAD,2016-07-04,23.4,24.15,22.21,22.72,58384
XBRU:CYAD,2016-07-05,22.85,23.985,22.67,23.945,25933
XBRU:CYAD,2016-07-06,22.45,23.49,22.3,22.98,37440
XBRU:CYAD,2016-07-07,22.73,23.865,22.45,22.7,29571
XBRU:CYAD,2016-07-08,22.52,23.4,22.52,22.7,26230
XBRU:CYAD,2016-07-11,23.71,25.5,23.53,25.2,166078
XBRU:CYAD,2016-07-12,23.635,24.4,23.245,23.7,50625
XBRU:CYAD,2016-07-13,23.405,24.115,23.15,23.85,31259
XBRU:CYAD,2016-07-14,23.0,23.85,22.45,23.85,39887
XBRU:CYAD,2016-07-15,22.95,23.385,22.65,23.35,11217
XBRU:CYAD,2016-07-18,22.9,23.395,22.78,22.78,15938
XBRU:CYAD,2016-07-19,22.7,23.0,22.51,23.0,27618
XBRU:CYAD,2016-07-20,22.8,22.99,22.57,22.99,20489
XBRU:CYAD,2016-07-21,22.54,23.0,22.5,23.0,25723
XBRU:CYAD,2016-07-22,22.23,22.65,22.01,22.65,12907
XBRU:CYAD,2016-07-25,22.01,22.5,21.9,22.04,28509
XBRU:CYAD,2016-07-26,22.465,22.465,21.9,21.93,32398
XBRU:CYAD,2016-07-27,22.2,22.5,22.0,22.495,18696
XBRU:CYAD,2016-07-28,21.96,22.275,21.9,22.275,8683
XBRU:CYAD,2016-07-29,21.99,22.0,21.65,22.0,18755
XBRU:CYAD,2016-08-01,22.45,22.45,21.9,21.9,14847
XBRU:CYAD,2016-08-02,21.9,22.305,21.9,22.01,16741
XBRU:CYAD,2016-08-03,21.56,21.95,21.5,21.905,12700
XBRU:CYAD,2016-08-04,22.4,22.5,21.5,21.52,9024
XBRU:CYAD,2016-08-05,23.17,24.2,22.5,22.5,28605
XBRU:CYAD,2016-08-08,22.965,23.5,22.625,23.5,14469
XBRU:CYAD,2016-08-09,22.93,23.0,22.805,22.965,11265
XBRU:CYAD,2016-08-10,22.565,23.0,22.22,23.0,14909
XBRU:CYAD,2016-08-11,22.415,22.745,22.225,22.69,9695
XBRU:CYAD,2016-08-12,22.3,22.66,22.3,22.43,8525
XBRU:CYAD,2016-08-15,22.56,22.75,22.39,22.695,8033
XBRU:CYAD,2016-08-16,22.915,22.965,22.42,22.5,14411
XBRU:CYAD,2016-08-17,22.31,22.97,22.28,22.97,17114
XBRU:CYAD,2016-08-18,22.46,22.7,22.32,22.545,4559
XBRU:CYAD,2016-08-19,22.45,22.71,22.4,22.5,6809
XBRU:CYAD,2016-08-22,22.54,22.85,22.505,22.605,10000
XBRU:CYAD,2016-08-23,22.6,22.9,22.51,22.51,11433
XBRU:CYAD,2016-08-24,22.4,22.9,22.38,22.9,15468
XBRU:CYAD,2016-08-25,22.03,22.69,21.99,22.69,12369
XBRU:CYAD,2016-08-26,22.375,22.89,22.03,22.05,22981
XBRU:CYAD,2016-08-29,21.515,22.54,21.33,22.54,27253
XBRU:CYAD,2016-08-30,21.125,21.9,21.12,21.5,9818
XBRU:CYAD,2016-08-31,19.7,21.17,19.52,21.13,60822
XBRU:CYAD,2016-09-01,19.87,20.225,19.55,19.69,16807
XBRU:CYAD,2016-09-02,19.64,20.215,19.64,19.87,12472
XBRU:CYAD,2016-09-05,19.35,20.025,19.35,19.63,15335
XBRU:CYAD,2016-09-06,19.31,19.5,19.3,19.48,12798
XBRU:CYAD,2016-09-07,20.03,20.03,19.05,19.31,23696
XBRU:CYAD,2016-09-08,20.58,20.98,20.07,20.23,15146
XBRU:CYAD,2016-09-09,20.485,21.695,20.27,21.13,27565
XBRU:CYAD,2016-09-12,20.035,20.36,19.8,20.36,12705
XBRU:CYAD,2016-09-13,19.8,20.4,19.8,20.3,10704
XBRU:CYAD,2016-09-14,19.55,20.155,19.55,19.8,8683
XBRU:CYAD,2016-09-15,19.305,19.725,19.17,19.65,10989
XBRU:CYAD,2016-09-16,19.23,19.545,19.1,19.14,8692
XBRU:CYAD,2016-09-19,18.6,19.595,18.6,19.4,20042
XBRU:CYAD,2016-09-20,18.05,19.04,17.41,18.855,42784
XBRU:CYAD,2016-09-21,18.86,19.045,17.915,17.915,23438
XBRU:CYAD,2016-09-22,19.3,19.415,19.045,19.1,7057
XBRU:CYAD,2016-09-23,18.915,19.285,18.725,19.0,13655
XBRU:CYAD,2016-09-26,18.81,19.065,18.705,19.0,8741
XBRU:CYAD,2016-09-27,18.78,19.145,18.545,19.0,8821
XBRU:CYAD,2016-09-28,19.0,19.12,18.505,18.515,12706
XBRU:CYAD,2016-09-29,18.58,19.12,18.54,18.685,10503
XBRU:CYAD,2016-09-30,18.8,18.8,18.05,18.55,18811
XBRU:CYAD,2016-10-03,19.48,19.5,18.9,19.49,21841
XBRU:CYAD,2016-10-04,20.0,21.005,19.5,19.52,39336
XBRU:CYAD,2016-10-05,19.5,20.245,19.4,20.2,27100
XBRU:CYAD,2016-10-06,19.3,19.95,19.28,19.95,6147
XBRU:CYAD,2016-10-07,19.26,19.55,19.24,19.55,4235
XBRU:CYAD,2016-10-10,18.95,19.5,18.91,19.5,10703
XBRU:CYAD,2016-10-11,18.5,19.33,18.5,19.33,10719
XBRU:CYAD,2016-10-12,18.205,18.84,18.18,18.84,12066
XBRU:CYAD,2016-10-13,17.845,18.59,17.57,18.59,18083
XBRU:CYAD,2016-10-14,17.64,17.85,17.55,17.7,11526
XBRU:CYAD,2016-10-17,17.85,17.85,17.53,17.72,9265
XBRU:CYAD,2016-10-18,17.5,18.0,17.41,17.7,23119
XBRU:CYAD,2016-10-19,17.45,17.93,17.45,17.83,11525
XBRU:CYAD,2016-10-20,16.5,17.55,16.2,17.55,45633
XBRU:CYAD,2016-10-21,16.085,16.835,16.04,16.43,25102
XBRU:CYAD,2016-10-24,15.755,17.19,15.755,16.1,40978
XBRU:CYAD,2016-10-25,15.06,15.655,14.91,15.565,45630
XBRU:CYAD,2016-10-26,14.82,15.355,14.82,15.12,35461
XBRU:CYAD,2016-10-27,14.835,15.155,14.72,14.75,42777
XBRU:CYAD,2016-10-28,14.825,15.165,14.825,14.91,20316
XBRU:CYAD,2016-10-31,15.585,16.0,14.825,15.08,43793
XBRU:CYAD,2016-11-01,15.9,16.435,15.65,15.795,31166
XBRU:CYAD,2016-11-02,15.505,15.775,15.5,15.68,8719
XBRU:CYAD,2016-11-03,15.155,16.09,15.085,15.5,19453
XBRU:CYAD,2016-11-04,14.905,15.5,14.905,15.125,13991
XBRU:CYAD,2016-11-07,15.225,15.955,15.225,15.8,24248
XBRU:CYAD,2016-11-08,14.905,15.79,14.9,15.72,17572
XBRU:CYAD,2016-11-09,15.51,15.69,14.125,14.605,39664
XBRU:CYAD,2016-11-10,16.4,17.145,15.67,15.68,35917
XBRU:CYAD,2016-11-11,16.56,16.855,16.5,16.57,14039
XBRU:CYAD,2016-11-14,16.75,17.15,16.655,16.655,10262
XBRU:CYAD,2016-11-15,16.71,16.935,16.57,16.665,7070
XBRU:CYAD,2016-11-16,16.9,17.185,16.7,16.89,7691
XBRU:CYAD,2016-11-17,16.94,17.05,16.655,17.05,7090
XBRU:CYAD,2016-11-18,16.815,18.35,16.815,17.28,46874
XBRU:CYAD,2016-11-21,17.08,17.45,16.85,17.1,17368
XBRU:CYAD,2016-11-22,17.655,17.77,17.05,17.33,18480
XBRU:CYAD,2016-11-23,17.87,18.2,17.7,18.0,27730
XBRU:CYAD,2016-11-24,18.725,18.84,17.85,18.0,33331
XBRU:CYAD,2016-11-25,19.75,19.88,18.85,18.91,49811
XBRU:CYAD,2016-11-28,19.9,20.33,19.605,19.9,48403
XBRU:CYAD,2016-11-29,18.9,20.25,18.605,20.2,48505
XBRU:CYAD,2016-11-30,17.23,18.9,17.23,18.9,156701
XBRU:CYAD,2016-12-01,17.015,17.49,16.78,17.1,23910
XBRU:CYAD,2016-12-02,18.45,18.665,16.85,17.15,47055
XBRU:CYAD,2016-12-05,18.91,19.48,18.79,19.245,25348
XBRU:CYAD,2016-12-06,19.3,19.98,19.26,19.875,57873
XBRU:CYAD,2016-12-07,18.355,19.86,18.335,19.6,42572
XBRU:CYAD,2016-12-08,17.895,18.775,17.48,18.775,27320
XBRU:CYAD,2016-12-09,17.6,18.0,17.51,18.0,20971
XBRU:CYAD,2016-12-12,17.785,18.49,17.6,18.25,27118
XBRU:CYAD,2016-12-13,18.0,18.6,17.77,17.77,25402
XBRU:CYAD,2016-12-14,17.86,18.39,17.75,18.345,19938
XBRU:CYAD,2016-12-15,18.345,18.345,17.88,18.19,10005
XBRU:CYAD,2016-12-16,18.0,18.74,18.0,18.59,32523
XBRU:CYAD,2016-12-19,17.69,18.15,17.505,18.15,24982
XBRU:CYAD,2016-12-20,17.94,18.07,17.69,17.695,6420
XBRU:CYAD,2016-12-21,17.67,17.94,17.505,17.94,10986
XBRU:CYAD,2016-12-22,17.62,17.915,17.52,17.89,9302
XBRU:CYAD,2016-12-23,17.56,17.745,17.56,17.745,4930
XBRU:CYAD,2016-12-26,17.56,17.56,17.56,17.56,0
XBRU:CYAD,2016-12-27,17.955,18.1,17.78,17.87,9720
XBRU:CYAD,2016-12-28,17.895,18.0,17.77,17.8,4554
XBRU:CYAD,2016-12-29,17.61,18.0,17.61,17.9,8186
XBRU:CYAD,2016-12-30,17.81,17.925,17.655,17.85,8503
XBRU:CYAD,2017-01-02,17.665,17.945,17.24,17.8,19134
XBRU:CYAD,2017-01-03,17.93,18.18,17.43,17.43,19356
XBRU:CYAD,2017-01-04,18.785,18.785,18.16,18.17,26517
XBRU:CYAD,2017-01-05,18.95,19.18,18.71,18.81,33558
XBRU:CYAD,2017-01-06,18.835,19.04,18.505,19.0,17965
XBRU:CYAD,2017-01-09,19.01,19.78,18.935,19.5,37734
XBRU:CYAD,2017-01-10,18.7,19.2,18.5,19.2,13756
XBRU:CYAD,2017-01-11,18.395,19.05,18.29,19.05,15147
XBRU:CYAD,2017-01-12,18.6,19.425,18.56,19.425,48092
XBRU:CYAD,2017-01-13,19.54,19.55,18.87,19.0,30140
XBRU:CYAD,2017-01-16,20.62,21.24,19.78,19.8,75725
XBRU:CYAD,2017-01-17,21.85,22.38,20.815,20.815,72156
XBRU:CYAD,2017-01-18,23.25,24.145,22.05,22.1,156049
XBRU:CYAD,2017-01-19,22.18,23.62,21.035,23.45,86530
XBRU:CYAD,2017-01-20,21.455,22.0,21.1,21.75,20986
XBRU:CYAD,2017-01-23,21.1,21.95,20.995,21.95,20459
XBRU:CYAD,2017-01-24,21.61,22.0,21.4,21.49,17772
XBRU:CYAD,2017-01-25,21.975,21.975,21.575,21.85,9770
XBRU:CYAD,2017-01-26,21.42,22.0,21.32,22.0,12899
XBRU:CYAD,2017-01-27,20.8,21.72,20.745,21.72,45824
XBRU:CYAD,2017-01-30,20.26,20.8,20.05,20.8,20660
XBRU:CYAD,2017-01-31,20.15,20.34,20.02,20.29,9220
XBRU:CYAD,2017-02-01,20.595,20.68,20.22,20.3,11460
XBRU:CYAD,2017-02-02,20.63,20.75,20.415,20.645,5473
XBRU:CYAD,2017-02-03,20.585,20.89,20.51,20.7,6987
XBRU:CYAD,2017-02-06,20.155,20.48,20.155,20.25,6821
XBRU:CYAD,2017-02-07,20.265,20.5,20.15,20.15,8035
XBRU:CYAD,2017-02-08,20.29,20.49,20.145,20.25,9705
XBRU:CYAD,2017-02-09,20.14,20.4,20.0,20.25,11521
XBRU:CYAD,2017-02-10,19.73,20.1,19.51,20.1,11764
XBRU:CYAD,2017-02-13,19.25,19.6,19.0,19.6,31326
XBRU:CYAD,2017-02-14,19.255,19.885,19.25,19.3,13769
XBRU:CYAD,2017-02-15,19.0,19.4,19.0,19.275,26020
XBRU:CYAD,2017-02-16,19.07,19.41,19.05,19.24,13487
XBRU:CYAD,2017-02-17,18.95,19.145,18.89,19.07,10260
XBRU:CYAD,2017-02-20,19.75,19.75,19.22,19.53,25487
XBRU:CYAD,2017-02-21,20.395,20.5,19.95,19.95,21865
XBRU:CYAD,2017-02-22,19.955,20.5,19.955,20.5,16486
XBRU:CYAD,2017-02-23,20.74,20.745,20.125,20.52,28121
XBRU:CYAD,2017-02-24,20.94,20.99,20.35,20.945,21219
XBRU:CYAD,2017-02-27,21.06,21.12,20.765,20.985,26182
XBRU:CYAD,2017-02-28,20.71,21.1,20.6,20.92,23235
XBRU:CYAD,2017-03-01,21.59,21.6,20.95,20.95,20333
XBRU:CYAD,2017-03-02,20.82,21.8,20.5,21.8,34823
XBRU:CYAD,2017-03-03,20.8,21.0,20.575,20.94,13630
XBRU:CYAD,2017-03-06,21.12,21.3,20.71,21.0,21106
XBRU:CYAD,2017-03-07,20.675,21.29,20.66,21.0,25709
XBRU:CYAD,2017-03-08,20.805,21.28,20.66,21.245,20634
XBRU:CYAD,2017-03-09,20.54,20.75,20.5,20.66,6855
XBRU:CYAD,2017-03-10,20.735,21.0,20.53,20.745,15607
XBRU:CYAD,2017-03-13,20.6,20.89,20.6,20.89,7129
XBRU:CYAD,2017-03-14,20.155,20.7,20.03,20.7,19167
XBRU:CYAD,2017-03-15,20.04,20.2,20.01,20.03,10896
XBRU:CYAD,2017-03-16,20.205,20.48,19.56,20.0,30565
XBRU:CYAD,2017-03-17,20.7,20.7,20.0,20.365,16390
XBRU:CYAD,2017-03-20,20.96,21.095,20.5,20.5,19432
XBRU:CYAD,2017-03-21,20.21,21.045,20.0,20.75,20913
XBRU:CYAD,2017-03-22,19.79,20.49,19.65,20.49,14898
XBRU:CYAD,2017-03-23,20.15,20.34,19.8,20.0,7489
XBRU:CYAD,2017-03-24,20.01,20.24,20.01,20.12,6751
XBRU:CYAD,2017-03-27,20.0,20.44,19.635,20.23,25471
XBRU:CYAD,2017-03-28,20.635,20.85,19.78,19.78,23720
XBRU:CYAD,2017-03-29,21.08,21.1,20.35,20.8,27811
XBRU:CYAD,2017-03-30,24.275,24.8,20.98,20.98,143594
XBRU:CYAD,2017-03-31,24.3,24.74,22.315,23.37,116732
XBRU:CYAD,2017-04-03,26.365,26.835,24.21,24.3,152724
XBRU:CYAD,2017-04-04,25.85,27.46,25.03,26.7,79713
XBRU:CYAD,2017-04-05,27.0,27.5,25.43,25.45,61985
XBRU:CYAD,2017-04-06,27.5,27.5,26.355,27.1,43406
XBRU:CYAD,2017-04-07,27.0,27.47,26.8,27.45,28485
XBRU:CYAD,2017-04-10,29.0,29.35,26.93,27.45,89862
XBRU:CYAD,2017-04-11,28.22,29.79,27.645,29.5,54058
XBRU:CYAD,2017-04-12,26.375,28.35,25.22,28.35,83899
XBRU:CYAD,2017-04-13,27.89,28.395,26.515,26.99,59029
XBRU:CYAD,2017-04-14,27.89,27.89,27.89,27.89,0
XBRU:CYAD,2017-04-17,27.89,27.89,27.89,27.89,0
XBRU:CYAD,2017-04-18,26.89,28.35,26.715,28.0,40856
XBRU:CYAD,2017-04-19,26.225,27.23,25.9,26.88,36942
XBRU:CYAD,2017-04-20,26.085,26.365,25.9,26.065,9857
XBRU:CYAD,2017-04-21,27.1,27.6,25.9,26.015,22252
XBRU:CYAD,2017-04-24,27.74,28.3,27.12,27.6,22415
XBRU:CYAD,2017-04-25,28.285,28.4,27.5,27.74,22452
XBRU:CYAD,2017-04-26,28.1,28.8,27.59,28.27,21694
XBRU:CYAD,2017-04-27,28.0,28.365,27.85,28.1,13837
XBRU:CYAD,2017-04-28,29.35,29.435,27.85,27.85,47614
XBRU:CYAD,2017-05-01,29.35,29.35,29.35,29.35,0
XBRU:CYAD,2017-05-02,31.0,32.9,30.83,30.995,276599
XBRU:CYAD,2017-05-03,32.4,32.9,31.545,31.77,66370
XBRU:CYAD,2017-05-04,33.8,33.9,32.4,32.68,48033
XBRU:CYAD,2017-05-05,36.93,37.3,33.91,33.91,125041
XBRU:CYAD,2017-05-08,40.22,40.25,37.355,38.39,211297
XBRU:CYAD,2017-05-09,37.55,43.28,36.515,41.3,281422
XBRU:CYAD,2017-05-10,37.3,37.34,35.1,37.1,128278
XBRU:CYAD,2017-05-11,38.015,40.5,38.01,40.125,180129
XBRU:CYAD,2017-05-12,37.71,39.27,37.7,38.46,38429
XBRU:CYAD,2017-05-15,35.91,38.015,35.57,37.6,46333
XBRU:CYAD,2017-05-16,33.79,36.9,33.47,35.805,65880
XBRU:CYAD,2017-05-17,35.975,36.0,32.0,33.12,113524
XBRU:CYAD,2017-05-18,36.0,36.89,34.7,36.135,36060
XBRU:CYAD,2017-05-19,36.955,36.955,35.15,36.5,29984
XBRU:CYAD,2017-05-22,36.5,36.96,36.15,36.96,21222
XBRU:CYAD,2017-05-23,37.24,37.97,36.06,36.06,34105
XBRU:CYAD,2017-05-24,38.53,39.67,37.215,37.215,50929
XBRU:CYAD,2017-05-25,38.025,39.5,37.675,38.325,13950
XBRU:CYAD,2017-05-26,38.5,38.5,37.415,37.74,9881
XBRU:CYAD,2017-05-29,38.33,38.5,37.565,37.835,16486
XBRU:CYAD,2017-05-30,39.4,40.0,39.11,39.5,73110
XBRU:CYAD,2017-05-31,39.725,39.935,38.575,39.46,22834
XBRU:CYAD,2017-06-01,39.585,40.0,39.33,39.955,24253
XBRU:CYAD,2017-06-02,39.695,40.0,39.24,39.6,25424
XBRU:CYAD,2017-06-05,39.74,39.985,39.21,39.93,16980
XBRU:CYAD,2017-06-06,39.37,39.58,37.975,39.58,24899
XBRU:CYAD,2017-06-07,39.86,40.72,38.15,39.3,75722
XBRU:CYAD,2017-06-08,40.4,40.5,39.52,40.0,14947
XBRU:CYAD,2017-06-09,40.3,40.44,39.52,39.85,20711
XBRU:CYAD,2017-06-12,40.0,40.29,39.52,40.205,13021
XBRU:CYAD,2017-06-13,41.49,41.75,39.77,39.77,41033
XBRU:CYAD,2017-06-14,41.855,41.97,41.3,41.4,23102
XBRU:CYAD,2017-06-15,41.46,41.94,40.28,41.5,30287
XBRU:CYAD,2017-06-16,42.48,43.2,41.09,41.09,58966
XBRU:CYAD,2017-06-19,42.8,44.17,42.09,43.25,113062
XBRU:CYAD,2017-06-20,42.73,43.83,42.6,43.49,73071
XBRU:CYAD,2017-06-21,42.26,43.475,42.25,42.98,56429
XBRU:CYAD,2017-06-22,40.25,42.43,40.115,41.5,59087
XBRU:CYAD,2017-06-23,40.35,41.35,40.2,40.375,26439
XBRU:CYAD,2017-06-26,39.75,40.8,39.25,40.585,38755
XBRU:CYAD,2017-06-27,37.29,39.965,36.45,39.965,61555
XBRU:CYAD,2017-06-28,36.65,37.06,35.51,37.0,62979
XBRU:CYAD,2017-06-29,38.07,39.935,36.9,37.01,58246
XBRU:CYAD,2017-06-30,37.02,38.255,36.5,38.255,25060
XBRU:CYAD,2017-07-03,36.5,37.42,36.25,37.205,23083
XBRU:CYAD,2017-07-04,35.315,36.385,35.15,36.16,39886
XBRU:CYAD,2017-07-05,34.865,35.435,33.905,35.325,54380
XBRU:CYAD,2017-07-06,33.89,36.25,33.66,35.27,38895
XBRU:CYAD,2017-07-07,34.5,34.7,32.505,33.95,50440
XBRU:CYAD,2017-07-10,35.1,35.47,34.67,34.965,25487
XBRU:CYAD,2017-07-11,34.935,35.5,33.9,35.5,20176
XBRU:CYAD,2017-07-12,35.08,35.86,33.62,34.93,40627
XBRU:CYAD,2017-07-13,33.2,34.75,32.61,34.61,53039
XBRU:CYAD,2017-07-14,31.76,33.46,31.18,32.695,46745
XBRU:CYAD,2017-07-17,31.15,31.385,30.49,31.12,37822
XBRU:CYAD,2017-07-18,32.315,32.95,30.75,30.75,35251
XBRU:CYAD,2017-07-19,31.34,32.89,31.2,32.75,26023
XBRU:CYAD,2017-07-20,31.87,32.42,31.33,31.96,19344
XBRU:CYAD,2017-07-21,31.385,32.75,31.285,32.335,16601
XBRU:CYAD,2017-07-24,30.75,31.81,30.515,31.74,25056
XBRU:CYAD,2017-07-25,30.495,31.15,30.415,31.015,25237
XBRU:CYAD,2017-07-26,29.895,30.74,29.55,30.74,38924
XBRU:CYAD,2017-07-27,30.36,30.63,29.705,29.705,11528
XBRU:CYAD,2017-07-28,29.14,30.125,28.88,30.1,45298
XBRU:CYAD,2017-07-31,28.16,29.8,28.15,28.885,37421
XBRU:CYAD,2017-08-01,27.65,28.48,26.765,28.0,46260
XBRU:CYAD,2017-08-02,27.79,28.68,26.765,27.075,35118
XBRU:CYAD,2017-08-03,28.4,28.89,28.0,28.33,27086
XBRU:CYAD,2017-08-04,31.37,32.33,29.78,31.0,119010
XBRU:CYAD,2017-08-07,33.895,34.4,31.615,32.03,102825
XBRU:CYAD,2017-08-08,36.62,36.95,34.06,34.2,138899
XBRU:CYAD,2017-08-09,38.32,38.6,36.72,37.4,126597
XBRU:CYAD,2017-08-10,34.73,38.3,34.61,38.26,127992
XBRU:CYAD,2017-08-11,35.61,36.25,32.6,33.5,87715
XBRU:CYAD,2017-08-14,36.0,37.5,36.0,36.27,67556
XBRU:CYAD,2017-08-15,37.675,37.8,36.68,36.68,46114
XBRU:CYAD,2017-08-16,37.6,38.8,36.805,38.0,79734
XBRU:CYAD,2017-08-17,37.61,38.0,36.875,38.0,26974
XBRU:CYAD,2017-08-18,36.45,37.47,36.325,37.37,23978
XBRU:CYAD,2017-08-21,36.4,36.79,35.05,36.505,31621
XBRU:CYAD,2017-08-22,37.45,37.5,36.185,36.19,14192
XBRU:CYAD,2017-08-23,36.105,37.85,35.7,37.44,24465
XBRU:CYAD,2017-08-24,35.695,36.595,35.42,36.595,12958
XBRU:CYAD,2017-08-25,36.4,36.5,35.265,35.75,13847
XBRU:CYAD,2017-08-28,38.65,39.15,36.34,36.34,59353
XBRU:CYAD,2017-08-29,36.905,39.1,36.1,39.1,72125
XBRU:CYAD,2017-08-30,37.9,37.9,36.365,37.35,33787
XBRU:CYAD,2017-08-31,37.83,38.61,37.12,37.9,23388
XBRU:CYAD,2017-09-01,38.45,39.75,37.645,38.295,62695
XBRU:CYAD,2017-09-04,39.205,39.65,38.335,38.5,38656
XBRU:CYAD,2017-09-05,38.7,38.995,37.01,38.03,46315
XBRU:CYAD,2017-09-06,39.4,39.85,38.6,38.6,56335
XBRU:CYAD,2017-09-07,42.6,42.64,39.35,39.49,168082
XBRU:CYAD,2017-09-08,44.0,44.0,42.12,42.24,84585
XBRU:CYAD,2017-09-11,42.6,44.68,40.5,44.0,146589
XBRU:CYAD,2017-09-12,43.875,44.3,42.125,43.6,86760
XBRU:CYAD,2017-09-13,44.8,44.975,42.72,43.485,71753
XBRU:CYAD,2017-09-14,44.52,44.92,44.29,44.9,43346
XBRU:CYAD,2017-09-15,43.0,44.145,41.5,43.6,112628
XBRU:CYAD,2017-09-18,42.77,43.8,42.115,43.4,33889
XBRU:CYAD,2017-09-19,44.745,45.0,42.125,42.13,113180
XBRU:CYAD,2017-09-20,44.88,45.445,43.95,44.75,61173
XBRU:CYAD,2017-09-21,45.6,45.645,43.81,44.75,41528
XBRU:CYAD,2017-09-22,47.5,48.64,45.345,45.385,144914
XBRU:CYAD,2017-09-25,46.58,47.62,46.11,47.5,52641
XBRU:CYAD,2017-09-26,46.76,47.0,45.5,46.5,67223
XBRU:CYAD,2017-09-27,47.31,47.31,46.4,46.95,58102
XBRU:CYAD,2017-09-28,46.225,47.9,45.7,47.05,46138
XBRU:CYAD,2017-09-29,47.88,48.07,45.105,46.1,111474
XBRU:CYAD,2017-10-02,49.925,50.0,47.51,47.685,102407
XBRU:CYAD,2017-10-03,51.95,56.48,51.35,55.49,500645
XBRU:CYAD,2017-10-04,52.0,53.0,49.26,52.5,213896
XBRU:CYAD,2017-10-05,54.05,54.5,51.31,52.7,117813
XBRU:CYAD,2017-10-06,51.85,55.39,51.3,54.6,153956
XBRU:CYAD,2017-10-09,50.72,53.35,50.49,51.5,77097
XBRU:CYAD,2017-10-10,50.85,51.26,49.37,50.77,61764
XBRU:CYAD,2017-10-11,50.72,51.18,49.8,50.94,31136
XBRU:CYAD,2017-10-12,50.82,50.96,49.52,50.52,42798
XBRU:CYAD,2017-10-13,50.89,50.89,49.785,50.5,33610
XBRU:CYAD,2017-10-16,52.6,52.9,50.23,50.95,41413
XBRU:CYAD,2017-10-17,52.84,54.27,52.1,52.5,80357
XBRU:CYAD,2017-10-18,53.3,54.2,52.44,52.44,34573
XBRU:CYAD,2017-10-19,52.2,53.67,52.11,53.3,32279
XBRU:CYAD,2017-10-20,51.56,53.4,51.5,52.48,32168
XBRU:CYAD,2017-10-23,50.97,52.25,50.72,51.56,20346
XBRU:CYAD,2017-10-24,50.27,50.71,49.55,50.7,27479
XBRU:CYAD,2017-10-25,51.41,52.65,49.735,50.5,41167
XBRU:CYAD,2017-10-26,50.69,51.82,50.11,51.82,18214
XBRU:CYAD,2017-10-27,50.05,51.24,50.0,51.24,21498
XBRU:CYAD,2017-10-30,50.5,51.2,48.9,49.86,41200
XBRU:CYAD,2017-10-31,50.03,51.05,50.03,51.05,15621
XBRU:CYAD,2017-11-01,50.33,50.49,49.55,49.55,23390
XBRU:CYAD,2017-11-02,48.7,50.0,48.27,49.895,41467
XBRU:CYAD,2017-11-03,49.465,49.95,47.905,48.37,45536
XBRU:CYAD,2017-11-06,50.33,50.8,48.975,48.975,24845
XBRU:CYAD,2017-11-07,48.74,50.62,48.6,49.945,23019
XBRU:CYAD,2017-11-08,47.6,49.41,47.42,48.7,28968
XBRU:CYAD,2017-11-09,45.0,47.8,44.02,47.54,62826
XBRU:CYAD,2017-11-10,46.12,46.9,44.03,44.1,45719
XBRU:CYAD,2017-11-13,39.05,45.91,39.05,45.775,200286
XBRU:CYAD,2017-11-14,41.81,42.445,39.42,39.42,146081
XBRU:CYAD,2017-11-15,38.2,41.99,38.155,41.99,114264
XBRU:CYAD,2017-11-16,40.71,40.73,38.305,38.305,57525
XBRU:CYAD,2017-11-17,37.85,40.85,36.85,40.85,117937
XBRU:CYAD,2017-11-20,38.505,39.4,34.63,37.845,117691
XBRU:CYAD,2017-11-21,37.53,39.45,37.055,39.45,46449
XBRU:CYAD,2017-11-22,38.355,38.705,37.125,37.65,36381
XBRU:CYAD,2017-11-23,37.855,38.5,37.55,38.5,27683
XBRU:CYAD,2017-11-24,37.58,38.315,37.46,37.995,18696
XBRU:CYAD,2017-11-27,37.455,37.94,37.135,37.8,25091
XBRU:CYAD,2017-11-28,37.38,37.81,37.065,37.35,27389
XBRU:CYAD,2017-11-29,34.445,37.325,34.22,37.1,82821
XBRU:CYAD,2017-11-30,34.915,36.1,33.625,34.505,183402
XBRU:CYAD,2017-12-01,34.22,36.475,34.0,35.0,28492
XBRU:CYAD,2017-12-04,33.76,35.705,33.625,35.49,31550
XBRU:CYAD,2017-12-05,33.2,33.7,31.81,33.5,60835
XBRU:CYAD,2017-12-06,31.715,32.54,31.4,32.0,70743
XBRU:CYAD,2017-12-07,32.5,33.4,31.81,31.81,44193
XBRU:CYAD,2017-12-08,32.235,32.525,31.0,32.355,43397
XBRU:CYAD,2017-12-11,34.38,34.8,31.615,32.1,68614
XBRU:CYAD,2017-12-12,33.89,34.3,33.19,34.3,27374
XBRU:CYAD,2017-12-13,33.72,33.965,33.02,33.835,28180
XBRU:CYAD,2017-12-14,33.49,34.95,33.49,34.0,37517
XBRU:CYAD,2017-12-15,33.0,34.15,31.825,32.9,56303
XBRU:CYAD,2017-12-18,32.18,34.025,32.0,33.005,55256
XBRU:CYAD,2017-12-19,32.51,33.6,32.05,32.05,32616
XBRU:CYAD,2017-12-20,32.345,33.625,32.07,33.625,27313
XBRU:CYAD,2017-12-21,31.9,32.71,31.73,32.2,29803
XBRU:CYAD,2017-12-22,32.015,33.0,31.8,32.005,30975
XBRU:CYAD,2017-12-25,32.015,32.015,32.015,32.015,0
XBRU:CYAD,2017-12-26,32.015,32.015,32.015,32.015,0
XBRU:CYAD,2017-12-27,33.1,33.25,31.895,32.5,48003
XBRU:CYAD,2017-12-28,34.19,35.55,33.425,33.425,54858
XBRU:CYAD,2017-12-29,34.61,35.21,34.1,35.005,26710
XBRU:CYAD,2018-01-01,34.61,34.61,34.61,34.61,0
XBRU:CYAD,2018-01-02,34.48,35.18,34.0,35.0,21807
XBRU:CYAD,2018-01-03,37.3,37.44,34.52,34.52,55740
XBRU:CYAD,2018-01-04,37.72,39.0,37.36,38.0,79080
XBRU:CYAD,2018-01-05,38.28,38.54,36.8,38.34,35535
XBRU:CYAD,2018-01-08,38.66,39.94,38.36,38.82,78761
XBRU:CYAD,2018-01-09,37.96,39.04,37.64,38.88,35862
XBRU:CYAD,2018-01-10,37.0,38.1,36.3,38.0,42519
XBRU:CYAD,2018-01-11,36.7,37.92,36.5,37.42,24471
XBRU:CYAD,2018-01-12,37.22,37.32,36.3,36.98,30439
XBRU:CYAD,2018-01-15,38.56,39.0,37.3,37.66,41396
XBRU:CYAD,2018-01-16,37.88,39.0,37.54,38.86,38718
XBRU:CYAD,2018-01-17,38.36,39.3,37.8,38.18,41130
XBRU:CYAD,2018-01-18,37.98,39.2,37.34,39.06,64611
XBRU:CYAD,2018-01-19,37.68,38.1,36.92,38.1,29025
XBRU:CYAD,2018-01-22,37.94,38.16,37.04,38.16,28089
XBRU:CYAD,2018-01-23,38.6,38.7,37.4,38.0,48205
XBRU:CYAD,2018-01-24,37.26,38.7,36.92,38.5,41320
XBRU:CYAD,2018-01-25,36.92,37.38,36.5,37.0,24557
XBRU:CYAD,2018-01-26,37.06,37.66,36.7,36.9,26405
XBRU:CYAD,2018-01-29,38.68,38.88,37.0,37.56,79536
XBRU:CYAD,2018-01-30,37.8,38.78,37.54,38.78,46298
XBRU:CYAD,2018-01-31,38.06,38.56,37.64,37.7,26444
XBRU:CYAD,2018-02-01,35.92,38.12,35.0,38.06,184836
XBRU:CYAD,2018-02-02,34.9,35.44,32.3,35.44,144423
XBRU:CYAD,2018-02-05,33.86,34.34,33.1,34.3,72247
XBRU:CYAD,2018-02-06,32.5,33.2,31.0,32.3,81572
XBRU:CYAD,2018-02-07,34.76,35.1,33.62,34.0,68133
XBRU:CYAD,2018-02-08,33.74,34.96,33.6,34.78,29920
XBRU:CYAD,2018-02-09,33.22,33.6,32.6,33.56,32204
