Date,Close,High,Low,Open,Volume
2010-09-30,0.62,0.62,0.61,0.61,775
2010-10-01,0.66,0.66,0.64,0.64,140
2010-10-04,0.71,0.71,0.67,0.67,125
2010-10-05,0.82,0.82,0.81,0.81,3800
2010-10-06,0.82,0.82,0.82,0.82,0
2010-10-07,0.82,0.82,0.82,0.82,0
2010-10-08,1.33,1.33,1.33,1.33,400
2010-10-11,1.33,1.33,1.33,1.33,0
2010-10-12,1.75,1.81,1.55,1.55,32140
2010-10-13,3.74,3.99,1.9,1.9,267683
2010-10-14,4.81,5.39,3.81,3.81,433779
2010-10-15,4.4,5.38,3.5,4.95,421226
2010-10-18,3.35,4.36,3.15,4.23,253269
2010-10-19,2.7,3.34,2.52,3.22,182034
2010-10-20,2.47,2.7,2.43,2.65,48374
2010-10-21,2.42,2.59,2.4,2.57,32554
2010-10-22,1.86,2.48,1.81,2.48,105405
2010-10-25,2.8,3.3,1.67,1.72,502026
2010-10-26,2.9,3.4,2.56,3.01,351140
2010-10-27,2.58,2.98,2.57,2.95,92367
2010-10-28,2.5,2.58,2.3,2.58,87019
2010-10-29,2.45,2.58,2.45,2.58,24460
2010-11-01,2.6,2.75,2.54,2.55,31363
2010-11-02,2.55,2.66,2.46,2.66,34971
2010-11-03,2.53,2.6,2.45,2.54,18910
2010-11-04,2.45,2.58,2.45,2.58,8111
2010-11-05,2.48,2.5,2.41,2.5,20618
2010-11-08,2.37,2.48,2.37,2.41,27386
2010-11-09,2.4,2.48,2.31,2.37,21047
2010-11-10,2.44,2.45,2.16,2.36,121079
2010-11-11,2.44,2.44,2.24,2.43,35319
2010-11-12,2.4,2.5,2.31,2.45,59450
2010-11-15,2.35,2.44,2.25,2.44,29664
2010-11-16,2.29,2.33,2.18,2.33,24844
2010-11-17,2.0,2.25,1.91,2.25,93488
2010-11-18,2.0,2.17,1.95,2.04,49013
2010-11-19,2.03,2.05,1.94,1.95,12889
2010-11-22,1.94,2.07,1.93,2.07,5528
2010-11-23,1.86,1.94,1.82,1.94,32380
2010-11-24,1.87,1.92,1.73,1.86,36798
2010-11-25,1.96,1.96,1.74,1.74,18159
2010-11-26,2.0,2.0,1.89,1.89,17667
2010-11-29,2.05,2.05,1.9,1.9,23551
2010-11-30,2.03,2.03,1.8,1.8,6918
2010-12-01,2.0,2.04,1.88,1.98,27880
2010-12-02,2.02,2.05,2.0,2.0,38269
2010-12-03,1.96,2.03,1.96,2.0,16309
2010-12-06,1.99,2.0,1.83,1.91,22274
2010-12-07,1.93,1.97,1.86,1.97,21401
2010-12-08,1.85,1.89,1.85,1.86,20842
2010-12-09,1.89,1.9,1.81,1.85,18892
2010-12-10,1.83,1.89,1.77,1.89,19755
2010-12-13,1.8,1.87,1.76,1.87,8247
2010-12-14,1.8,1.83,1.75,1.8,4595
2010-12-15,1.77,1.8,1.72,1.8,10295
2010-12-16,1.75,1.75,1.69,1.75,25829
2010-12-17,1.66,1.72,1.6,1.71,31995
2010-12-20,1.63,1.72,1.5,1.69,45624
2010-12-21,1.53,1.63,1.5,1.55,33758
2010-12-22,1.53,1.58,1.51,1.53,9530
2010-12-23,1.52,1.55,1.52,1.55,12176
2010-12-24,1.51,1.56,1.51,1.52,1454
2010-12-27,1.48,1.56,1.45,1.5,13041
2010-12-28,1.55,1.55,1.47,1.48,7234
2010-12-29,1.54,1.55,1.48,1.55,5715
2010-12-30,1.54,1.54,1.54,1.54,1000
2010-12-31,1.56,1.56,1.51,1.55,1537
2011-01-03,1.57,1.57,1.52,1.52,1130
2011-01-04,1.57,1.57,1.51,1.52,3594
2011-01-05,1.57,1.57,1.54,1.55,1500
2011-01-06,1.53,1.53,1.53,1.53,40
2011-01-07,1.56,1.56,1.54,1.54,1350
2011-01-10,1.5,1.56,1.5,1.5,3862
2011-01-11,1.5,1.53,1.4,1.5,37893
2011-01-12,1.5,1.53,1.44,1.45,9887
2011-01-13,1.5,1.51,1.46,1.51,7001
2011-01-14,1.49,1.5,1.44,1.5,6145
2011-01-17,1.49,1.49,1.43,1.48,6407
2011-01-18,1.46,1.46,1.42,1.42,6512
2011-01-19,1.41,1.43,1.37,1.43,14175
2011-01-20,1.36,1.41,1.35,1.4,18360
2011-01-21,1.42,1.45,1.32,1.32,9286
2011-01-24,1.41,1.45,1.33,1.45,7906
2011-01-25,1.35,1.38,1.33,1.38,24138
2011-01-26,1.39,1.39,1.35,1.35,9790
2011-01-27,1.37,1.39,1.35,1.39,5689
2011-01-28,1.52,1.52,1.38,1.38,74621
2011-01-31,1.47,1.51,1.42,1.51,27985
2011-02-01,1.62,1.69,1.45,1.45,83331
2011-02-02,1.59,1.63,1.52,1.62,25237
2011-02-03,1.53,1.57,1.48,1.52,37372
2011-02-04,1.55,1.56,1.49,1.5,14452
2011-02-07,1.54,1.56,1.49,1.55,16579
2011-02-08,1.54,1.54,1.5,1.5,1564
2011-02-09,1.51,1.54,1.5,1.51,8779
2011-02-10,1.55,1.55,1.5,1.54,13398
2011-02-11,1.53,1.55,1.5,1.53,3580
2011-02-14,1.5,1.52,1.45,1.51,17997
2011-02-15,1.54,1.54,1.45,1.48,12131
2011-02-16,1.48,1.54,1.46,1.5,12320
2011-02-17,1.46,1.5,1.46,1.49,12946
2011-02-18,1.5,1.5,1.46,1.46,293
2011-02-21,1.46,1.5,1.45,1.5,18227
2011-02-22,1.46,1.49,1.43,1.49,19197
2011-02-23,1.48,1.49,1.42,1.49,16112
2011-02-24,1.47,1.48,1.44,1.47,12256
2011-02-25,1.42,1.47,1.42,1.47,6270
2011-02-28,1.44,1.44,1.39,1.43,7503
2011-03-01,1.44,1.45,1.41,1.44,1438
2011-03-02,1.43,1.45,1.41,1.45,347
2011-03-03,1.5,1.54,1.43,1.43,38023
2011-03-04,1.49,1.5,1.46,1.46,1567
2011-03-07,1.46,1.49,1.42,1.45,18300
2011-03-08,1.43,1.46,1.38,1.45,55599
2011-03-09,1.4,1.43,1.37,1.39,15921
2011-03-10,1.39,1.4,1.36,1.4,6400
2011-03-11,1.38,1.39,1.33,1.39,6278
2011-03-14,1.36,1.37,1.31,1.32,12693
2011-03-15,1.25,1.35,1.1,1.32,34250
2011-03-16,1.27,1.27,1.24,1.24,6157
2011-03-17,1.25,1.25,1.25,1.25,6303
2011-03-18,1.27,1.34,1.2,1.25,7797
2011-03-21,1.35,1.45,1.22,1.31,75296
2011-03-22,1.37,1.42,1.35,1.35,22626
2011-03-23,1.35,1.41,1.3,1.41,12912
2011-03-24,1.33,1.37,1.3,1.33,5000
2011-03-25,1.28,1.33,1.25,1.32,14316
2011-03-28,1.25,1.35,1.24,1.25,29508
2011-03-29,1.25,1.3,1.23,1.3,26748
2011-03-30,1.27,1.27,1.27,1.27,3275
2011-03-31,1.28,1.29,1.28,1.29,875
2011-04-01,1.25,1.28,1.23,1.28,12730
2011-04-04,1.15,1.25,1.1,1.21,89669
2011-04-05,1.16,1.18,1.13,1.17,18752
2011-04-06,1.16,1.16,1.12,1.16,10320
2011-04-07,1.12,1.13,1.11,1.13,24664
2011-04-08,1.15,1.15,1.11,1.14,29145
2011-04-11,1.13,1.14,1.1,1.12,27989
2011-04-12,1.11,1.12,1.05,1.09,25762
2011-04-13,1.06,1.12,1.06,1.07,7270
2011-04-14,1.1,1.1,1.07,1.07,6629
2011-04-15,1.06,1.1,1.06,1.07,6198
2011-04-18,1.07,1.09,1.04,1.06,10200
2011-04-19,1.07,1.08,0.99,1.02,38071
2011-04-20,1.08,1.09,1.03,1.03,15727
2011-04-21,1.12,1.12,1.04,1.04,27102
2011-04-22,1.12,1.12,1.04,1.04,0
2011-04-25,1.12,1.12,1.04,1.04,0
2011-04-26,1.15,1.17,1.06,1.06,14795
2011-04-27,1.16,1.18,1.15,1.16,16282
2011-04-28,1.17,1.17,1.12,1.16,20596
2011-04-29,1.24,1.25,1.18,1.18,60337
2011-05-02,1.2,1.24,1.2,1.22,5573
2011-05-03,1.19,1.24,1.15,1.21,28500
2011-05-04,1.2,1.2,1.19,1.19,2430
2011-05-05,1.23,1.23,1.2,1.2,6325
2011-05-06,1.2,1.21,1.19,1.21,1150
2011-05-09,1.19,1.2,1.12,1.2,7894
2011-05-10,1.21,1.21,1.18,1.21,2230
2011-05-11,1.19,1.21,1.15,1.21,39074
2011-05-12,1.15,1.15,1.13,1.15,8550
2011-05-13,1.14,1.17,1.14,1.15,3470
2011-05-16,1.19,1.19,1.1,1.1,7291
2011-05-17,1.15,1.18,1.11,1.12,6040
2011-05-18,1.12,1.15,1.12,1.14,2127
2011-05-19,1.11,1.12,1.11,1.12,2025
2011-05-20,1.09,1.12,1.04,1.12,46705
2011-05-23,1.06,1.09,1.0,1.08,16554
2011-05-24,1.06,1.08,1.0,1.02,42732
2011-05-25,1.06,1.07,1.04,1.04,3830
2011-05-26,1.07,1.07,1.03,1.03,3185
2011-05-27,1.03,1.07,1.03,1.07,3969
2011-05-30,1.07,1.07,1.06,1.06,5116
2011-05-31,1.06,1.07,1.03,1.07,3994
2011-06-01,1.06,1.06,1.02,1.02,1115
2011-06-02,1.02,1.02,1.02,1.02,3413
2011-06-03,1.0,1.01,1.0,1.01,10432
2011-06-06,1.03,1.04,1.01,1.04,6200
2011-06-07,1.02,1.02,1.02,1.02,415
2011-06-08,1.02,1.02,1.0,1.01,4338
2011-06-09,0.99,1.0,0.97,1.0,4897
2011-06-10,0.9,1.0,0.9,1.0,15566
2011-06-13,0.9,0.95,0.9,0.95,1595
2011-06-14,0.88,0.89,0.81,0.81,5876
2011-06-15,0.88,0.88,0.83,0.88,2429
2011-06-16,0.87,0.88,0.83,0.88,4465
2011-06-17,0.88,0.88,0.87,0.87,3000
2011-06-20,0.86,0.86,0.81,0.83,5365
2011-06-21,0.86,0.86,0.86,0.86,200
2011-06-22,0.84,0.85,0.81,0.85,12680
2011-06-23,0.84,0.85,0.74,0.8,29695
2011-06-24,0.79,0.82,0.74,0.82,13910
2011-06-27,0.78,0.8,0.73,0.73,24568
2011-06-28,0.8,0.8,0.78,0.78,13975
2011-06-29,0.79,0.8,0.74,0.79,12992
2011-06-30,0.78,0.78,0.74,0.74,2955
2011-07-01,0.77,0.79,0.71,0.75,17170
2011-07-04,0.76,0.76,0.71,0.75,29225
2011-07-05,0.69,0.76,0.66,0.72,83187
2011-07-06,0.68,0.69,0.61,0.67,58523
2011-07-07,0.67,0.68,0.64,0.68,9311
2011-07-08,0.62,0.67,0.61,0.67,44599
2011-07-11,0.58,0.61,0.54,0.61,42660
2011-07-12,0.58,0.58,0.52,0.52,18755
2011-07-13,0.62,0.62,0.56,0.58,14820
2011-07-14,0.62,0.63,0.59,0.62,42269
2011-07-15,0.62,0.62,0.62,0.62,8875
2011-07-18,0.62,0.62,0.58,0.59,22323
2011-07-19,0.59,0.62,0.57,0.62,6945
2011-07-20,0.59,0.59,0.57,0.57,2950
2011-07-21,0.59,0.6,0.57,0.6,16523
2011-07-22,0.6,0.6,0.59,0.59,27350
2011-07-25,0.6,0.61,0.57,0.59,3641
2011-07-26,0.62,0.62,0.55,0.56,71612
2011-07-27,0.6,0.6,0.6,0.6,10001
2011-07-28,0.6,0.6,0.6,0.6,0
2011-07-29,0.6,0.6,0.55,0.56,4940
2011-08-01,0.59,0.59,0.56,0.56,32827
2011-08-02,0.6,0.6,0.58,0.59,25036
2011-08-03,0.6,0.61,0.55,0.58,17054
2011-08-04,0.56,0.61,0.56,0.59,23161
2011-08-05,0.56,0.6,0.5,0.54,38217
2011-08-08,0.51,0.57,0.51,0.52,6865
2011-08-09,0.56,0.56,0.51,0.56,24730
2011-08-10,0.54,0.56,0.54,0.56,4000
2011-08-11,0.56,0.56,0.54,0.56,1575
2011-08-12,0.57,0.57,0.53,0.56,7582
2011-08-15,0.6,0.6,0.51,0.57,26554
2011-08-16,0.57,0.58,0.52,0.58,2350
2011-08-17,0.6,0.62,0.52,0.59,53572
2011-08-18,0.62,0.63,0.61,0.61,24135
2011-08-19,0.59,0.59,0.58,0.59,4300
2011-08-22,0.62,0.62,0.6,0.62,11770
2011-08-23,0.66,0.66,0.62,0.62,19910
2011-08-24,0.69,0.7,0.6,0.6,40096
2011-08-25,0.72,0.73,0.69,0.69,15073
2011-08-26,0.75,0.75,0.63,0.72,20865
2011-08-29,0.79,0.8,0.74,0.74,60827
2011-08-30,0.88,0.88,0.79,0.79,62799
2011-08-31,1.19,1.3,0.88,0.88,579925
2011-09-01,1.19,1.32,1.08,1.19,173186
2011-09-02,1.17,1.24,1.11,1.22,45233
2011-09-05,1.03,1.17,1.0,1.11,69251
2011-09-06,0.94,1.0,0.88,1.0,81034
2011-09-07,0.99,1.03,0.95,0.95,34517
2011-09-08,1.04,1.07,1.0,1.0,63926
2011-09-09,1.03,1.05,0.98,1.05,24585
2011-09-12,0.99,1.03,0.9,1.03,46289
2011-09-13,0.98,0.99,0.91,0.91,23927
2011-09-14,1.05,1.06,0.95,0.95,84313
2011-09-15,1.04,1.04,0.97,0.97,30948
2011-09-16,1.04,1.04,1.0,1.04,14962
2011-09-19,1.03,1.04,1.0,1.01,7925
2011-09-20,1.07,1.07,1.0,1.03,25535
2011-09-21,1.05,1.08,1.0,1.08,27142
2011-09-22,1.04,1.05,1.01,1.05,37221
2011-09-23,1.14,1.16,1.05,1.05,113815
2011-09-26,1.15,1.15,1.1,1.14,20000
2011-09-27,1.24,1.29,1.17,1.17,61905
2011-09-28,1.3,1.3,1.24,1.25,51571
2011-09-29,1.39,1.39,1.3,1.3,148666
2011-09-30,1.44,1.52,1.38,1.4,221570
2011-10-03,1.46,1.48,1.41,1.43,25308
2011-10-04,1.45,1.49,1.42,1.46,32697
2011-10-05,1.47,1.48,1.42,1.45,42066
2011-10-06,1.64,1.72,1.5,1.5,202336
2011-10-07,1.73,1.77,1.68,1.68,82722
2011-10-10,1.67,1.71,1.63,1.7,26624
2011-10-11,1.39,1.69,1.26,1.69,104828
2011-10-12,1.37,1.39,1.26,1.39,35837
2011-10-13,1.51,1.52,1.36,1.36,44848
2011-10-14,1.62,1.63,1.5,1.5,55959
2011-10-17,1.63,1.69,1.57,1.63,40509
2011-10-18,1.6,1.63,1.54,1.6,35342
2011-10-19,1.59,1.6,1.54,1.6,18589
2011-10-20,1.55,1.59,1.5,1.59,18925
2011-10-21,1.59,1.61,1.54,1.56,35476
2011-10-24,1.66,1.69,1.58,1.62,20789
2011-10-25,1.65,1.68,1.63,1.63,26832
2011-10-26,1.63,1.67,1.57,1.6,34615
2011-10-27,1.7,1.7,1.61,1.61,34483
2011-10-28,1.72,1.73,1.66,1.7,28845
2011-10-31,1.72,1.73,1.68,1.72,7450
2011-11-01,1.63,1.69,1.46,1.69,26555
2011-11-02,1.67,1.68,1.52,1.59,17752
2011-11-03,1.69,1.71,1.61,1.66,9872
2011-11-04,1.73,1.74,1.6,1.69,100153
2011-11-07,1.73,1.75,1.66,1.73,17369
2011-11-08,1.7,1.74,1.63,1.7,20672
2011-11-09,1.62,1.7,1.62,1.7,11512
2011-11-10,1.64,1.68,1.52,1.62,51201
2011-11-11,1.62,1.64,1.56,1.64,8583
2011-11-14,1.64,1.64,1.55,1.64,21882
2011-11-15,1.64,1.65,1.64,1.64,10610
2011-11-16,1.64,1.64,1.6,1.64,6695
2011-11-17,1.6,1.64,1.56,1.64,10166
2011-11-18,1.62,1.62,1.53,1.6,10664
2011-11-21,1.41,1.62,1.39,1.62,14408
2011-11-22,1.46,1.5,1.4,1.42,8251
2011-11-23,1.38,1.46,1.26,1.43,5993
2011-11-24,1.38,1.4,1.32,1.39,6926
2011-11-25,1.27,1.32,1.24,1.32,12300
2011-11-28,1.26,1.3,1.11,1.22,13010
2011-11-29,1.25,1.3,1.1,1.3,12086
2011-11-30,1.23,1.24,1.11,1.12,10326
2011-12-01,1.36,1.38,1.22,1.22,42600
2011-12-02,1.38,1.38,1.26,1.26,6830
2011-12-05,1.45,1.46,1.39,1.39,28592
2011-12-06,1.28,1.45,1.28,1.45,11815
2011-12-07,1.43,1.43,1.25,1.28,103475
2011-12-08,1.4,1.43,1.32,1.4,6170
2011-12-09,1.39,1.39,1.3,1.39,15390
2011-12-12,1.35,1.38,1.21,1.38,9605
2011-12-13,1.3,1.3,1.21,1.21,17680
2011-12-14,1.28,1.28,1.28,1.28,275
2011-12-15,1.16,1.25,1.16,1.24,14260
2011-12-16,1.22,1.23,1.1,1.23,6640
2011-12-19,1.21,1.21,1.2,1.21,260
2011-12-20,1.21,1.21,1.05,1.1,20646
2011-12-21,1.16,1.19,1.08,1.1,17739
2011-12-22,1.15,1.15,1.01,1.15,24366
2011-12-23,1.17,1.17,1.1,1.16,6770
2011-12-26,1.17,1.17,1.17,1.17,0
2011-12-27,1.16,1.17,1.1,1.1,6260
2011-12-28,1.1,1.1,1.1,1.1,200
2011-12-29,1.14,1.14,1.1,1.1,6565
2011-12-30,1.14,1.14,1.1,1.1,150
2012-01-02,1.17,1.17,1.06,1.06,2685
2012-01-03,1.15,1.15,1.06,1.1,12892
2012-01-04,1.13,1.13,1.05,1.06,17346
2012-01-05,1.09,1.11,1.01,1.05,9470
2012-01-06,1.06,1.09,0.99,1.02,37776
2012-01-09,1.05,1.05,0.99,1.0,6952
2012-01-10,1.04,1.04,0.99,1.0,4820
2012-01-11,1.04,1.05,0.98,1.04,19340
2012-01-12,1.04,1.04,0.98,1.04,10320
2012-01-13,0.96,1.0,0.95,0.97,47676
2012-01-16,0.96,1.0,0.91,1.0,11435
2012-01-17,0.99,0.99,0.93,0.99,14675
2012-01-18,0.99,0.99,0.95,0.99,11105
2012-01-19,0.99,0.99,0.99,0.99,100
2012-01-20,0.99,0.99,0.94,0.99,10693
2012-01-23,0.99,0.99,0.94,0.99,24068
2012-01-24,0.98,0.99,0.93,0.99,10405
2012-01-25,0.96,0.98,0.92,0.98,54784
2012-01-26,0.96,0.96,0.92,0.93,32152
2012-01-27,0.91,0.95,0.9,0.95,38531
2012-01-30,0.89,0.94,0.88,0.91,14501
2012-01-31,0.94,0.94,0.91,0.94,3962
2012-02-01,0.93,0.95,0.89,0.91,41904
2012-02-02,0.92,0.94,0.89,0.93,17185
2012-02-03,0.91,0.92,0.88,0.92,5228
2012-02-06,0.93,0.93,0.88,0.91,41812
2012-02-07,0.91,0.93,0.88,0.89,53620
2012-02-08,0.91,0.93,0.87,0.91,30445
2012-02-09,0.91,0.91,0.9,0.9,6018
2012-02-10,0.89,0.91,0.86,0.91,22800
2012-02-13,0.88,0.89,0.83,0.85,41229
2012-02-14,0.88,0.88,0.83,0.84,21884
2012-02-15,0.85,0.87,0.83,0.83,38837
2012-02-16,0.85,0.87,0.8,0.87,21545
2012-02-17,0.85,0.85,0.85,0.85,0
2012-02-20,0.84,0.85,0.8,0.84,33112
2012-02-21,0.86,0.88,0.84,0.86,22210
2012-02-22,0.91,0.92,0.86,0.87,64144
2012-02-23,0.92,0.92,0.88,0.91,29789
2012-02-24,1.0,1.05,0.89,0.92,126618
2012-02-27,0.99,1.0,0.97,0.99,26030
2012-02-28,0.97,1.0,0.92,1.0,26926
2012-02-29,0.96,0.96,0.9,0.96,16688
2012-03-01,1.05,1.1,0.99,1.02,177243
2012-03-02,1.07,1.08,1.03,1.04,27059
2012-03-05,1.03,1.06,0.97,1.05,20020
2012-03-06,0.92,1.03,0.84,0.98,182322
2012-03-07,0.91,0.92,0.86,0.9,73479
2012-03-08,0.9,0.92,0.87,0.91,7438
2012-03-09,0.92,0.97,0.87,0.9,103851
2012-03-12,0.9,0.95,0.87,0.95,174380
2012-03-13,0.93,0.93,0.9,0.9,32775
2012-03-14,0.9,0.96,0.89,0.93,63726
2012-03-15,0.87,0.95,0.84,0.92,116871
2012-03-16,0.88,0.88,0.85,0.86,34029
2012-03-19,0.86,0.87,0.82,0.87,47549
2012-03-20,0.84,0.86,0.81,0.85,85452
2012-03-21,0.82,0.83,0.81,0.83,14928
2012-03-22,0.79,0.81,0.79,0.81,12547
2012-03-23,0.8,0.81,0.77,0.77,1738
2012-03-26,0.77,0.83,0.74,0.81,78060
2012-03-27,0.75,0.77,0.73,0.77,21112
2012-03-28,0.71,0.75,0.68,0.73,26873
2012-03-29,0.69,0.75,0.64,0.75,137530
2012-03-30,0.68,0.69,0.63,0.69,73305
2012-04-02,0.63,0.68,0.63,0.68,57175
2012-04-03,0.64,0.66,0.6,0.64,33340
2012-04-04,0.64,0.64,0.61,0.64,1415
2012-04-05,0.62,0.64,0.6,0.64,42027
2012-04-06,0.62,0.62,0.62,0.62,0
2012-04-09,0.62,0.62,0.62,0.62,0
2012-04-10,0.55,0.62,0.55,0.62,31469
2012-04-11,0.64,0.7,0.55,0.59,283900
2012-04-12,0.64,0.69,0.61,0.67,67214
2012-04-13,0.64,0.66,0.63,0.63,8310
2012-04-16,0.67,0.67,0.64,0.64,4225
2012-04-17,0.71,0.71,0.6,0.65,81416
2012-04-18,0.66,0.73,0.65,0.71,15845
2012-04-19,0.72,0.73,0.68,0.72,22455
2012-04-20,0.72,0.74,0.7,0.7,10941
2012-04-23,0.71,0.74,0.67,0.73,24278
2012-04-24,0.72,0.72,0.71,0.72,2110
2012-04-25,0.71,0.72,0.67,0.72,2120
2012-04-26,0.74,0.75,0.7,0.73,11366
2012-04-27,0.74,0.74,0.74,0.74,200
2012-04-30,0.74,0.74,0.69,0.69,1481
2012-05-01,0.74,0.74,0.74,0.74,0
2012-05-02,0.69,0.74,0.69,0.7,6774
2012-05-03,0.68,0.72,0.68,0.72,5415
2012-05-04,0.68,0.7,0.68,0.7,482
2012-05-07,0.69,0.69,0.66,0.69,1645
2012-05-08,0.67,0.69,0.65,0.65,6451
2012-05-09,0.63,0.68,0.6,0.68,29954
2012-05-10,0.65,0.67,0.65,0.66,3410
2012-05-11,0.65,0.65,0.65,0.65,0
2012-05-14,0.64,0.64,0.6,0.63,2573
2012-05-15,0.62,0.63,0.6,0.62,5426
2012-05-16,0.62,0.62,0.62,0.62,0
2012-05-17,0.61,0.62,0.58,0.62,623
2012-05-18,0.59,0.63,0.57,0.57,23260
2012-05-21,0.64,0.64,0.6,0.64,9614
2012-05-22,0.64,0.64,0.64,0.64,0
2012-05-23,0.6,0.6,0.6,0.6,2000
2012-05-24,0.61,0.61,0.57,0.61,7685
2012-05-25,0.59,0.61,0.53,0.6,19918
2012-05-28,0.59,0.59,0.59,0.59,300
2012-05-29,0.59,0.59,0.59,0.59,1250
2012-05-30,0.59,0.59,0.52,0.53,20804
2012-05-31,0.59,0.59,0.51,0.52,78841
2012-06-01,0.59,0.59,0.56,0.59,16339
2012-06-04,0.59,0.59,0.58,0.58,2788
2012-06-05,0.55,0.59,0.52,0.56,34410
2012-06-06,0.59,0.59,0.56,0.56,21999
2012-06-07,0.58,0.59,0.54,0.59,20522
2012-06-08,0.55,0.58,0.5,0.58,162497
2012-06-11,0.51,0.56,0.41,0.56,125973
2012-06-12,0.5,0.51,0.45,0.45,13580
2012-06-13,0.49,0.49,0.45,0.45,14365
2012-06-14,0.48,0.48,0.45,0.46,9084
2012-06-15,0.48,0.48,0.44,0.45,37205
2012-06-18,0.49,0.49,0.48,0.48,5000
2012-06-19,0.47,0.49,0.47,0.47,7826
2012-06-20,0.47,0.49,0.44,0.49,47345
2012-06-21,0.47,0.47,0.46,0.46,2175
2012-06-22,0.46,0.46,0.46,0.46,2442
2012-06-25,0.45,0.47,0.43,0.47,31697
2012-06-26,0.45,0.45,0.41,0.45,17065
2012-06-27,0.45,0.45,0.41,0.42,15879
2012-06-28,0.45,0.45,0.45,0.45,0
2012-06-29,0.42,0.44,0.41,0.44,18257
2012-07-02,0.43,0.43,0.4,0.43,12824
2012-07-03,0.43,0.45,0.39,0.44,53415
2012-07-04,0.43,0.44,0.39,0.42,45609
2012-07-05,0.43,0.43,0.42,0.42,2120
2012-07-06,0.41,0.43,0.38,0.43,51561
2012-07-09,0.38,0.41,0.38,0.4,4860
2012-07-10,0.39,0.41,0.35,0.39,33255
2012-07-11,0.39,0.4,0.36,0.39,93586
2012-07-12,0.39,0.39,0.35,0.37,89845
2012-07-13,0.38,0.38,0.35,0.36,26920
2012-07-16,0.38,0.38,0.35,0.38,29321
2012-07-17,0.35,0.36,0.35,0.36,695
2012-07-18,0.38,0.38,0.35,0.38,2294
2012-07-19,0.35,0.38,0.35,0.38,11300
2012-07-20,0.36,0.38,0.36,0.37,5174
2012-07-23,0.35,0.36,0.35,0.36,6388
2012-07-24,0.44,0.44,0.37,0.37,150118
2012-07-25,0.48,0.48,0.42,0.44,123097
2012-07-26,0.55,0.55,0.47,0.48,63131
2012-07-27,0.55,0.56,0.52,0.54,47780
2012-07-30,0.54,0.56,0.5,0.52,38042
2012-07-31,0.51,0.53,0.48,0.5,29371
2012-08-01,0.52,0.52,0.49,0.49,8200
2012-08-02,0.49,0.53,0.48,0.49,44001
2012-08-03,0.48,0.49,0.48,0.48,1439
2012-08-06,0.49,0.49,0.48,0.48,8123
2012-08-07,0.51,0.52,0.49,0.49,48500
2012-08-08,0.53,0.54,0.51,0.51,14460
2012-08-09,0.54,0.54,0.53,0.53,1125
2012-08-10,0.54,0.54,0.54,0.54,111
2012-08-13,0.53,0.53,0.48,0.5,38100
2012-08-14,0.5,0.52,0.48,0.48,112860
2012-08-15,0.5,0.5,0.48,0.48,14020
2012-08-16,0.49,0.5,0.48,0.49,8549
2012-08-17,0.49,0.5,0.47,0.47,28064
2012-08-20,0.49,0.49,0.49,0.49,0
2012-08-21,0.49,0.49,0.49,0.49,200
2012-08-22,0.49,0.49,0.49,0.49,0
2012-08-23,0.48,0.48,0.47,0.47,10185
2012-08-24,0.48,0.48,0.47,0.48,8615
2012-08-27,0.48,0.48,0.47,0.47,19095
2012-08-28,0.47,0.47,0.47,0.47,1000
2012-08-29,0.47,0.48,0.46,0.46,19315
2012-08-30,0.48,0.48,0.47,0.47,3000
2012-08-31,0.48,0.48,0.48,0.48,0
2012-09-03,0.46,0.48,0.46,0.47,3825
2012-09-04,0.43,0.46,0.41,0.46,23625
2012-09-05,0.44,0.47,0.43,0.43,4435
2012-09-06,0.48,0.49,0.44,0.44,9137
2012-09-07,0.48,0.48,0.45,0.46,13029
2012-09-10,0.48,0.48,0.48,0.48,24
2012-09-11,0.45,0.47,0.45,0.47,5192
2012-09-12,0.45,0.47,0.43,0.45,32014
2012-09-13,0.47,0.47,0.43,0.47,22731
2012-09-14,0.45,0.46,0.45,0.45,1311
2012-09-17,0.47,0.47,0.43,0.44,30560
2012-09-18,0.45,0.47,0.43,0.44,49588
2012-09-19,0.44,0.47,0.44,0.45,10615
2012-09-20,0.46,0.46,0.44,0.45,1567
2012-09-21,0.44,0.46,0.44,0.44,2409
2012-09-24,0.44,0.45,0.43,0.44,30151
2012-09-25,0.46,0.46,0.46,0.46,5500
2012-09-26,0.46,0.46,0.45,0.46,10389
2012-09-27,0.46,0.46,0.44,0.44,16950
2012-09-28,0.46,0.46,0.44,0.46,16122
2012-10-01,0.47,0.47,0.46,0.46,1655
2012-10-02,0.48,0.48,0.45,0.46,97903
2012-10-03,0.48,0.48,0.45,0.46,10700
2012-10-04,0.47,0.47,0.47,0.47,500
2012-10-05,0.46,0.48,0.46,0.47,11914
2012-10-08,0.47,0.47,0.45,0.46,17548
2012-10-09,0.47,0.48,0.46,0.48,1253
2012-10-10,0.45,0.46,0.43,0.46,107759
2012-10-11,0.44,0.44,0.44,0.44,391
2012-10-12,0.44,0.44,0.41,0.44,56309
2012-10-15,0.43,0.45,0.41,0.44,34962
2012-10-16,0.41,0.42,0.41,0.42,58986
2012-10-17,0.41,0.42,0.41,0.42,13400
2012-10-18,0.4,0.41,0.39,0.41,35155
2012-10-19,0.41,0.41,0.41,0.41,13500
2012-10-22,0.42,0.42,0.4,0.4,4587
2012-10-23,0.4,0.4,0.4,0.4,12000
2012-10-24,0.4,0.4,0.39,0.4,38260
2012-10-25,0.39,0.4,0.38,0.4,43563
2012-10-26,0.39,0.39,0.37,0.38,8878
2012-10-29,0.39,0.39,0.39,0.39,0
2012-10-30,0.39,0.39,0.39,0.39,13247
2012-10-31,0.42,0.43,0.4,0.4,40285
2012-11-01,0.42,0.42,0.42,0.42,936
2012-11-02,0.41,0.41,0.38,0.39,22505
2012-11-05,0.41,0.41,0.39,0.39,21400
2012-11-06,0.39,0.41,0.39,0.41,2600
2012-11-07,0.38,0.41,0.38,0.4,46321
2012-11-08,0.38,0.39,0.38,0.38,3400
2012-11-09,0.38,0.38,0.38,0.38,0
2012-11-12,0.38,0.38,0.38,0.38,12514
2012-11-13,0.38,0.38,0.38,0.38,1707
2012-11-14,0.39,0.39,0.38,0.38,12700
2012-11-15,0.38,0.38,0.37,0.37,440
2012-11-16,0.37,0.38,0.37,0.37,27465
2012-11-19,0.37,0.37,0.35,0.36,35414
2012-11-20,0.37,0.37,0.36,0.36,17152
2012-11-21,0.37,0.37,0.35,0.37,4520
2012-11-22,0.37,0.37,0.37,0.37,15485
2012-11-23,0.41,0.41,0.37,0.37,52592
2012-11-26,0.47,0.47,0.42,0.42,229716
2012-11-27,0.46,0.48,0.46,0.46,61430
2012-11-28,0.51,0.55,0.47,0.47,563048
2012-11-29,0.6,0.69,0.53,0.54,694175
2012-11-30,0.54,0.63,0.52,0.63,138505
2012-12-03,0.56,0.6,0.51,0.51,75822
2012-12-04,0.52,0.56,0.49,0.56,205710
2012-12-05,0.5,0.54,0.5,0.51,61661
2012-12-06,0.51,0.53,0.48,0.51,42946
2012-12-07,0.51,0.51,0.47,0.48,32860
2012-12-10,0.51,0.51,0.49,0.49,8670
2012-12-11,0.52,0.53,0.49,0.49,25659
2012-12-12,0.49,0.52,0.46,0.51,105396
2012-12-13,0.49,0.49,0.47,0.48,74990
2012-12-14,0.46,0.49,0.46,0.48,93646
2012-12-17,0.47,0.47,0.46,0.46,15184
2012-12-18,0.49,0.51,0.47,0.47,164588
2012-12-19,0.5,0.5,0.47,0.49,16649
2012-12-20,0.49,0.5,0.47,0.5,73925
2012-12-21,0.47,0.49,0.46,0.48,73050
2012-12-24,0.48,0.48,0.46,0.46,101
2012-12-25,0.48,0.48,0.48,0.48,0
2012-12-26,0.48,0.48,0.48,0.48,0
2012-12-27,0.46,0.48,0.46,0.47,83739
2012-12-28,0.46,0.48,0.45,0.46,98745
2012-12-31,0.46,0.46,0.46,0.46,2570
2013-01-01,0.46,0.46,0.46,0.46,0
2013-01-02,0.47,0.48,0.45,0.46,20604
2013-01-03,0.46,0.48,0.46,0.46,68900
2013-01-04,0.47,0.47,0.46,0.46,26237
2013-01-07,0.47,0.47,0.46,0.46,16003
2013-01-08,0.46,0.46,0.46,0.46,18750
2013-01-09,0.46,0.47,0.46,0.46,6760
2013-01-10,0.44,0.46,0.44,0.46,53286
2013-01-11,0.44,0.45,0.42,0.45,98019
2013-01-14,0.47,0.47,0.42,0.42,178444
2013-01-15,0.46,0.48,0.44,0.47,85715
2013-01-16,0.47,0.47,0.46,0.46,32036
2013-01-17,0.47,0.47,0.45,0.45,18820
2013-01-18,0.47,0.48,0.46,0.47,51865
2013-01-21,0.46,0.48,0.46,0.48,143253
2013-01-22,0.46,0.47,0.46,0.46,39390
2013-01-23,0.48,0.48,0.47,0.47,65325
2013-01-24,0.47,0.48,0.46,0.48,104527
2013-01-25,0.47,0.48,0.47,0.48,18384
2013-01-28,0.47,0.48,0.47,0.48,71500
2013-01-29,0.57,0.6,0.51,0.51,807762
2013-01-30,0.55,0.57,0.54,0.56,185887
2013-01-31,0.51,0.54,0.51,0.54,177515
2013-02-01,0.51,0.53,0.48,0.51,117127
2013-02-04,0.51,0.53,0.51,0.53,43212
2013-02-05,0.54,0.54,0.51,0.53,30149
2013-02-06,0.53,0.54,0.52,0.53,15954
2013-02-07,0.52,0.54,0.52,0.52,36720
2013-02-08,0.54,0.54,0.51,0.52,41816
2013-02-11,0.53,0.53,0.52,0.53,41070
2013-02-12,0.52,0.53,0.5,0.52,48937
2013-02-13,0.51,0.51,0.5,0.5,44351
2013-02-14,0.53,0.53,0.5,0.51,27799
2013-02-15,0.53,0.53,0.51,0.51,29457
2013-02-18,0.53,0.53,0.51,0.53,18873
2013-02-19,0.52,0.52,0.52,0.52,7010
2013-02-20,0.51,0.53,0.51,0.52,42840
2013-02-21,0.52,0.52,0.48,0.5,45253
2013-02-22,0.51,0.52,0.5,0.51,11201
2013-02-25,0.53,0.53,0.5,0.51,25127
2013-02-26,0.51,0.52,0.49,0.52,33210
2013-02-27,0.5,0.5,0.48,0.49,71032
2013-02-28,0.5,0.5,0.49,0.5,7260
2013-03-01,0.49,0.49,0.48,0.48,5303
2013-03-04,0.5,0.5,0.47,0.48,24297
2013-03-05,0.5,0.5,0.5,0.5,0
2013-03-06,0.5,0.5,0.47,0.48,10601
2013-03-07,0.5,0.5,0.48,0.48,353
2013-03-08,0.5,0.52,0.49,0.5,28657
2013-03-11,0.47,0.49,0.47,0.49,129690
2013-03-12,0.48,0.49,0.47,0.48,85935
2013-03-13,0.48,0.48,0.47,0.48,17420
2013-03-14,0.47,0.47,0.47,0.47,28293
2013-03-15,0.46,0.48,0.46,0.46,14221
2013-03-18,0.47,0.49,0.46,0.47,42655
2013-03-19,0.47,0.48,0.46,0.46,12397
2013-03-20,0.47,0.48,0.46,0.48,18050
2013-03-21,0.48,0.48,0.46,0.46,5145
2013-03-22,0.48,0.48,0.46,0.46,20
2013-03-25,0.46,0.46,0.44,0.46,87850
2013-03-26,0.44,0.45,0.44,0.45,26638
2013-03-27,0.43,0.43,0.42,0.43,65362
2013-03-28,0.43,0.44,0.43,0.43,15755
2013-03-29,0.43,0.43,0.43,0.43,0
2013-04-01,0.43,0.43,0.43,0.43,0
2013-04-02,0.45,0.47,0.42,0.44,15838
2013-04-03,0.42,0.45,0.42,0.43,27712
2013-04-04,0.42,0.42,0.42,0.42,7770
2013-04-05,0.4,0.42,0.4,0.42,18710
2013-04-08,0.41,0.42,0.41,0.42,6500
2013-04-09,0.42,0.43,0.42,0.42,11797
2013-04-10,0.42,0.42,0.42,0.42,4000
2013-04-11,0.41,0.41,0.41,0.41,11783
2013-04-12,0.45,0.47,0.42,0.42,125844
2013-04-15,0.44,0.47,0.43,0.45,61749
2013-04-16,0.42,0.46,0.41,0.44,48843
2013-04-17,0.43,0.44,0.41,0.42,115439
2013-04-18,0.45,0.45,0.43,0.44,50900
2013-04-19,0.46,0.46,0.45,0.45,52421
2013-04-22,0.47,0.47,0.45,0.46,112350
2013-04-23,0.49,0.5,0.47,0.47,178122
2013-04-24,0.47,0.5,0.46,0.48,29350
2013-04-25,0.46,0.48,0.46,0.47,11002
2013-04-26,0.47,0.47,0.45,0.46,21300
2013-04-29,0.46,0.46,0.44,0.45,33736
2013-04-30,0.44,0.44,0.44,0.44,10000
2013-05-01,0.44,0.44,0.44,0.44,0
2013-05-02,0.44,0.44,0.44,0.44,0
2013-05-03,0.44,0.44,0.43,0.44,14600
2013-05-06,0.43,0.45,0.42,0.45,32400
2013-05-07,0.42,0.44,0.42,0.43,23250
2013-05-08,0.42,0.44,0.42,0.42,23615
2013-05-09,0.42,0.42,0.41,0.42,27948
2013-05-10,0.42,0.42,0.41,0.42,13367
2013-05-13,0.41,0.41,0.41,0.41,7500
2013-05-14,0.43,0.43,0.41,0.41,32832
2013-05-15,0.44,0.44,0.43,0.43,27627
2013-05-16,0.44,0.44,0.43,0.43,17659
2013-05-17,0.44,0.44,0.44,0.44,6900
2013-05-20,0.43,0.44,0.43,0.44,4400
2013-05-21,0.44,0.44,0.43,0.43,10950
2013-05-22,0.44,0.44,0.43,0.44,13300
2013-05-23,0.44,0.44,0.42,0.43,45520
2013-05-24,0.43,0.44,0.43,0.43,3360
2013-05-27,0.43,0.43,0.43,0.43,1667
2013-05-28,0.43,0.43,0.42,0.43,13650
2013-05-29,0.43,0.44,0.41,0.41,21571
2013-05-30,0.45,0.45,0.43,0.44,55774
2013-05-31,0.45,0.46,0.44,0.44,16622
2013-06-03,0.45,0.45,0.44,0.44,5500
2013-06-04,0.46,0.46,0.45,0.46,9000
2013-06-05,0.46,0.46,0.44,0.45,19817
2013-06-06,0.47,0.47,0.46,0.46,19731
2013-06-07,0.47,0.47,0.46,0.47,14100
2013-06-10,0.47,0.47,0.45,0.46,13000
2013-06-11,0.46,0.47,0.45,0.46,16350
2013-06-12,0.45,0.46,0.45,0.46,4100
2013-06-13,0.45,0.45,0.45,0.45,0
2013-06-14,0.46,0.46,0.44,0.44,6550
2013-06-17,0.46,0.46,0.44,0.44,2850
2013-06-18,0.45,0.45,0.43,0.45,22400
2013-06-19,0.44,0.44,0.43,0.43,1010
2013-06-20,0.42,0.43,0.42,0.43,10950
2013-06-21,0.43,0.43,0.42,0.42,5347
2013-06-24,0.41,0.43,0.41,0.42,40553
2013-06-25,0.4,0.42,0.4,0.42,55530
2013-06-26,0.39,0.4,0.39,0.4,38298
2013-06-27,0.39,0.4,0.39,0.39,46649
2013-06-28,0.39,0.4,0.37,0.4,70491
2013-07-01,0.39,0.39,0.39,0.39,500
2013-07-02,0.39,0.4,0.38,0.38,15440
2013-07-03,0.38,0.39,0.37,0.39,35200
2013-07-04,0.37,0.39,0.36,0.37,52832
2013-07-05,0.38,0.38,0.36,0.36,13100
2013-07-08,0.37,0.37,0.36,0.36,57500
2013-07-09,0.39,0.39,0.37,0.37,52101
2013-07-10,0.38,0.38,0.38,0.38,3067
2013-07-11,0.38,0.39,0.38,0.39,17200
2013-07-12,0.37,0.38,0.36,0.38,81902
2013-07-15,0.35,0.38,0.35,0.37,180994
2013-07-16,0.34,0.35,0.33,0.35,33689
2013-07-17,0.33,0.35,0.3,0.35,97120
2013-07-18,0.35,0.35,0.32,0.34,28750
2013-07-19,0.35,0.36,0.34,0.35,9630
2013-07-22,0.34,0.34,0.32,0.34,47438
2013-07-23,0.32,0.32,0.32,0.32,26500
2013-07-24,0.33,0.33,0.32,0.32,12001
2013-07-25,0.32,0.32,0.31,0.32,9517
2013-07-26,0.32,0.36,0.32,0.32,24615
2013-07-29,0.3,0.32,0.3,0.32,36000
2013-07-30,0.31,0.32,0.3,0.32,43218
2013-07-31,0.3,0.31,0.3,0.31,62523
2013-08-01,0.3,0.3,0.28,0.29,30057
2013-08-02,0.31,0.31,0.29,0.3,21300
2013-08-05,0.31,0.31,0.29,0.3,20200
2013-08-06,0.29,0.3,0.29,0.3,4000
2013-08-07,0.3,0.3,0.29,0.29,23561
2013-08-08,0.3,0.3,0.29,0.3,4932
2013-08-09,0.32,0.32,0.29,0.29,64278
2013-08-12,0.32,0.33,0.3,0.32,17614
2013-08-13,0.32,0.32,0.31,0.31,2623
2013-08-14,0.32,0.32,0.32,0.32,0
2013-08-15,0.31,0.32,0.3,0.31,11320
2013-08-16,0.33,0.33,0.3,0.3,8465
2013-08-19,0.33,0.33,0.33,0.33,5135
2013-08-20,0.33,0.33,0.33,0.33,600
2013-08-21,0.32,0.34,0.32,0.33,33036
2013-08-22,0.33,0.33,0.31,0.33,9815
2013-08-23,0.34,0.34,0.32,0.32,28747
2013-08-26,0.31,0.32,0.31,0.32,25440
2013-08-27,0.31,0.33,0.31,0.33,10400
2013-08-28,0.31,0.31,0.31,0.31,10074
2013-08-29,0.3,0.32,0.3,0.31,28556
2013-08-30,0.3,0.3,0.3,0.3,25130
2013-09-02,0.3,0.3,0.3,0.3,500
2013-09-03,0.33,0.33,0.31,0.31,26100
2013-09-04,0.32,0.32,0.31,0.31,13000
2013-09-05,0.31,0.32,0.29,0.31,61654
2013-09-06,0.3,0.32,0.3,0.32,37610
2013-09-09,0.31,0.33,0.31,0.32,59400
2013-09-10,0.31,0.31,0.31,0.31,14700
2013-09-11,0.3,0.31,0.3,0.31,56808
2013-09-12,0.31,0.31,0.3,0.3,7100
2013-09-13,0.3,0.31,0.3,0.31,8861
2013-09-16,0.3,0.31,0.3,0.31,30700
2013-09-17,0.3,0.3,0.3,0.3,0
2013-09-18,0.3,0.31,0.3,0.31,2803
2013-09-19,0.3,0.3,0.3,0.3,0
2013-09-20,0.3,0.3,0.3,0.3,7360
2013-09-23,0.3,0.3,0.3,0.3,413
2013-09-24,0.31,0.31,0.31,0.31,600
2013-09-25,0.31,0.31,0.3,0.3,889
2013-09-26,0.31,0.31,0.31,0.31,400
2013-09-27,0.3,0.3,0.3,0.3,39000
2013-09-30,0.29,0.29,0.29,0.29,16907
2013-10-01,0.29,0.3,0.29,0.29,16326
2013-10-02,0.31,0.31,0.29,0.29,30468
2013-10-03,0.29,0.31,0.29,0.31,85
2013-10-04,0.3,0.3,0.28,0.29,24460
2013-10-07,0.3,0.3,0.28,0.28,31028
2013-10-08,0.3,0.3,0.29,0.29,31139
2013-10-09,0.31,0.31,0.3,0.3,20214
2013-10-10,0.31,0.31,0.31,0.31,0
2013-10-11,0.3,0.3,0.27,0.29,192432
2013-10-14,0.28,0.29,0.26,0.29,115500
2013-10-15,0.29,0.31,0.28,0.28,142137
2013-10-16,0.29,0.3,0.28,0.3,25590
2013-10-17,0.3,0.3,0.29,0.29,27215
2013-10-18,0.3,0.31,0.3,0.3,99005
2013-10-21,0.34,0.34,0.29,0.3,349025
2013-10-22,0.55,0.55,0.39,0.4,1441229
2013-10-23,0.61,0.86,0.58,0.62,3216163
2013-10-24,0.55,0.65,0.45,0.62,1313547
2013-10-25,0.55,0.55,0.55,0.55,0
2013-10-28,0.55,0.55,0.55,0.55,0
2013-10-29,0.55,0.55,0.55,0.55,0
2013-10-30,0.55,0.55,0.55,0.55,0
2013-10-31,0.55,0.55,0.55,0.55,0
2013-11-01,0.55,0.55,0.55,0.55,0
2013-11-04,0.55,0.55,0.55,0.55,0
2013-11-05,0.55,0.55,0.55,0.55,0
2013-11-06,0.55,0.55,0.55,0.55,0
2013-11-07,0.55,0.55,0.55,0.55,0
2013-11-08,0.55,0.55,0.55,0.55,0
2013-11-11,0.55,0.55,0.55,0.55,0
2013-11-12,0.55,0.55,0.55,0.55,0
2013-11-13,0.55,0.55,0.55,0.55,0
2013-11-14,0.55,0.55,0.55,0.55,0
2013-11-15,0.55,0.55,0.55,0.55,0
2013-11-18,0.55,0.55,0.55,0.55,0
2013-11-19,0.55,0.55,0.55,0.55,0
2013-11-20,0.55,0.55,0.55,0.55,0
2013-11-21,0.55,0.55,0.55,0.55,0
2013-11-22,0.55,0.55,0.55,0.55,0
2013-11-25,0.55,0.55,0.55,0.55,0
2013-11-26,0.55,0.55,0.55,0.55,0
2013-11-27,0.55,0.55,0.55,0.55,0
2013-11-28,0.55,0.55,0.55,0.55,0
2013-11-29,0.55,0.55,0.55,0.55,0
2013-12-02,0.55,0.55,0.55,0.55,0
2013-12-03,0.55,0.55,0.55,0.55,0
2013-12-04,0.55,0.55,0.55,0.55,0
2013-12-05,0.55,0.55,0.55,0.55,0
2013-12-06,0.55,0.55,0.55,0.55,0
2013-12-09,0.55,0.55,0.55,0.55,0
2013-12-10,0.55,0.55,0.55,0.55,0
2013-12-11,0.55,0.55,0.55,0.55,0
2013-12-12,0.55,0.55,0.55,0.55,0
2013-12-13,0.55,0.55,0.55,0.55,0
2013-12-16,0.41,0.55,0.37,0.55,231307
2013-12-17,0.53,0.57,0.37,0.4,557075
2013-12-18,0.51,0.53,0.47,0.53,189731
2013-12-19,0.5,0.57,0.45,0.5,267296
2013-12-20,0.49,0.51,0.46,0.47,101526
2013-12-23,0.48,0.48,0.45,0.46,98455
2013-12-24,0.44,0.47,0.43,0.47,176992
2013-12-25,0.44,0.44,0.44,0.44,0
2013-12-26,0.44,0.44,0.44,0.44,0
2013-12-27,0.43,0.45,0.43,0.44,90164
2013-12-30,0.41,0.45,0.38,0.44,329305
2013-12-31,0.39,0.4,0.39,0.4,6120
2014-01-01,0.39,0.39,0.39,0.39,0
2014-01-02,0.42,0.42,0.39,0.4,76493
2014-01-03,0.41,0.42,0.39,0.42,81366
2014-01-06,0.4,0.42,0.39,0.41,44223
2014-01-07,0.41,0.41,0.38,0.41,87702
2014-01-08,0.4,0.41,0.39,0.41,44516
2014-01-09,0.39,0.39,0.38,0.38,28069
2014-01-10,0.4,0.4,0.38,0.38,40614
2014-01-13,0.38,0.4,0.38,0.4,19645
2014-01-14,0.39,0.4,0.38,0.4,64280
2014-01-15,0.4,0.41,0.39,0.39,75781
2014-01-16,0.39,0.4,0.39,0.4,28348
2014-01-17,0.4,0.4,0.39,0.4,52458
2014-01-20,0.39,0.4,0.39,0.39,30253
2014-01-21,0.51,0.51,0.39,0.39,486633
2014-01-22,0.49,0.5,0.45,0.5,340617
2014-01-23,0.45,0.52,0.43,0.5,553835
2014-01-24,0.42,0.44,0.41,0.43,119949
2014-01-27,0.45,0.46,0.41,0.42,160663
2014-01-28,0.44,0.45,0.43,0.44,24142
2014-01-29,0.43,0.44,0.41,0.43,131434
2014-01-30,0.43,0.43,0.41,0.41,32829
2014-01-31,0.42,0.44,0.41,0.43,69400
2014-02-03,0.42,0.44,0.41,0.43,30141
2014-02-04,0.41,0.43,0.41,0.41,13039
2014-02-05,0.41,0.41,0.41,0.41,24083
2014-02-06,0.42,0.43,0.4,0.4,94699
2014-02-07,0.42,0.43,0.41,0.42,18302
2014-02-10,0.41,0.42,0.4,0.42,47875
2014-02-11,0.43,0.43,0.41,0.42,11475
2014-02-12,0.42,0.43,0.4,0.43,106208
2014-02-13,0.42,0.44,0.4,0.41,143061
2014-02-14,0.44,0.44,0.41,0.44,54113
2014-02-17,0.64,0.7,0.45,0.45,2155703
2014-02-18,0.62,0.64,0.58,0.64,835337
2014-02-19,0.56,0.62,0.54,0.62,427221
2014-02-20,0.56,0.56,0.51,0.54,184125
2014-02-21,0.56,0.57,0.53,0.54,69099
2014-02-24,0.56,0.56,0.52,0.53,107965
2014-02-25,0.56,0.56,0.54,0.56,43920
2014-02-26,0.53,0.55,0.53,0.55,138155
2014-02-27,0.53,0.54,0.52,0.53,53270
2014-02-28,0.54,0.54,0.52,0.53,59057
2014-03-03,0.5,0.53,0.5,0.52,105105
2014-03-04,0.52,0.52,0.51,0.51,17228
2014-03-05,0.5,0.53,0.5,0.51,42508
2014-03-06,0.49,0.51,0.49,0.5,71880
2014-03-07,0.49,0.51,0.49,0.5,68320
2014-03-10,0.5,0.51,0.48,0.49,58179
2014-03-11,0.51,0.51,0.49,0.5,13453
2014-03-12,0.53,0.53,0.51,0.51,58532
2014-03-13,0.53,0.53,0.51,0.52,24050
2014-03-14,0.5,0.52,0.5,0.5,20369
2014-03-17,0.5,0.51,0.5,0.51,6256
2014-03-18,0.49,0.5,0.49,0.5,35850
2014-03-19,0.51,0.51,0.49,0.49,11949
2014-03-20,0.51,0.51,0.5,0.5,19189
2014-03-21,0.5,0.51,0.49,0.51,16667
2014-03-24,0.5,0.5,0.5,0.5,9700
2014-03-25,0.49,0.5,0.49,0.5,60400
2014-03-26,0.49,0.49,0.49,0.49,10000
2014-03-27,0.48,0.5,0.48,0.49,62666
2014-03-28,0.48,0.5,0.48,0.48,5363
2014-03-31,0.5,0.5,0.49,0.5,9643
2014-04-01,0.5,0.5,0.5,0.5,7000
2014-04-02,0.49,0.51,0.49,0.5,8330
2014-04-03,0.49,0.49,0.49,0.49,9750
2014-04-04,0.49,0.49,0.49,0.49,100
2014-04-07,0.49,0.5,0.48,0.49,26799
2014-04-08,0.48,0.49,0.48,0.49,6500
2014-04-09,0.52,0.52,0.48,0.48,112810
2014-04-10,0.51,0.52,0.5,0.52,8690
2014-04-11,0.52,0.52,0.5,0.51,26098
2014-04-14,0.55,0.58,0.52,0.52,393130
2014-04-15,0.51,0.57,0.51,0.56,227343
2014-04-16,0.53,0.54,0.51,0.54,44781
2014-04-17,0.53,0.54,0.51,0.52,13079
2014-04-18,0.53,0.53,0.53,0.53,0
2014-04-21,0.53,0.53,0.53,0.53,0
2014-04-22,0.59,0.69,0.59,0.61,1379959
2014-04-23,0.62,0.64,0.58,0.59,286555
2014-04-24,0.62,0.63,0.59,0.63,196347
2014-04-25,0.61,0.61,0.58,0.6,53374
2014-04-28,0.59,0.61,0.58,0.61,26236
2014-04-29,0.64,0.64,0.58,0.58,139557
2014-04-30,0.76,0.79,0.62,0.64,628694
2014-05-01,0.76,0.76,0.76,0.76,0
2014-05-02,0.74,0.82,0.7,0.72,445349
2014-05-05,0.68,0.78,0.63,0.77,638788
2014-05-06,0.65,0.69,0.62,0.67,230752
2014-05-07,0.65,0.67,0.64,0.66,62033
2014-05-08,0.64,0.65,0.62,0.65,136630
2014-05-09,0.71,0.74,0.62,0.62,339744
2014-05-12,0.68,0.74,0.67,0.73,221586
2014-05-13,0.69,0.71,0.67,0.7,88489
2014-05-14,0.7,0.7,0.64,0.69,216655
2014-05-15,0.71,0.74,0.66,0.66,351918
2014-05-16,0.72,0.73,0.69,0.69,77486
2014-05-19,0.72,0.72,0.7,0.71,37510
2014-05-20,0.71,0.71,0.68,0.7,42680
2014-05-21,0.7,0.7,0.67,0.69,16385
2014-05-22,0.7,0.7,0.7,0.7,0
2014-05-23,0.8,0.89,0.77,0.83,869719
2014-05-26,0.84,0.85,0.75,0.81,854299
2014-05-27,0.86,0.87,0.82,0.85,397616
2014-05-28,0.85,0.87,0.84,0.85,140844
2014-05-29,0.83,0.85,0.83,0.85,87624
2014-05-30,0.82,0.83,0.79,0.83,227875
2014-06-02,0.84,0.85,0.79,0.82,97130
2014-06-03,0.82,0.85,0.82,0.84,73934
2014-06-04,0.82,0.85,0.79,0.84,139622
2014-06-05,0.87,0.87,0.79,0.8,269317
2014-06-06,0.86,0.9,0.85,0.87,254937
2014-06-09,0.87,0.88,0.85,0.86,69566
2014-06-10,0.87,0.87,0.85,0.87,28910
2014-06-11,0.8,0.84,0.75,0.84,574218
2014-06-12,0.8,0.81,0.78,0.79,74390
2014-06-13,0.79,0.8,0.78,0.79,54250
2014-06-16,0.76,0.78,0.75,0.77,157368
2014-06-17,0.75,0.78,0.75,0.78,43968
2014-06-18,0.77,0.77,0.75,0.76,59675
2014-06-19,0.77,0.77,0.75,0.76,30325
2014-06-20,0.77,0.78,0.73,0.77,82641
2014-06-23,0.75,0.77,0.75,0.77,12408
2014-06-24,0.78,0.79,0.76,0.77,50233
2014-06-25,0.78,0.78,0.75,0.78,20178
2014-06-26,0.83,0.87,0.77,0.78,500603
2014-06-27,0.77,0.83,0.76,0.83,162449
2014-06-30,0.8,0.8,0.78,0.8,54304
2014-07-01,0.77,0.8,0.77,0.8,90167
2014-07-02,0.77,0.78,0.75,0.77,116517
2014-07-03,0.8,0.8,0.77,0.77,64473
2014-07-04,0.8,0.8,0.77,0.78,38467
2014-07-07,0.78,0.8,0.78,0.8,50935
2014-07-08,0.8,0.8,0.78,0.78,39898
2014-07-09,0.79,0.8,0.78,0.8,18400
2014-07-10,0.77,0.78,0.75,0.78,139280
2014-07-11,0.77,0.77,0.75,0.75,84823
2014-07-14,0.76,0.77,0.73,0.75,197635
2014-07-15,0.73,0.74,0.73,0.74,33739
2014-07-16,0.78,0.78,0.73,0.73,233446
2014-07-17,0.6,0.62,0.56,0.61,432507
2014-07-18,0.59,0.6,0.55,0.6,49994
2014-07-21,0.58,0.58,0.57,0.57,22530
2014-07-22,0.56,0.59,0.54,0.57,47962
2014-07-23,0.55,0.57,0.54,0.55,33410
2014-07-24,0.55,0.59,0.54,0.57,163955
2014-07-25,0.54,0.56,0.54,0.55,72193
2014-07-28,0.57,0.57,0.53,0.53,69206
2014-07-29,0.57,0.57,0.56,0.57,5385
2014-07-30,0.56,0.58,0.56,0.56,60156
2014-07-31,0.55,0.56,0.55,0.56,16500
2014-08-01,0.55,0.55,0.55,0.55,0
2014-08-04,0.55,0.55,0.55,0.55,0
2014-08-05,0.55,0.55,0.55,0.55,0
2014-08-06,0.55,0.55,0.55,0.55,0
2014-08-07,0.55,0.55,0.55,0.55,0
2014-08-08,0.55,0.55,0.55,0.55,0
2014-08-11,0.55,0.55,0.55,0.55,0
2014-08-12,0.55,0.55,0.55,0.55,0
2014-08-13,0.55,0.55,0.55,0.55,0
2014-08-14,0.55,0.55,0.55,0.55,0
2014-08-15,0.55,0.55,0.55,0.55,0
2014-08-18,0.55,0.55,0.55,0.55,0
2014-08-19,0.55,0.55,0.55,0.55,0
2014-08-20,0.55,0.55,0.55,0.55,0
2014-08-21,0.55,0.55,0.55,0.55,0
2014-08-22,0.55,0.55,0.55,0.55,0
2014-08-25,0.55,0.55,0.55,0.55,0
2014-08-26,0.55,0.55,0.55,0.55,0
2014-08-27,0.55,0.55,0.55,0.55,0
2014-08-28,0.55,0.55,0.55,0.55,0
2014-08-29,0.55,0.55,0.55,0.55,0
2014-09-01,0.55,0.55,0.55,0.55,0
2014-09-02,0.55,0.55,0.55,0.55,0
2014-09-03,0.55,0.55,0.55,0.55,0
2014-09-04,0.55,0.55,0.55,0.55,0
2014-09-05,0.55,0.55,0.55,0.55,0
2014-09-08,0.55,0.55,0.55,0.55,0
2014-09-09,0.55,0.55,0.55,0.55,0
2014-09-10,0.55,0.55,0.55,0.55,0
2014-09-11,0.55,0.55,0.55,0.55,0
2014-09-12,0.55,0.55,0.55,0.55,0
2014-09-15,0.55,0.55,0.55,0.55,0
2014-09-16,0.55,0.55,0.55,0.55,0
2014-09-17,0.55,0.55,0.55,0.55,0
2014-09-18,0.55,0.55,0.55,0.55,0
2014-09-19,0.55,0.55,0.55,0.55,0
2014-09-22,0.55,0.55,0.55,0.55,0
2014-09-23,0.55,0.55,0.55,0.55,0
2014-09-24,0.55,0.55,0.55,0.55,0
2014-09-25,0.55,0.55,0.55,0.55,0
2014-09-26,0.55,0.55,0.55,0.55,0
2014-09-29,0.55,0.55,0.55,0.55,0
2014-09-30,0.55,0.55,0.55,0.55,0
2014-10-01,0.55,0.55,0.55,0.55,0
2014-10-02,0.55,0.55,0.55,0.55,0
2014-10-03,0.55,0.55,0.55,0.55,0
2014-10-06,0.55,0.55,0.55,0.55,0
2014-10-07,0.55,0.55,0.55,0.55,0
2014-10-08,0.55,0.55,0.55,0.55,0
2014-10-09,0.55,0.55,0.55,0.55,0
2014-10-10,0.55,0.55,0.55,0.55,0
2014-10-13,0.55,0.55,0.55,0.55,0
2014-10-14,0.55,0.55,0.55,0.55,0
2014-10-15,0.55,0.55,0.55,0.55,0
2014-10-16,0.55,0.55,0.55,0.55,0
2014-10-17,0.55,0.55,0.55,0.55,0
2014-10-20,0.55,0.55,0.55,0.55,0
2014-10-21,0.55,0.55,0.55,0.55,0
2014-10-22,0.55,0.55,0.55,0.55,0
2014-10-23,0.55,0.55,0.55,0.55,0
2014-10-24,0.55,0.55,0.55,0.55,0
2014-10-27,0.55,0.55,0.55,0.55,0
2014-10-28,0.55,0.55,0.55,0.55,0
2014-10-29,0.55,0.55,0.55,0.55,0
2014-10-30,0.55,0.55,0.55,0.55,0
2014-10-31,0.55,0.55,0.55,0.55,0
2014-11-03,0.55,0.55,0.55,0.55,0
2014-11-04,0.55,0.55,0.55,0.55,0
2014-11-05,0.55,0.55,0.55,0.55,0
2014-11-06,0.55,0.55,0.55,0.55,0
2014-11-07,0.55,0.55,0.55,0.55,0
2014-11-10,0.55,0.55,0.55,0.55,0
2014-11-11,0.55,0.55,0.55,0.55,0
2014-11-12,0.55,0.55,0.55,0.55,0
2014-11-13,0.55,0.55,0.55,0.55,0
2014-11-14,0.55,0.55,0.55,0.55,0
2014-11-17,0.55,0.55,0.55,0.55,0
2014-11-18,0.55,0.55,0.55,0.55,0
2014-11-19,0.55,0.55,0.55,0.55,0
2014-11-20,0.55,0.55,0.55,0.55,0
2014-11-21,0.55,0.55,0.55,0.55,0
2014-11-24,0.55,0.55,0.55,0.55,0
2014-11-25,0.55,0.55,0.55,0.55,0
2014-11-26,0.55,0.55,0.55,0.55,0
2014-11-27,0.55,0.55,0.55,0.55,0
2014-11-28,0.55,0.55,0.55,0.55,0
2014-12-01,0.55,0.55,0.55,0.55,0
2014-12-02,0.55,0.55,0.55,0.55,0
2014-12-03,0.55,0.55,0.55,0.55,0
2014-12-04,0.55,0.55,0.55,0.55,0
2014-12-05,0.55,0.55,0.55,0.55,0
2014-12-08,0.55,0.55,0.55,0.55,0
2014-12-09,0.55,0.55,0.55,0.55,0
2014-12-10,0.55,0.55,0.55,0.55,0
2014-12-11,0.55,0.55,0.55,0.55,0
2014-12-12,0.55,0.55,0.55,0.55,0
2014-12-15,0.55,0.55,0.55,0.55,0
2014-12-16,0.55,0.55,0.55,0.55,0
2014-12-17,0.55,0.55,0.55,0.55,0
2014-12-18,0.55,0.55,0.55,0.55,0
2014-12-19,0.55,0.55,0.55,0.55,0
2014-12-22,0.55,0.55,0.55,0.55,0
2014-12-23,0.55,0.55,0.55,0.55,0
2014-12-24,0.55,0.55,0.55,0.55,0
2014-12-25,0.55,0.55,0.55,0.55,0
2014-12-26,0.55,0.55,0.55,0.55,0
2014-12-29,0.55,0.55,0.55,0.55,0
2014-12-30,0.55,0.55,0.55,0.55,0
2014-12-31,0.55,0.55,0.55,0.55,0
2015-01-01,0.55,0.55,0.55,0.55,0
2015-01-02,0.55,0.55,0.55,0.55,0
2015-01-05,0.55,0.55,0.55,0.55,0
2015-01-06,0.55,0.55,0.55,0.55,0
2015-01-07,0.55,0.55,0.55,0.55,0
2015-01-08,0.55,0.55,0.55,0.55,0
2015-01-09,0.55,0.55,0.55,0.55,0
2015-01-12,0.55,0.55,0.55,0.55,0
2015-01-13,0.55,0.55,0.55,0.55,0
2015-01-14,0.55,0.55,0.55,0.55,0
2015-01-15,0.55,0.55,0.55,0.55,0
2015-01-16,0.55,0.55,0.55,0.55,0
2015-01-19,0.55,0.55,0.55,0.55,0
2015-01-20,0.55,0.55,0.55,0.55,0
2015-01-21,0.55,0.55,0.55,0.55,0
2015-01-22,0.55,0.55,0.55,0.55,0
2015-01-23,0.55,0.55,0.55,0.55,0
2015-01-26,0.55,0.55,0.55,0.55,0
2015-01-27,0.55,0.55,0.55,0.55,0
2015-01-28,0.55,0.55,0.55,0.55,0
2015-01-29,0.55,0.55,0.55,0.55,0
2015-01-30,0.55,0.55,0.55,0.55,0
2015-02-02,0.55,0.55,0.55,0.55,0
2015-02-03,0.55,0.55,0.55,0.55,0
2015-02-04,0.55,0.55,0.55,0.55,0
2015-02-05,0.55,0.55,0.55,0.55,0
2015-02-06,0.55,0.55,0.55,0.55,0
2015-02-09,0.55,0.55,0.55,0.55,0
2015-02-10,0.55,0.55,0.55,0.55,0
2015-02-11,0.55,0.55,0.55,0.55,0
2015-02-12,0.55,0.55,0.55,0.55,0
2015-02-13,0.55,0.55,0.55,0.55,0
2015-02-16,0.55,0.55,0.55,0.55,0
2015-02-17,0.55,0.55,0.55,0.55,0
2015-02-18,0.55,0.55,0.55,0.55,0
2015-02-19,0.55,0.55,0.55,0.55,0
2015-02-20,0.55,0.55,0.55,0.55,0
2015-02-23,0.55,0.55,0.55,0.55,0
2015-02-24,0.55,0.55,0.55,0.55,0
2015-02-25,0.55,0.55,0.55,0.55,0
2015-02-26,0.55,0.55,0.55,0.55,0
2015-02-27,0.55,0.55,0.55,0.55,0
2015-03-02,0.55,0.55,0.55,0.55,0
2015-03-03,0.55,0.55,0.55,0.55,0
2015-03-04,0.55,0.55,0.55,0.55,0
2015-03-05,0.55,0.55,0.55,0.55,0
2015-03-06,0.55,0.55,0.55,0.55,0
2015-03-09,0.55,0.55,0.55,0.55,0
2015-03-10,0.55,0.55,0.55,0.55,0
2015-03-11,0.55,0.55,0.55,0.55,0
2015-03-12,0.55,0.55,0.55,0.55,0
2015-03-13,0.55,0.55,0.55,0.55,0
2015-03-16,0.55,0.55,0.55,0.55,0
2015-03-17,0.55,0.55,0.55,0.55,0
2015-03-18,0.55,0.55,0.55,0.55,0
2015-03-19,0.55,0.55,0.55,0.55,0
2015-03-20,0.55,0.55,0.55,0.55,0
2015-03-23,0.55,0.55,0.55,0.55,0
2015-03-24,0.55,0.55,0.55,0.55,0
2015-03-25,0.55,0.55,0.55,0.55,0
2015-03-26,0.55,0.55,0.55,0.55,0
2015-03-27,0.55,0.55,0.55,0.55,0
2015-03-30,0.55,0.55,0.55,0.55,0
2015-03-31,0.55,0.55,0.55,0.55,0
2015-04-01,0.55,0.55,0.55,0.55,0
2015-04-02,0.55,0.55,0.55,0.55,0
2015-04-03,0.55,0.55,0.55,0.55,0
2015-04-06,0.55,0.55,0.55,0.55,0
2015-04-07,0.55,0.55,0.55,0.55,0
2015-04-08,0.55,0.55,0.55,0.55,0
2015-04-09,0.55,0.55,0.55,0.55,0
2015-04-10,0.55,0.55,0.55,0.55,0
2015-04-13,0.55,0.55,0.55,0.55,0
2015-04-14,0.55,0.55,0.55,0.55,0
2015-04-15,0.55,0.55,0.55,0.55,0
2015-04-16,0.55,0.55,0.55,0.55,0
2015-04-17,0.55,0.55,0.55,0.55,0
2015-04-20,0.55,0.55,0.55,0.55,0
2015-04-21,0.55,0.55,0.55,0.55,0
2015-04-22,0.55,0.55,0.55,0.55,0
2015-04-23,0.55,0.55,0.55,0.55,0
2015-04-24,0.55,0.55,0.55,0.55,0
2015-04-27,0.55,0.55,0.55,0.55,0
2015-04-28,0.55,0.55,0.55,0.55,0
2015-04-29,0.55,0.55,0.55,0.55,0
2015-04-30,0.55,0.55,0.55,0.55,0
2015-05-01,0.55,0.55,0.55,0.55,0
2015-05-04,0.55,0.55,0.55,0.55,0
2015-05-05,0.55,0.55,0.55,0.55,0
2015-05-06,0.55,0.55,0.55,0.55,0
2015-05-07,0.55,0.55,0.55,0.55,0
2015-05-08,0.55,0.55,0.55,0.55,0
2015-05-11,0.55,0.55,0.55,0.55,0
2015-05-12,0.55,0.55,0.55,0.55,0
2015-05-13,0.55,0.55,0.55,0.55,0
2015-05-14,0.55,0.55,0.55,0.55,0
2015-05-15,0.55,0.55,0.55,0.55,0
2015-05-18,0.55,0.55,0.55,0.55,0
2015-05-19,0.55,0.55,0.55,0.55,0
2015-05-20,0.55,0.55,0.55,0.55,0
2015-05-21,0.55,0.55,0.55,0.55,0
2015-05-22,0.55,0.55,0.55,0.55,0
2015-05-25,0.55,0.55,0.55,0.55,0
2015-05-26,0.55,0.55,0.55,0.55,0
2015-05-27,0.55,0.55,0.55,0.55,0
2015-05-28,0.55,0.55,0.55,0.55,0
2015-05-29,0.55,0.55,0.55,0.55,0
2015-06-01,0.55,0.55,0.55,0.55,0
2015-06-02,0.55,0.55,0.55,0.55,0
2015-06-03,0.55,0.55,0.55,0.55,0
2015-06-04,0.55,0.55,0.55,0.55,0
2015-06-05,0.55,0.55,0.55,0.55,0
2015-06-08,0.55,0.55,0.55,0.55,0
2015-06-09,0.55,0.55,0.55,0.55,0
2015-06-10,0.55,0.55,0.55,0.55,0
2015-06-11,0.55,0.55,0.55,0.55,0
2015-06-12,0.55,0.55,0.55,0.55,0
2015-06-15,0.55,0.55,0.55,0.55,0
2015-06-16,0.55,0.55,0.55,0.55,0
2015-06-17,0.55,0.55,0.55,0.55,0
2015-06-18,0.55,0.55,0.55,0.55,0
2015-06-19,0.55,0.55,0.55,0.55,0
2015-06-22,0.55,0.55,0.55,0.55,0
2015-06-23,0.55,0.55,0.55,0.55,0
2015-06-24,0.55,0.55,0.55,0.55,0
2015-06-25,0.55,0.55,0.55,0.55,0
2015-06-26,0.55,0.55,0.55,0.55,0
2015-06-29,0.55,0.55,0.55,0.55,0
2015-06-30,0.55,0.55,0.55,0.55,0
2015-07-01,0.55,0.55,0.55,0.55,0
2015-07-02,0.55,0.55,0.55,0.55,0
2015-07-03,0.55,0.55,0.55,0.55,0
2015-07-06,0.55,0.55,0.55,0.55,0
2015-07-07,0.55,0.55,0.55,0.55,0
2015-07-08,0.55,0.55,0.55,0.55,0
2015-07-09,0.55,0.55,0.55,0.55,0
2015-07-10,0.55,0.55,0.55,0.55,0
2015-07-13,0.55,0.55,0.55,0.55,0
2015-07-14,0.55,0.55,0.55,0.55,0
2015-07-15,0.55,0.55,0.55,0.55,0
2015-07-16,0.55,0.55,0.55,0.55,0
2015-07-17,0.55,0.55,0.55,0.55,0
2015-07-20,0.55,0.55,0.55,0.55,0
2015-07-21,0.55,0.55,0.55,0.55,0
2015-07-22,0.55,0.55,0.55,0.55,0
2015-07-23,0.55,0.55,0.55,0.55,0
2015-07-24,0.55,0.55,0.55,0.55,0
2015-07-27,0.55,0.55,0.55,0.55,0
2015-07-28,0.55,0.55,0.55,0.55,0
2015-07-29,0.55,0.55,0.55,0.55,0
2015-07-30,0.55,0.55,0.55,0.55,0
2015-07-31,0.55,0.55,0.55,0.55,0
2015-08-03,0.55,0.55,0.55,0.55,0
2015-08-04,0.55,0.55,0.55,0.55,0
2015-08-05,0.55,0.55,0.55,0.55,0
2015-08-06,0.55,0.55,0.55,0.55,0
2015-08-07,0.55,0.55,0.55,0.55,0
2015-08-10,0.55,0.55,0.55,0.55,0
2015-08-11,0.55,0.55,0.55,0.55,0
2015-08-12,0.55,0.55,0.55,0.55,0
2015-08-13,0.55,0.55,0.55,0.55,0
2015-08-14,0.55,0.55,0.55,0.55,0
2015-08-17,0.55,0.55,0.55,0.55,0
2015-08-18,0.55,0.55,0.55,0.55,0
2015-08-19,0.55,0.55,0.55,0.55,0
2015-08-20,0.55,0.55,0.55,0.55,0
2015-08-21,0.55,0.55,0.55,0.55,0
2015-08-24,0.55,0.55,0.55,0.55,0
2015-08-25,0.55,0.55,0.55,0.55,0
2015-08-26,0.55,0.55,0.55,0.55,0
2015-08-27,0.55,0.55,0.55,0.55,0
2015-08-28,0.55,0.55,0.55,0.55,0
2015-08-31,0.55,0.55,0.55,0.55,0
2015-09-01,0.55,0.55,0.55,0.55,0
2015-09-02,0.55,0.55,0.55,0.55,0
2015-09-03,0.55,0.55,0.55,0.55,0
2015-09-04,0.55,0.55,0.55,0.55,0
2015-09-07,0.55,0.55,0.55,0.55,0
2015-09-08,0.55,0.55,0.55,0.55,0
2015-09-09,0.55,0.55,0.55,0.55,0
2015-09-10,0.55,0.55,0.55,0.55,0
2015-09-11,0.55,0.55,0.55,0.55,0
2015-09-14,0.55,0.55,0.55,0.55,0
2015-09-15,0.55,0.55,0.55,0.55,0
2015-09-16,0.55,0.55,0.55,0.55,0
2015-09-17,0.55,0.55,0.55,0.55,0
2015-09-18,0.55,0.55,0.55,0.55,0
2015-09-21,0.55,0.55,0.55,0.55,0
2015-09-22,0.55,0.55,0.55,0.55,0
2015-09-23,0.55,0.55,0.55,0.55,0
2015-09-24,0.55,0.55,0.55,0.55,0
2015-09-25,0.55,0.55,0.55,0.55,0
2015-09-28,0.55,0.55,0.55,0.55,0
2015-09-29,0.55,0.55,0.55,0.55,0
2015-09-30,0.55,0.55,0.55,0.55,0
2015-10-01,0.55,0.55,0.55,0.55,0
2015-10-02,0.55,0.55,0.55,0.55,0
2015-10-05,0.55,0.55,0.55,0.55,0
2015-10-06,0.55,0.55,0.55,0.55,0
2015-10-07,0.55,0.55,0.55,0.55,0
2015-10-08,0.55,0.55,0.55,0.55,0
2015-10-09,0.55,0.55,0.55,0.55,0
2015-10-12,0.55,0.55,0.55,0.55,0
2015-10-13,0.55,0.55,0.55,0.55,0
2015-10-14,0.55,0.55,0.55,0.55,0
2015-10-15,0.55,0.55,0.55,0.55,0
2015-10-16,0.55,0.55,0.55,0.55,0
2015-10-19,0.55,0.55,0.55,0.55,0
2015-10-20,0.55,0.55,0.55,0.55,0
2015-10-21,0.55,0.55,0.55,0.55,0
2015-10-22,0.55,0.55,0.55,0.55,0
2015-10-23,0.55,0.55,0.55,0.55,0
2015-10-26,0.55,0.55,0.55,0.55,0
2015-10-27,0.55,0.55,0.55,0.55,0
2015-10-28,0.55,0.55,0.55,0.55,0
2015-10-29,0.55,0.55,0.55,0.55,0
2015-10-30,0.55,0.55,0.55,0.55,0
2015-11-02,0.55,0.55,0.55,0.55,0
2015-11-03,0.55,0.55,0.55,0.55,0
2015-11-04,0.55,0.55,0.55,0.55,0
2015-11-05,0.55,0.55,0.55,0.55,0
2015-11-06,0.55,0.55,0.55,0.55,0
2015-11-09,0.55,0.55,0.55,0.55,0
2015-11-10,0.55,0.55,0.55,0.55,0
2015-11-11,0.55,0.55,0.55,0.55,0
2015-11-12,0.55,0.55,0.55,0.55,0
2015-11-13,0.55,0.55,0.55,0.55,0
2015-11-16,0.55,0.55,0.55,0.55,0
2015-11-17,0.55,0.55,0.55,0.55,0
2015-11-18,0.55,0.55,0.55,0.55,0
2015-11-19,0.55,0.55,0.55,0.55,0
2015-11-20,0.55,0.55,0.55,0.55,0
2015-11-23,0.55,0.55,0.55,0.55,0
2015-11-24,0.55,0.55,0.55,0.55,0
2015-11-25,0.55,0.55,0.55,0.55,0
2015-11-26,0.55,0.55,0.55,0.55,0
2015-11-27,0.55,0.55,0.55,0.55,0
2015-11-30,0.55,0.55,0.55,0.55,0
2015-12-01,0.55,0.55,0.55,0.55,0
2015-12-02,0.55,0.55,0.55,0.55,0
2015-12-03,0.55,0.55,0.55,0.55,0
2015-12-04,0.55,0.55,0.55,0.55,0
2015-12-07,0.55,0.55,0.55,0.55,0
2015-12-08,0.55,0.55,0.55,0.55,0
2015-12-09,0.55,0.55,0.55,0.55,0
2015-12-10,0.55,0.55,0.55,0.55,0
2015-12-11,0.55,0.55,0.55,0.55,0
2015-12-14,0.55,0.55,0.55,0.55,0
2015-12-15,0.55,0.55,0.55,0.55,0
2015-12-16,0.55,0.55,0.55,0.55,0
2015-12-17,0.55,0.55,0.55,0.55,0
2015-12-18,0.55,0.55,0.55,0.55,0
2015-12-21,0.55,0.55,0.55,0.55,0
2015-12-22,0.55,0.55,0.55,0.55,0
2015-12-23,0.55,0.55,0.55,0.55,0
2015-12-24,0.55,0.55,0.55,0.55,0
2015-12-25,0.55,0.55,0.55,0.55,0
2015-12-28,0.55,0.55,0.55,0.55,0
2015-12-29,0.55,0.55,0.55,0.55,0
2015-12-30,0.55,0.55,0.55,0.55,0
2015-12-31,0.55,0.55,0.55,0.55,0
2016-01-01,0.55,0.55,0.55,0.55,0
2016-01-04,0.55,0.55,0.55,0.55,0
2016-01-05,0.55,0.55,0.55,0.55,0
2016-01-06,0.55,0.55,0.55,0.55,0
2016-01-07,0.55,0.55,0.55,0.55,0
2016-01-08,0.55,0.55,0.55,0.55,0
2016-01-11,0.55,0.55,0.55,0.55,0
2016-01-12,0.55,0.55,0.55,0.55,0
2016-01-13,0.55,0.55,0.55,0.55,0
2016-01-14,0.55,0.55,0.55,0.55,0
2016-01-15,0.55,0.55,0.55,0.55,0
2016-01-18,0.55,0.55,0.55,0.55,0
2016-01-19,0.55,0.55,0.55,0.55,0
2016-01-20,0.55,0.55,0.55,0.55,0
2016-01-21,0.55,0.55,0.55,0.55,0
2016-01-22,0.55,0.55,0.55,0.55,0
2016-01-25,0.55,0.55,0.55,0.55,0
2016-01-26,0.55,0.55,0.55,0.55,0
2016-01-27,0.55,0.55,0.55,0.55,0
2016-01-28,0.55,0.55,0.55,0.55,0
2016-01-29,0.55,0.55,0.55,0.55,0
2016-02-01,0.55,0.55,0.55,0.55,0
2016-02-02,0.55,0.55,0.55,0.55,0
2016-02-03,0.55,0.55,0.55,0.55,0
2016-02-04,0.55,0.55,0.55,0.55,0
2016-02-05,0.55,0.55,0.55,0.55,0
2016-02-08,0.55,0.55,0.55,0.55,0
2016-02-09,0.55,0.55,0.55,0.55,0
2016-02-10,0.55,0.55,0.55,0.55,0
2016-02-11,0.55,0.55,0.55,0.55,0
2016-02-12,0.55,0.55,0.55,0.55,0
2016-02-15,0.55,0.55,0.55,0.55,0
2016-02-16,0.55,0.55,0.55,0.55,0
2016-02-17,0.55,0.55,0.55,0.55,0
2016-02-18,0.55,0.55,0.55,0.55,0
2016-02-19,0.55,0.55,0.55,0.55,0
2016-02-22,0.55,0.55,0.55,0.55,0
2016-02-23,0.55,0.55,0.55,0.55,0
2016-02-24,0.55,0.55,0.55,0.55,0
2016-02-25,0.55,0.55,0.55,0.55,0
2016-02-26,0.55,0.55,0.55,0.55,0
2016-02-29,0.55,0.55,0.55,0.55,0
2016-03-01,0.55,0.55,0.55,0.55,0
2016-03-02,0.55,0.55,0.55,0.55,0
2016-03-03,0.55,0.55,0.55,0.55,0
2016-03-04,0.55,0.55,0.55,0.55,0
2016-03-07,0.55,0.55,0.55,0.55,0
2016-03-08,0.55,0.55,0.55,0.55,0
2016-03-09,0.55,0.55,0.55,0.55,0
2016-03-10,0.55,0.55,0.55,0.55,0
2016-03-11,0.55,0.55,0.55,0.55,0
2016-03-14,0.55,0.55,0.55,0.55,0
2016-03-15,0.55,0.55,0.55,0.55,0
2016-03-16,0.55,0.55,0.55,0.55,0
2016-03-17,0.55,0.55,0.55,0.55,0
2016-03-18,0.55,0.55,0.55,0.55,0
2016-03-21,0.55,0.55,0.55,0.55,0
2016-03-22,0.55,0.55,0.55,0.55,0
2016-03-23,0.55,0.55,0.55,0.55,0
2016-03-24,0.55,0.55,0.55,0.55,0
2016-03-25,0.55,0.55,0.55,0.55,0
2016-03-28,0.55,0.55,0.55,0.55,0
2016-03-29,0.55,0.55,0.55,0.55,0
2016-03-30,0.55,0.55,0.55,0.55,0
2016-03-31,0.55,0.55,0.55,0.55,0
2016-04-01,0.55,0.55,0.55,0.55,0
2016-04-04,0.55,0.55,0.55,0.55,0
2016-04-05,0.15,0.26,0.13,0.25,1638277
2016-04-06,0.12,0.17,0.11,0.15,838370
2016-04-07,0.11,0.14,0.1,0.11,555299
2016-04-08,0.11,0.13,0.1,0.11,404430
2016-04-11,0.09,0.11,0.09,0.11,851255
2016-04-12,0.1,0.11,0.08,0.09,296245
2016-04-13,0.11,0.12,0.09,0.1,302699
2016-04-14,0.1,0.11,0.1,0.11,168741
2016-04-15,0.1,0.1,0.09,0.1,286313
2016-04-18,0.1,0.1,0.09,0.09,88995
2016-04-19,0.09,0.1,0.09,0.09,87653
2016-04-20,0.11,0.11,0.1,0.1,933646
2016-04-21,0.12,0.15,0.12,0.12,956858
2016-04-22,0.1,0.12,0.1,0.11,110930
2016-04-25,0.1,0.12,0.1,0.12,207150
2016-04-26,0.1,0.1,0.1,0.1,0
2016-04-27,0.11,0.12,0.1,0.1,72010
2016-04-28,0.1,0.11,0.1,0.11,34858
2016-04-29,0.1,0.12,0.1,0.11,51933
2016-05-02,0.11,0.12,0.11,0.11,12900
2016-05-03,0.1,0.1,0.1,0.1,10
2016-05-04,0.1,0.1,0.1,0.1,319
2016-05-05,0.1,0.11,0.1,0.11,287284
2016-05-06,0.09,0.1,0.09,0.09,470303
2016-05-09,0.09,0.1,0.09,0.09,154031
2016-05-10,0.09,0.09,0.08,0.09,54888
2016-05-11,0.08,0.1,0.08,0.08,216185
2016-05-12,0.1,0.1,0.08,0.08,31142
2016-05-13,0.09,0.1,0.09,0.09,496598
2016-05-16,0.09,0.09,0.09,0.09,81000
2016-05-17,0.09,0.09,0.08,0.09,16098
2016-05-18,0.09,0.1,0.08,0.1,26361
2016-05-19,0.09,0.09,0.09,0.09,0
2016-05-20,0.09,0.09,0.09,0.09,50000
2016-05-23,0.09,0.09,0.08,0.08,13700
2016-05-24,0.09,0.09,0.09,0.09,0
2016-05-25,0.09,0.09,0.08,0.08,1340
2016-05-26,0.1,0.1,0.08,0.08,182150
2016-05-27,0.09,0.09,0.09,0.09,9000
2016-05-30,0.09,0.1,0.09,0.09,45750
2016-05-31,0.1,0.1,0.09,0.09,15500
2016-06-01,0.1,0.1,0.1,0.1,0
2016-06-02,0.09,0.09,0.08,0.09,1092792
2016-06-03,0.09,0.09,0.08,0.08,33500
2016-06-06,0.09,0.09,0.09,0.09,22000
2016-06-07,0.09,0.09,0.08,0.08,311933
2016-06-08,0.08,0.09,0.08,0.09,387
2016-06-09,0.08,0.08,0.08,0.08,1818
2016-06-10,0.08,0.08,0.08,0.08,1226
2016-06-13,0.08,0.08,0.08,0.08,145772
2016-06-14,0.07,0.07,0.07,0.07,66767
2016-06-15,0.07,0.07,0.07,0.07,8000
2016-06-16,0.07,0.07,0.07,0.07,102200
2016-06-17,0.07,0.07,0.07,0.07,2496
2016-06-20,0.07,0.09,0.06,0.07,415330
2016-06-21,0.07,0.07,0.06,0.07,86750
2016-06-22,0.06,0.07,0.06,0.07,87962
2016-06-23,0.07,0.07,0.07,0.07,3000
2016-06-24,0.07,0.07,0.06,0.06,120661
2016-06-27,0.07,0.07,0.06,0.06,95159
2016-06-28,0.07,0.07,0.06,0.06,10300
2016-06-29,0.06,0.06,0.06,0.06,25550
2016-06-30,0.06,0.06,0.06,0.06,29000
2016-07-01,0.06,0.07,0.06,0.06,49550
2016-07-04,0.06,0.06,0.06,0.06,0
2016-07-05,0.06,0.06,0.06,0.06,0
2016-07-06,0.06,0.06,0.06,0.06,400
2016-07-07,0.06,0.06,0.06,0.06,53500
2016-07-08,0.05,0.06,0.05,0.06,110009
2016-07-11,0.05,0.05,0.05,0.05,0
2016-07-12,0.05,0.05,0.05,0.05,500
2016-07-13,0.06,0.06,0.05,0.05,88300
2016-07-14,0.06,0.07,0.05,0.06,259131
2016-07-15,0.06,0.06,0.06,0.06,0
2016-07-18,0.06,0.06,0.06,0.06,0
2016-07-19,0.04,0.05,0.04,0.05,584971
2016-07-20,0.04,0.05,0.04,0.04,82672
2016-07-21,0.04,0.04,0.04,0.04,16000
2016-07-22,0.04,0.04,0.04,0.04,44100
2016-07-25,0.04,0.04,0.04,0.04,16971
2016-07-26,0.04,0.05,0.04,0.04,47650
2016-07-27,0.04,0.04,0.04,0.04,0
2016-07-28,0.04,0.04,0.03,0.04,56332
2016-07-29,0.04,0.04,0.04,0.04,5000
2016-08-01,0.04,0.04,0.03,0.03,28374
2016-08-02,0.03,0.03,0.03,0.03,117936
2016-08-03,0.04,0.04,0.04,0.04,2500
2016-08-04,0.04,0.04,0.04,0.04,0
2016-08-05,0.04,0.04,0.03,0.04,10909
2016-08-08,0.05,0.05,0.03,0.03,267417
2016-08-09,0.04,0.04,0.04,0.04,9000
2016-08-10,0.04,0.04,0.04,0.04,0
2016-08-11,0.04,0.04,0.04,0.04,1000
2016-08-12,0.05,0.05,0.05,0.05,1000
2016-08-15,0.05,0.05,0.05,0.05,8500
2016-08-16,0.05,0.05,0.05,0.05,0
2016-08-17,0.04,0.04,0.04,0.04,4029
2016-08-18,0.04,0.05,0.04,0.05,208
2016-08-19,0.04,0.05,0.04,0.05,5185
2016-08-22,0.04,0.04,0.04,0.04,0
2016-08-23,0.05,0.05,0.04,0.04,6751
2016-08-24,0.05,0.06,0.04,0.04,614418
2016-08-25,0.04,0.06,0.04,0.05,45000
2016-08-26,0.06,0.06,0.05,0.05,8700
2016-08-29,0.05,0.06,0.05,0.06,26850
2016-08-30,0.05,0.06,0.05,0.05,52822
2016-08-31,0.05,0.05,0.05,0.05,62821
2016-09-01,0.06,0.06,0.04,0.05,795350
2016-09-02,0.04,0.06,0.04,0.06,969145
2016-09-05,0.05,0.05,0.04,0.04,225240
2016-09-06,0.05,0.05,0.05,0.05,0
2016-09-07,0.05,0.05,0.05,0.05,0
2016-09-08,0.05,0.05,0.05,0.05,0
2016-09-09,0.03,0.05,0.03,0.05,1381830
2016-09-12,0.04,0.04,0.04,0.04,84275
2016-09-13,0.04,0.04,0.04,0.04,27500
2016-09-14,0.03,0.04,0.03,0.04,64699
2016-09-15,0.03,0.03,0.03,0.03,0
2016-09-16,0.04,0.04,0.04,0.04,1015
2016-09-19,0.04,0.04,0.03,0.04,147552
2016-09-20,0.03,0.04,0.03,0.04,16900
2016-09-21,0.03,0.03,0.03,0.03,0
2016-09-22,0.04,0.04,0.03,0.04,36065
2016-09-23,0.04,0.04,0.04,0.04,25000
2016-09-26,0.04,0.04,0.04,0.04,0
2016-09-27,0.04,0.04,0.04,0.04,0
2016-09-28,0.04,0.04,0.03,0.03,24390
2016-09-29,0.04,0.04,0.04,0.04,0
2016-09-30,0.04,0.04,0.04,0.04,0
2016-10-03,0.04,0.04,0.03,0.04,320132
2016-10-04,0.04,0.04,0.04,0.04,0
2016-10-05,0.04,0.04,0.03,0.03,19800
2016-10-06,0.04,0.04,0.04,0.04,0
2016-10-07,0.04,0.04,0.03,0.03,39508
2016-10-10,0.03,0.04,0.03,0.04,10055
2016-10-11,0.03,0.03,0.03,0.03,0
2016-10-12,0.04,0.04,0.03,0.04,9850
2016-10-13,0.04,0.04,0.04,0.04,0
2016-10-14,0.04,0.04,0.03,0.03,34333
2016-10-17,0.04,0.04,0.04,0.04,10000
2016-10-18,0.03,0.04,0.03,0.03,680566
2016-10-19,0.04,0.04,0.03,0.04,120100
2016-10-20,0.04,0.04,0.04,0.04,0
2016-10-21,0.03,0.03,0.03,0.03,2000
2016-10-24,0.03,0.04,0.03,0.04,59166
2016-10-25,0.03,0.03,0.03,0.03,0
2016-10-26,0.03,0.03,0.03,0.03,15000
2016-10-27,0.03,0.03,0.03,0.03,140289
2016-10-28,0.03,0.03,0.03,0.03,1100
2016-10-31,0.03,0.03,0.03,0.03,550
2016-11-01,0.03,0.03,0.03,0.03,0
2016-11-02,0.03,0.03,0.03,0.03,10
2016-11-03,0.03,0.03,0.03,0.03,4500
2016-11-04,0.03,0.03,0.03,0.03,1200
2016-11-07,0.03,0.03,0.03,0.03,7383
2016-11-08,0.03,0.03,0.03,0.03,10502
2016-11-09,0.03,0.03,0.03,0.03,26754
2016-11-10,0.03,0.03,0.03,0.03,0
2016-11-11,0.03,0.03,0.03,0.03,1300
2016-11-14,0.03,0.03,0.03,0.03,536406
2016-11-15,0.03,0.03,0.03,0.03,40338
2016-11-16,0.03,0.03,0.03,0.03,0
2016-11-17,0.03,0.03,0.03,0.03,13140
2016-11-18,0.03,0.03,0.03,0.03,426
2016-11-21,0.03,0.03,0.03,0.03,18500
2016-11-22,0.03,0.03,0.03,0.03,0
2016-11-23,0.03,0.03,0.03,0.03,10322
2016-11-24,0.03,0.03,0.02,0.02,105140
2016-11-25,0.03,0.03,0.03,0.03,0
2016-11-28,0.02,0.02,0.02,0.02,500
2016-11-29,0.03,0.03,0.03,0.03,200
2016-11-30,0.03,0.03,0.02,0.02,21584
2016-12-01,0.03,0.03,0.03,0.03,7000
2016-12-02,0.03,0.04,0.02,0.03,77773
2016-12-05,0.03,0.03,0.02,0.02,18367
2016-12-06,0.03,0.03,0.03,0.03,0
2016-12-07,0.03,0.03,0.02,0.02,13000
2016-12-08,0.03,0.03,0.03,0.03,0
2016-12-09,0.03,0.03,0.02,0.02,44152
2016-12-12,0.03,0.03,0.03,0.03,2500
2016-12-13,0.02,0.02,0.02,0.02,2000
2016-12-14,0.02,0.03,0.02,0.03,32700
2016-12-15,0.02,0.02,0.02,0.02,9460
2016-12-16,0.02,0.02,0.02,0.02,3000
2016-12-19,0.03,0.03,0.02,0.02,1000
2016-12-20,0.02,0.03,0.02,0.02,25100
2016-12-21,0.03,0.03,0.03,0.03,6000
2016-12-22,0.02,0.03,0.02,0.03,33533
2016-12-23,0.02,0.03,0.02,0.03,11070
2016-12-26,0.02,0.02,0.02,0.02,0
2016-12-27,0.03,0.03,0.03,0.03,3500
2016-12-28,0.03,0.03,0.02,0.03,21855
2016-12-29,0.03,0.03,0.02,0.02,19800
2016-12-30,0.02,0.03,0.02,0.03,21185
2017-01-02,0.02,0.02,0.02,0.02,300
2017-01-03,0.03,0.03,0.02,0.02,2400
2017-01-04,0.03,0.03,0.02,0.03,27518
2017-01-05,0.03,0.03,0.03,0.03,0
2017-01-06,0.03,0.03,0.02,0.02,61892
2017-01-09,0.03,0.03,0.03,0.03,0
2017-01-10,0.03,0.03,0.03,0.03,0
2017-01-11,0.03,0.04,0.02,0.03,662976
2017-01-12,0.05,0.05,0.03,0.04,1521220
2017-01-13,0.04,0.05,0.04,0.04,276309
2017-01-16,0.05,0.05,0.04,0.04,691999
2017-01-17,0.1,0.11,0.05,0.05,3205965
2017-01-18,0.09,0.11,0.08,0.1,1051730
2017-01-19,0.06,0.09,0.06,0.09,1016022
2017-01-20,0.07,0.08,0.06,0.07,287402
2017-01-23,0.04,0.07,0.04,0.07,1659951
2017-01-24,0.04,0.05,0.04,0.04,163916
2017-01-25,0.05,0.05,0.04,0.04,29764
2017-01-26,0.05,0.05,0.04,0.05,172632
2017-01-27,0.05,0.06,0.04,0.04,410570
2017-01-30,0.05,0.06,0.05,0.05,72130
2017-01-31,0.05,0.05,0.05,0.05,164105
2017-02-01,0.05,0.05,0.04,0.05,179546
2017-02-02,0.05,0.05,0.05,0.05,0
2017-02-03,0.05,0.05,0.04,0.05,62223
2017-02-06,0.05,0.06,0.04,0.05,121900
2017-02-07,0.04,0.05,0.04,0.04,12600
2017-02-08,0.05,0.05,0.04,0.04,97100
2017-02-09,0.05,0.05,0.04,0.04,77800
2017-02-10,0.05,0.05,0.04,0.04,54500
2017-02-13,0.05,0.05,0.04,0.04,382600
2017-02-14,0.04,0.05,0.04,0.04,68250
2017-02-15,0.04,0.05,0.04,0.05,40000
2017-02-16,0.04,0.04,0.04,0.04,0
2017-02-17,0.05,0.05,0.04,0.04,37400
2017-02-20,0.04,0.05,0.04,0.04,17791
2017-02-21,0.05,0.05,0.05,0.05,396306
2017-02-22,0.05,0.05,0.05,0.05,5000
2017-02-23,0.05,0.05,0.05,0.05,32000
2017-02-24,0.05,0.05,0.05,0.05,0
2017-02-27,0.04,0.05,0.04,0.05,5001
2017-02-28,0.05,0.05,0.05,0.05,50200
2017-03-01,0.06,0.06,0.04,0.05,424168
2017-03-02,0.06,0.06,0.06,0.06,246791
2017-03-03,0.06,0.06,0.06,0.06,0
2017-03-06,0.05,0.06,0.05,0.05,327810
2017-03-07,0.05,0.05,0.05,0.05,1500
2017-03-08,0.05,0.05,0.05,0.05,100130
2017-03-09,0.05,0.06,0.05,0.05,60300
2017-03-10,0.05,0.06,0.05,0.06,111700
2017-03-13,0.04,0.05,0.04,0.05,143930
2017-03-14,0.05,0.05,0.04,0.05,221356
2017-03-15,0.05,0.05,0.05,0.05,10000
2017-03-16,0.05,0.05,0.05,0.05,0
2017-03-17,0.05,0.05,0.05,0.05,0
2017-03-20,0.05,0.06,0.04,0.04,89580
2017-03-21,0.05,0.05,0.04,0.04,4100
2017-03-22,0.05,0.05,0.05,0.05,1900
2017-03-23,0.05,0.05,0.05,0.05,0
2017-03-24,0.05,0.05,0.04,0.04,28900
2017-03-27,0.05,0.06,0.04,0.06,254850
2017-03-28,0.05,0.05,0.05,0.05,25000
2017-03-29,0.05,0.05,0.05,0.05,0
2017-03-30,0.05,0.05,0.05,0.05,4000
2017-03-31,0.05,0.05,0.05,0.05,11000
2017-04-03,0.06,0.06,0.05,0.05,27815
2017-04-04,0.04,0.06,0.04,0.05,158384
2017-04-05,0.06,0.06,0.04,0.04,53278
2017-04-06,0.06,0.06,0.04,0.04,9050
2017-04-07,0.05,0.05,0.05,0.05,1000
2017-04-10,0.05,0.06,0.05,0.06,57032
2017-04-11,0.05,0.05,0.05,0.05,0
2017-04-12,0.05,0.05,0.05,0.05,50000
2017-04-13,0.05,0.05,0.05,0.05,0
2017-04-14,0.05,0.05,0.05,0.05,0
2017-04-17,0.05,0.05,0.05,0.05,0
2017-04-18,0.05,0.05,0.05,0.05,7060
2017-04-19,0.05,0.05,0.05,0.05,0
2017-04-20,0.05,0.05,0.05,0.05,15000
2017-04-21,0.05,0.06,0.05,0.05,116700
2017-04-24,0.05,0.05,0.05,0.05,5611
2017-04-25,0.05,0.05,0.05,0.05,0
2017-04-26,0.05,0.05,0.05,0.05,0
2017-04-27,0.05,0.05,0.05,0.05,0
2017-04-28,0.05,0.05,0.05,0.05,56047
2017-05-01,0.05,0.05,0.05,0.05,0
2017-05-02,0.05,0.05,0.05,0.05,12630
2017-05-03,0.05,0.05,0.05,0.05,40500
2017-05-04,0.05,0.05,0.05,0.05,23000
2017-05-05,0.05,0.05,0.05,0.05,0
2017-05-08,0.05,0.05,0.05,0.05,0
2017-05-09,0.05,0.05,0.05,0.05,0
2017-05-10,0.05,0.05,0.05,0.05,0
2017-05-11,0.05,0.05,0.05,0.05,5000
2017-05-12,0.05,0.05,0.05,0.05,10000
2017-05-15,0.05,0.05,0.05,0.05,9050
2017-05-16,0.05,0.05,0.05,0.05,15422
2017-05-17,0.05,0.05,0.05,0.05,0
2017-05-18,0.05,0.05,0.05,0.05,33850
2017-05-19,0.05,0.05,0.05,0.05,81400
2017-05-22,0.05,0.06,0.05,0.05,65800
2017-05-23,0.05,0.05,0.05,0.05,53800
2017-05-24,0.05,0.06,0.05,0.06,41175
2017-05-25,0.05,0.05,0.05,0.05,57000
2017-05-26,0.06,0.06,0.06,0.06,10
2017-05-29,0.05,0.06,0.05,0.06,17500
2017-05-30,0.05,0.05,0.05,0.05,0
2017-05-31,0.05,0.06,0.05,0.05,18115
2017-06-01,0.05,0.06,0.05,0.06,18950
2017-06-02,0.05,0.05,0.05,0.05,0
2017-06-05,0.05,0.05,0.05,0.05,0
2017-06-06,0.06,0.06,0.05,0.06,5649
2017-06-07,0.06,0.06,0.06,0.06,0
2017-06-08,0.05,0.05,0.05,0.05,30157
2017-06-09,0.05,0.05,0.05,0.05,274
2017-06-12,0.05,0.05,0.05,0.05,150
2017-06-13,0.05,0.05,0.05,0.05,10000
2017-06-14,0.05,0.05,0.05,0.05,10000
2017-06-15,0.05,0.05,0.05,0.05,250
2017-06-16,0.05,0.05,0.05,0.05,12000
2017-06-19,0.05,0.05,0.05,0.05,0
2017-06-20,0.05,0.05,0.05,0.05,20200
2017-06-21,0.05,0.05,0.05,0.05,83
2017-06-22,0.05,0.05,0.05,0.05,0
2017-06-23,0.05,0.05,0.05,0.05,0
2017-06-26,0.05,0.05,0.05,0.05,25000
2017-06-27,0.05,0.05,0.05,0.05,0
2017-06-28,0.05,0.05,0.05,0.05,0
2017-06-29,0.05,0.05,0.05,0.05,0
2017-06-30,0.05,0.05,0.05,0.05,0
2017-07-03,0.05,0.05,0.05,0.05,10030
2017-07-04,0.05,0.05,0.05,0.05,0
2017-07-05,0.05,0.05,0.05,0.05,0
2017-07-06,0.05,0.05,0.05,0.05,0
2017-07-07,0.05,0.05,0.05,0.05,0
2017-07-10,0.05,0.05,0.05,0.05,19106
2017-07-11,0.05,0.05,0.05,0.05,0
2017-07-12,0.05,0.05,0.05,0.05,0
2017-07-13,0.05,0.05,0.05,0.05,100
2017-07-14,0.05,0.05,0.05,0.05,13750
2017-07-17,0.05,0.05,0.05,0.05,0
2017-07-18,0.06,0.06,0.04,0.04,20000
2017-07-19,0.06,0.06,0.06,0.06,0
2017-07-20,0.06,0.06,0.06,0.06,0
2017-07-21,0.06,0.06,0.06,0.06,0
2017-07-24,0.04,0.04,0.04,0.04,150
2017-07-25,0.04,0.04,0.04,0.04,0
2017-07-26,0.05,0.06,0.05,0.06,13900
2017-07-27,0.05,0.05,0.05,0.05,27100
2017-07-28,0.05,0.05,0.05,0.05,0
2017-07-31,0.05,0.05,0.04,0.04,72159
2017-08-01,0.05,0.05,0.05,0.05,0
2017-08-02,0.05,0.05,0.05,0.05,1000
2017-08-03,0.05,0.05,0.05,0.05,0
2017-08-04,0.05,0.05,0.05,0.05,11700
2017-08-07,0.05,0.05,0.05,0.05,0
2017-08-08,0.05,0.05,0.05,0.05,0
2017-08-09,0.05,0.05,0.05,0.05,0
2017-08-10,0.04,0.04,0.04,0.04,934
2017-08-11,0.04,0.04,0.04,0.04,30
2017-08-14,0.04,0.04,0.04,0.04,2000
2017-08-15,0.05,0.05,0.05,0.05,10000
2017-08-16,0.05,0.05,0.04,0.04,6070
2017-08-17,0.05,0.05,0.05,0.05,0
2017-08-18,0.04,0.04,0.04,0.04,4
2017-08-21,0.05,0.05,0.05,0.05,20000
2017-08-22,0.05,0.05,0.05,0.05,0
2017-08-23,0.05,0.05,0.05,0.05,0
2017-08-24,0.05,0.05,0.05,0.05,0
2017-08-25,0.05,0.05,0.05,0.05,0
2017-08-28,0.05,0.05,0.05,0.05,0
2017-08-29,0.05,0.05,0.05,0.05,0
2017-08-30,0.05,0.05,0.05,0.05,0
2017-08-31,0.05,0.05,0.05,0.05,20000
2017-09-01,0.05,0.05,0.05,0.05,0
2017-09-04,0.05,0.05,0.05,0.05,0
2017-09-05,0.04,,0.04,0.04,5000
2017-09-06,0.05,,0.05,0.05,2000
2017-09-07,0.05,0.05,0.05,0.05,10010
2017-09-08,0.05,,0.04,0.04,5010
2017-09-11,0.05,0.05,0.05,0.05,0
2017-09-12,0.05,0.05,0.05,0.05,0
2017-09-13,0.04,0.04,0.04,0.04,10000
2017-09-14,0.04,0.05,0.04,0.05,126751
2017-09-15,0.05,0.05,0.04,0.04,27101
2017-09-18,0.05,0.05,0.05,0.05,0
2017-09-19,0.04,0.04,0.04,0.04,56690
2017-09-20,0.04,0.04,0.04,0.04,0
2017-09-21,0.04,0.05,0.04,0.05,127400
2017-09-22,0.05,0.05,0.04,0.04,146361
2017-09-25,0.05,0.05,0.05,0.05,0
2017-09-26,0.05,0.05,0.05,0.05,30000
2017-09-27,0.05,0.05,0.05,0.05,0
2017-09-28,0.05,0.05,0.05,0.05,0
2017-09-29,0.05,0.05,0.05,0.05,18460
2017-10-02,0.05,0.05,0.05,0.05,10010
2017-10-03,0.05,0.05,0.05,0.05,0
2017-10-04,0.05,0.05,0.05,0.05,9505
2017-10-05,0.05,0.05,0.05,0.05,0
2017-10-06,0.05,0.05,0.05,0.05,5149
2017-10-09,0.05,0.05,0.05,0.05,0
2017-10-10,0.05,0.05,0.05,0.05,0
2017-10-11,0.05,0.05,0.05,0.05,0
2017-10-12,0.05,0.05,0.05,0.05,50
2017-10-13,0.06,0.06,0.06,0.06,10
2017-10-16,0.04,0.05,0.04,0.05,19236
2017-10-17,0.05,0.05,0.05,0.05,39510
2017-10-18,0.04,0.04,0.04,0.04,1000
2017-10-19,0.05,0.05,0.05,0.05,8000
2017-10-20,0.05,0.05,0.04,0.04,7000
2017-10-23,0.04,0.04,0.04,0.04,22
2017-10-24,0.04,0.04,0.04,0.04,6000
2017-10-25,0.04,0.04,0.04,0.04,10099
2017-10-26,0.04,0.04,0.04,0.04,400
2017-10-27,0.04,0.04,0.04,0.04,14
2017-10-30,0.04,0.04,0.04,0.04,0
2017-10-31,0.05,0.05,0.05,0.05,1000
2017-11-01,0.05,0.05,0.05,0.05,4000
2017-11-02,0.05,0.05,0.04,0.04,88264
2017-11-03,0.05,0.05,0.05,0.05,0
2017-11-06,0.04,0.04,0.04,0.04,1000
2017-11-07,0.04,0.06,0.04,0.06,6000
2017-11-08,0.04,0.04,0.04,0.04,0
2017-11-09,0.04,0.05,0.04,0.04,1150
2017-11-10,0.04,0.04,0.04,0.04,100
2017-11-13,0.04,0.04,0.04,0.04,50
2017-11-14,0.04,0.06,0.04,0.05,154000
2017-11-15,0.04,0.06,0.04,0.06,157400
2017-11-16,0.04,0.04,0.04,0.04,0
2017-11-17,0.05,0.05,0.05,0.05,30000
2017-11-20,0.05,0.05,0.04,0.04,25024
2017-11-21,0.05,0.05,0.04,0.04,2000
2017-11-22,0.04,0.04,0.04,0.04,42
2017-11-23,0.04,0.04,0.04,0.04,0
2017-11-24,0.05,0.05,0.04,0.04,10200
2017-11-27,0.04,0.04,0.04,0.04,5000
2017-11-28,0.04,0.04,0.04,0.04,0
2017-11-29,0.05,0.06,0.04,0.05,63650
2017-11-30,0.05,0.05,0.05,0.05,59250
2017-12-01,0.06,0.06,0.04,0.05,139252
2017-12-04,0.04,0.05,0.04,0.04,84637
2017-12-05,0.05,0.05,0.05,0.05,12500
2017-12-06,0.04,0.05,0.04,0.04,190499
2017-12-07,0.04,0.05,0.04,0.05,4002
2017-12-08,0.04,0.05,0.04,0.05,60150
2017-12-11,0.04,0.04,0.04,0.04,0
2017-12-12,0.04,0.04,0.04,0.04,0
2017-12-13,0.05,0.05,0.05,0.05,4000
2017-12-14,0.05,0.05,0.04,0.05,114100
2017-12-15,0.04,0.04,0.04,0.04,1027
2017-12-18,0.04,0.04,0.04,0.04,0
2017-12-19,0.04,0.04,0.04,0.04,0
2017-12-20,0.04,0.04,0.04,0.04,56930
2017-12-21,0.04,0.04,0.04,0.04,168549
2017-12-22,0.04,0.05,0.04,0.04,16900
2017-12-25,0.04,0.04,0.04,0.04,0
2017-12-26,0.04,0.04,0.04,0.04,0
2017-12-27,0.04,0.04,0.04,0.04,2000
2017-12-28,0.04,0.04,0.04,0.04,1350
2017-12-29,0.04,0.05,0.04,0.05,18650
2018-01-01,0.04,0.04,0.04,0.04,0
2018-01-02,0.0405,0.0405,0.0405,0.0405,1000
2018-01-03,0.0415,0.049,0.0415,0.049,64900
2018-01-04,0.05,0.0595,0.042,0.042,350622
2018-01-05,0.0585,0.0585,0.05,0.05,107600
2018-01-08,0.053,0.057,0.05,0.057,165672
2018-01-09,0.0545,0.0545,0.053,0.053,73000
2018-01-10,0.053,0.0535,0.05,0.052000000000000005,113450
2018-01-11,0.05,0.051,0.05,0.051,58250
2018-01-12,0.049,0.0545,0.049,0.0525,96266
2018-01-15,0.05,0.0535,0.049,0.049,23000
2018-01-16,0.05,0.053,0.05,0.053,8984
2018-01-17,0.0525,0.0525,0.05,0.05,20027
2018-01-18,0.0525,0.0525,0.05,0.05,13000
2018-01-19,0.053,0.053,0.05,0.0525,84259
2018-01-22,0.05,0.053,0.05,0.053,89414
2018-01-23,0.047,0.05,0.047,0.05,300015
2018-01-24,0.047,0.05,0.047,0.05,130000
2018-01-25,0.047,0.047,0.047,0.047,34156
2018-01-26,0.044000000000000004,0.05,0.0425,0.047,204230
2018-01-29,0.045,0.05,0.045,0.045,9205
2018-01-30,0.045,0.045,0.045,0.045,91687
2018-01-31,0.045,0.045,0.045,0.045,0
2018-02-01,0.045,0.045,0.045,0.045,72000
2018-02-02,0.046,0.046,0.046,0.046,2500
2018-02-05,0.045,0.045,0.045,0.045,2500
2018-02-06,0.044000000000000004,0.045,0.044000000000000004,0.045,62557
2018-02-07,0.044000000000000004,0.044000000000000004,0.044000000000000004,0.044000000000000004,0
2018-02-08,0.044000000000000004,0.044000000000000004,0.044000000000000004,0.044000000000000004,0
2018-02-09,0.044000000000000004,0.044000000000000004,0.044000000000000004,0.044000000000000004,0
2018-02-12,0.044000000000000004,0.044000000000000004,0.044000000000000004,0.044000000000000004,0
2018-02-13,0.044000000000000004,0.044000000000000004,0.044000000000000004,0.044000000000000004,3000
2018-02-14,0.045,0.045,0.045,0.045,2300
2018-02-15,0.044000000000000004,0.044000000000000004,0.044000000000000004,0.044000000000000004,536
2018-02-16,0.044000000000000004,0.044000000000000004,0.044000000000000004,0.044000000000000004,0
2018-02-19,0.044000000000000004,0.044000000000000004,0.044000000000000004,0.044000000000000004,0
2018-02-20,0.044000000000000004,0.044000000000000004,0.044000000000000004,0.044000000000000004,1098
2018-02-21,0.044000000000000004,0.044000000000000004,0.044000000000000004,0.044000000000000004,0
2018-02-22,0.044000000000000004,0.044000000000000004,0.044000000000000004,0.044000000000000004,1700
2018-02-23,0.044000000000000004,0.044000000000000004,0.044000000000000004,0.044000000000000004,0
2018-02-26,0.0445,0.0445,0.0445,0.0445,10000
2018-02-27,0.0445,0.0445,0.0445,0.0445,0
2018-02-28,0.0445,0.0445,0.0445,0.0445,0
2018-03-01,0.0445,0.0445,0.0445,0.0445,1100
2018-03-02,0.045,0.045,0.045,0.045,1800
2018-03-05,0.045,0.045,0.045,0.045,750
2018-03-06,0.045,0.045,0.045,0.045,0
2018-03-07,0.045,0.045,0.045,0.045,1500
2018-03-08,0.0445,0.045,0.0445,0.045,7314
2018-03-09,0.045,0.045,0.045,0.045,6492
2018-03-12,0.0485,0.0485,0.045,0.045,3188
2018-03-13,0.0495,0.05,0.0495,0.05,65000
2018-03-14,0.0495,0.0495,0.0495,0.0495,0
2018-03-15,0.0455,0.0455,0.0455,0.0455,10000
2018-03-16,0.0455,0.0455,0.0455,0.0455,0
2018-03-19,0.0455,0.0455,0.0455,0.0455,0
2018-03-20,0.046,0.046,0.046,0.046,380
2018-03-21,0.046,0.046,0.046,0.046,100
2018-03-22,0.046,0.046,0.046,0.046,40
2018-03-23,0.0445,0.045,0.0445,0.045,37225
2018-03-26,0.0445,0.0445,0.0445,0.0445,1514
2018-03-27,0.0445,0.0445,0.0445,0.0445,0
2018-03-28,0.044,0.044,0.044,0.044,2000
2018-03-29,0.044,0.044,0.044,0.044,0
2018-03-30,0.044,0.044,0.044,0.044,0
2018-04-02,0.044,0.044,0.044,0.044,0
2018-04-03,0.044,0.044,0.044,0.044,0
2018-04-04,0.044,0.044,0.044,0.044,0
2018-04-05,0.044,0.044,0.044,0.044,100
2018-04-06,0.044,0.044,0.044,0.044,0
2018-04-09,0.044,0.044,0.044,0.044,0
2018-04-10,0.044,0.044,0.044,0.044,0
2018-04-11,0.044,0.044,0.044,0.044,2665
2018-04-12,0.0475,0.0475,0.0475,0.0475,19753
2018-04-13,0.0475,0.0475,0.0475,0.0475,22858
2018-04-16,0.0475,0.0475,0.0475,0.0475,0
2018-04-17,0.0475,0.0475,0.0475,0.0475,0
2018-04-18,0.0475,0.0475,0.0475,0.0475,0
2018-04-19,0.0475,0.0475,0.0475,0.0475,0
2018-04-20,0.0475,0.0475,0.0475,0.0475,94
2018-04-23,0.0475,0.0475,0.0475,0.0475,0
2018-04-24,0.0475,0.0475,0.0475,0.0475,0
2018-04-25,0.0475,0.0475,0.0475,0.0475,0
2018-04-26,0.0475,0.0475,0.0475,0.0475,0
2018-04-27,0.0475,0.0475,0.0475,0.0475,49
2018-04-30,0.0475,0.0475,0.0475,0.0475,15285
2018-05-01,0.0475,0.0475,0.0475,0.0475,0
2018-05-02,0.0475,0.0475,0.0475,0.0475,0
2018-05-03,0.0475,0.0475,0.0475,0.0475,0
2018-05-04,0.0475,0.0475,0.0475,0.0475,0
2018-05-07,0.0475,0.0475,0.0475,0.0475,0
2018-05-08,0.0475,0.0475,0.0475,0.0475,1000
2018-05-09,0.0475,0.0475,0.0475,0.0475,0
2018-05-10,0.0475,0.0475,0.0475,0.0475,0
2018-05-11,0.0475,0.0475,0.0475,0.0475,0
2018-05-14,0.0475,0.0475,0.0475,0.0475,0
