Date,Close,High,Low,Open,Symbol,Volume
2014-04-14,5.5197,6.4266,5.4417,5.4417,XPAR:TXCL,39309
2014-04-15,5.4417,5.5587,5.4417,5.5587,XPAR:TXCL,7738
2014-04-16,5.4807,5.5197,5.4417,5.4417,XPAR:TXCL,4438
2014-04-17,5.4807,5.5197,5.4417,5.5197,XPAR:TXCL,2437
2014-04-18,5.4807,5.4807,5.4807,5.4807,XPAR:TXCL,0
2014-04-21,5.4807,5.4807,5.4807,5.4807,XPAR:TXCL,0
2014-04-22,5.4807,5.4807,5.4612,5.4807,XPAR:TXCL,1297
2014-04-23,5.4417,5.5002,5.4417,5.5002,XPAR:TXCL,1996
2014-04-24,5.4417,5.4417,5.4417,5.4417,XPAR:TXCL,748
2014-04-25,5.4417,5.5002,5.4417,5.4417,XPAR:TXCL,3394
2014-04-28,5.4709,5.4904,5.4417,5.4417,XPAR:TXCL,1814
2014-04-29,5.4417,5.4417,5.4417,5.4417,XPAR:TXCL,1676
2014-04-30,5.4417,5.4709,5.4417,5.4417,XPAR:TXCL,1389
2014-05-01,5.4417,5.4417,5.4417,5.4417,XPAR:TXCL,0
2014-05-02,5.4417,5.4417,5.4417,5.4417,XPAR:TXCL,1686
2014-05-05,5.4612,5.5002,5.4417,5.4417,XPAR:TXCL,4164
2014-05-06,5.4417,5.4514,5.4417,5.4514,XPAR:TXCL,5288
2014-05-07,5.5197,5.8318,5.4417,5.4417,XPAR:TXCL,12002
2014-05-08,5.5392,5.6465,5.5392,5.5392,XPAR:TXCL,1152
2014-05-09,5.8123,6.0463,5.4417,5.6270000000000024,XPAR:TXCL,22028
2014-05-12,5.8805,6.0463,5.8123,5.9976,XPAR:TXCL,6701
2014-05-13,5.8123,5.8708,5.8123,5.8708,XPAR:TXCL,461
2014-05-14,6.0853,6.2609,5.8123,5.8123,XPAR:TXCL,7729
2014-05-15,6.0951,6.2414,6.0463,6.2414,XPAR:TXCL,3930
2014-05-16,6.1438,6.2414,6.1048,6.2414,XPAR:TXCL,5490
2014-05-19,6.1828,6.2414,5.9488,6.2414,XPAR:TXCL,4786
2014-05-20,6.1341,6.1828,6.0463,6.1828,XPAR:TXCL,3374
2014-05-21,6.1048,6.1243,5.9488,6.0951,XPAR:TXCL,3485
2014-05-22,6.1633,6.2609,6.1243,6.1243,XPAR:TXCL,4890
2014-05-23,6.1633,6.2219,6.1341,6.2219,XPAR:TXCL,1225
2014-05-26,6.2901,6.4071,6.1926,6.2414,XPAR:TXCL,6849
2014-05-27,7.1483,7.4604,6.3876,6.4169,XPAR:TXCL,20567
2014-05-28,7.4506,7.4506,6.9239999999999995,6.9239999999999995,XPAR:TXCL,10869
2014-05-29,7.6067,7.6847,7.4506,7.4506,XPAR:TXCL,9243
2014-05-30,7.7919,7.7919,7.4701,7.6847,XPAR:TXCL,5000
2014-06-02,7.8895,7.8992,7.5579,7.8017,XPAR:TXCL,9335
2014-06-03,7.7042,7.8895,7.6067,7.8895,XPAR:TXCL,4689
2014-06-04,7.7139,7.7822,7.7042,7.7042,XPAR:TXCL,1897
2014-06-05,7.7822,7.7822,7.6554,7.7139,XPAR:TXCL,1125
2014-06-06,7.7529,7.7919,7.7139,7.7822,XPAR:TXCL,1398
2014-06-09,7.7724,7.7822,7.7529,7.7529,XPAR:TXCL,1121
2014-06-10,7.7724,7.7822,7.6554,7.7724,XPAR:TXCL,2489
2014-06-11,7.6944,7.7724,7.6067,7.7724,XPAR:TXCL,1837
2014-06-12,7.6359,7.7627,7.6164,7.6944,XPAR:TXCL,2390
2014-06-13,7.6359,7.7237,7.6359,7.6359,XPAR:TXCL,356
2014-06-16,7.7139,7.7139,7.6359,7.7042,XPAR:TXCL,1797
2014-06-17,7.7724,7.7822,7.6164,7.7139,XPAR:TXCL,1985
2014-06-18,7.7919,7.8017,7.6359,7.7822,XPAR:TXCL,4973
2014-06-19,7.7432,7.7919,7.6457,7.7822,XPAR:TXCL,1926
2014-06-20,7.7432,7.7529,7.6652,7.7529,XPAR:TXCL,1620
2014-06-23,7.7529,7.7529,7.6652,7.7432,XPAR:TXCL,2155
2014-06-24,7.7724,7.7724,7.6652,7.7529,XPAR:TXCL,672
2014-06-25,7.7724,7.7724,7.6262,7.7724,XPAR:TXCL,2593
2014-06-26,7.6359,7.7822,7.6359,7.7724,XPAR:TXCL,431
2014-06-27,7.6359,7.7724,7.6067,7.6262,XPAR:TXCL,2283
2014-06-30,7.5091,7.6359,7.5091,7.6359,XPAR:TXCL,3125
2014-07-01,7.0313,7.4116,6.3389,7.4116,XPAR:TXCL,9180
2014-07-02,7.0118,7.1678,6.9825,6.9825,XPAR:TXCL,3689
2014-07-03,7.2556,7.3141,6.729,6.9728,XPAR:TXCL,4530
2014-07-04,7.2653,7.2653,7.119,7.2653,XPAR:TXCL,2359
2014-07-07,7.2166,7.2751,7.0898,7.2751,XPAR:TXCL,1674
2014-07-08,7.2166,7.2166,7.119,7.2166,XPAR:TXCL,786
2014-07-09,7.0703,7.2166,7.0703,7.2166,XPAR:TXCL,485
2014-07-10,6.8752,7.0703,6.8752,7.0703,XPAR:TXCL,2882
2014-07-11,6.7777,6.8265,6.6997,6.8265,XPAR:TXCL,1910
2014-07-14,6.729,6.729,6.6997,6.729,XPAR:TXCL,1635
2014-07-15,6.6314,6.6997,6.5534,6.6997,XPAR:TXCL,1620
2014-07-16,6.6314,6.6314,6.6217,6.6217,XPAR:TXCL,66
2014-07-17,6.8752,6.9338,6.6314,6.6314,XPAR:TXCL,3764
2014-07-18,6.7192,6.8752,6.6802,6.8752,XPAR:TXCL,1375
2014-07-21,6.6802,6.7485,6.6802,6.7485,XPAR:TXCL,861
2014-07-22,6.6802,6.7095,6.6802,6.6802,XPAR:TXCL,3518
2014-07-23,6.6412,6.6802,6.6412,6.6802,XPAR:TXCL,626
2014-07-24,6.5534,6.6412,6.5534,6.6412,XPAR:TXCL,1534
2014-07-25,6.5339,6.5437,6.5339,6.5437,XPAR:TXCL,508
2014-07-28,6.4852,6.5437,6.4852,6.5437,XPAR:TXCL,641
2014-07-29,6.4949,6.4949,6.4949,6.4949,XPAR:TXCL,359
2014-07-30,6.4949,6.4949,6.4852,6.4949,XPAR:TXCL,207
2014-07-31,6.7485,6.7485,6.3974,6.5047,XPAR:TXCL,4254
2014-08-01,6.729,6.7485,6.6802,6.7485,XPAR:TXCL,1279
2014-08-04,6.8265,6.8265,6.729,6.729,XPAR:TXCL,1510
2014-08-05,6.6802,6.8265,6.6802,6.8265,XPAR:TXCL,1269
2014-08-06,6.6802,6.6802,6.6802,6.6802,XPAR:TXCL,86
2014-08-07,6.5339,6.7095,6.4364,6.7095,XPAR:TXCL,1657
2014-08-08,6.4266,6.5339,6.3389,6.5339,XPAR:TXCL,169
2014-08-11,6.4266,6.4266,6.4266,6.4266,XPAR:TXCL,207
2014-08-12,6.3389,6.4266,6.1438,6.4266,XPAR:TXCL,3237
2014-08-13,6.1536,6.3389,6.1536,6.3389,XPAR:TXCL,578
2014-08-14,6.1536,6.1536,6.1536,6.1536,XPAR:TXCL,1
2014-08-15,6.1926,6.1926,6.1536,6.1536,XPAR:TXCL,525
2014-08-18,6.1536,6.2316,6.1536,6.1926,XPAR:TXCL,857
2014-08-19,6.4559,6.4559,6.1536,6.1536,XPAR:TXCL,1949
2014-08-20,6.4559,6.4559,6.4462,6.4559,XPAR:TXCL,1837
2014-08-21,6.4559,6.4559,6.4559,6.4559,XPAR:TXCL,64
2014-08-22,6.4559,6.4559,6.4559,6.4559,XPAR:TXCL,8
2014-08-25,6.4559,6.4559,6.4559,6.4559,XPAR:TXCL,334
2014-08-26,6.4559,6.4559,6.2901,6.4364,XPAR:TXCL,698
2014-08-27,6.5339,6.6314,6.5047,6.5242,XPAR:TXCL,4764
2014-08-28,6.5339,6.5924,6.4852,6.5047,XPAR:TXCL,3125
2014-08-29,6.5339,6.5437,6.4852,6.5339,XPAR:TXCL,708
2014-09-01,6.4462,6.4462,6.4364,6.4364,XPAR:TXCL,928
2014-09-02,6.4559,6.4559,6.4364,6.4462,XPAR:TXCL,204
2014-09-03,6.5047,6.5047,6.3486,6.4559,XPAR:TXCL,744
2014-09-04,6.5047,6.5144,6.5047,6.5144,XPAR:TXCL,1134
2014-09-05,6.5924,6.5924,6.3486,6.5047,XPAR:TXCL,3384
2014-09-08,6.5144,6.5144,6.4657,6.5144,XPAR:TXCL,140
2014-09-09,6.5144,6.5144,6.1438,6.3389,XPAR:TXCL,1939
2014-09-10,6.5144,6.5144,6.5047,6.5144,XPAR:TXCL,937
2014-09-11,6.5144,6.5632,6.3389,6.4852,XPAR:TXCL,2577
2014-09-12,6.5144,6.5242,6.4364,6.5144,XPAR:TXCL,464
2014-09-15,6.4364,6.5144,6.3486,6.5144,XPAR:TXCL,871
2014-09-16,6.4364,6.4364,6.3486,6.4364,XPAR:TXCL,612
2014-09-17,6.4266,6.4364,6.2901,6.4364,XPAR:TXCL,686
2014-09-18,6.5339,6.5632,6.3389,6.4266,XPAR:TXCL,5620
2014-09-19,6.4364,6.5339,6.3584,6.5339,XPAR:TXCL,554
2014-09-22,6.5242,6.5339,6.4071,6.4364,XPAR:TXCL,1146
2014-09-23,6.5339,6.5339,6.3876,6.5242,XPAR:TXCL,949
2014-09-24,6.5339,6.5339,6.3974,6.5339,XPAR:TXCL,731
2014-09-25,6.5339,6.5437,6.3389,6.5339,XPAR:TXCL,1532
2014-09-26,6.5339,6.5339,6.5339,6.5339,XPAR:TXCL,3
2014-09-29,6.3876,6.5339,6.2414,6.5339,XPAR:TXCL,2072
2014-09-30,6.3876,6.3876,6.2511,6.3389,XPAR:TXCL,1455
2014-10-01,6.0171,6.3876,5.9976,6.3876,XPAR:TXCL,3503
2014-10-02,5.8610000000000015,6.0463,5.8610000000000015,6.0463,XPAR:TXCL,1171
2014-10-03,5.9,5.9,5.8513,5.8513,XPAR:TXCL,513
2014-10-06,5.9683,5.9683,5.9488,5.9488,XPAR:TXCL,2021
2014-10-07,5.9,5.978,5.8513,5.9683,XPAR:TXCL,684
2014-10-08,5.5587,5.9,5.4612,5.9,XPAR:TXCL,2198
2014-10-09,5.5587,5.5685,5.4709,5.5587,XPAR:TXCL,278
2014-10-10,5.4612,5.5587,5.2661,5.5587,XPAR:TXCL,908
2014-10-13,5.3734,5.5295,5.3734,5.4612,XPAR:TXCL,1831
2014-10-14,5.4417,5.4417,5.3832,5.3832,XPAR:TXCL,482
2014-10-15,5.4417,5.4417,5.4417,5.4417,XPAR:TXCL,67
2014-10-16,4.8761,5.4417,4.5835,5.4417,XPAR:TXCL,5279
2014-10-17,5.0321,5.3539,4.8761,4.8761,XPAR:TXCL,329
2014-10-20,5.1004,5.1101,5.1004,5.1101,XPAR:TXCL,988
2014-10-21,5.4417,5.4612,5.1004,5.1004,XPAR:TXCL,2270
2014-10-22,5.5099,5.5295,5.5099,5.5295,XPAR:TXCL,1218
2014-10-23,5.6172,5.6270000000000024,5.5977,5.5977,XPAR:TXCL,1909
2014-10-24,5.705,5.7147,5.6172,5.7147,XPAR:TXCL,550
2014-10-27,5.6562,5.705,5.5977,5.6562,XPAR:TXCL,682
2014-10-28,6.1926,6.1926,5.705,5.705,XPAR:TXCL,13506
2014-10-29,5.9878,6.1926,5.9878,6.1438,XPAR:TXCL,3117
2014-10-30,6.1146,6.1438,5.9878,5.9878,XPAR:TXCL,1231
2014-10-31,6.1243,6.1243,6.0951,6.1146,XPAR:TXCL,416
2014-11-03,6.1438,6.1438,6.0463,6.0463,XPAR:TXCL,1952
2014-11-04,6.1438,6.1438,6.0268,6.1438,XPAR:TXCL,1113
2014-11-05,5.9976,6.1438,5.9976,6.1048,XPAR:TXCL,1361
2014-11-06,5.9976,5.9976,5.9976,5.9976,XPAR:TXCL,133
2014-11-07,6.0463,6.0463,5.9976,5.9976,XPAR:TXCL,23
2014-11-10,6.1926,6.3389,6.0853,6.0853,XPAR:TXCL,5017
2014-11-11,6.1926,6.1926,6.1438,6.1926,XPAR:TXCL,580
2014-11-12,6.0463,6.1926,6.0463,6.1926,XPAR:TXCL,4010
2014-11-13,6.1243,6.1341,5.5489999999999995,6.1341,XPAR:TXCL,4865
2014-11-14,5.7928,6.0853,5.5489999999999995,6.0853,XPAR:TXCL,3868
2014-11-17,5.6465,5.7928,5.6465,5.7928,XPAR:TXCL,701
2014-11-18,5.6562,5.6562,5.6075,5.6465,XPAR:TXCL,153
2014-11-19,6.0463,6.0463,5.6075,5.6562,XPAR:TXCL,2698
2014-11-20,6.0463,6.0463,5.9976,6.0463,XPAR:TXCL,152
2014-11-21,6.0463,6.0463,5.9,6.0463,XPAR:TXCL,1375
2014-11-24,5.9488,6.0463,5.9488,6.0463,XPAR:TXCL,190
2014-11-25,6.0463,6.0463,5.8025,5.9488,XPAR:TXCL,2915
2014-11-26,6.0463,6.0463,5.9,6.0463,XPAR:TXCL,990
2014-11-27,5.8513,6.0463,5.8513,6.0463,XPAR:TXCL,342
2014-11-28,6.0951,6.0951,5.8415,5.8513,XPAR:TXCL,3124
2014-12-01,6.4559,6.5437,6.3389,6.3389,XPAR:TXCL,38879
2014-12-02,6.6997,6.6997,6.4657,6.5534,XPAR:TXCL,17309
2014-12-03,6.8752,6.9045,6.7095,6.8167,XPAR:TXCL,17089
2014-12-04,6.8557,7.4506,6.8265,6.9533,XPAR:TXCL,42813
2014-12-05,6.9239999999999995,7.1971,6.885,6.9533,XPAR:TXCL,13790
2014-12-08,6.9045,7.119,6.3291,7.0215,XPAR:TXCL,13952
2014-12-09,6.7485,6.8265,6.3876,6.8265,XPAR:TXCL,9838
2014-12-10,6.5827,6.7192,6.4852,6.6314,XPAR:TXCL,4127
2014-12-11,6.0756,6.5827,6.0756,6.5827,XPAR:TXCL,12422
2014-12-12,5.9976,6.1438,5.9,6.1438,XPAR:TXCL,4798
2014-12-15,5.8903,6.1243,5.8903,5.9976,XPAR:TXCL,3340
2014-12-16,5.8903,6.0463,5.8513,5.8708,XPAR:TXCL,7457
2014-12-17,5.9195,5.939,5.822,5.8903,XPAR:TXCL,894
2014-12-18,5.9195,6.2219,5.9195,6.0366,XPAR:TXCL,16735
2014-12-19,6.0073,6.0366,5.8610000000000015,5.9878,XPAR:TXCL,7465
2014-12-22,6.0366,6.0853,5.7928,5.9976,XPAR:TXCL,16636
2014-12-23,6.0366,6.0366,5.9,6.0366,XPAR:TXCL,642
2014-12-24,5.978,6.0366,5.8513,6.0366,XPAR:TXCL,1700
2014-12-25,5.978,5.978,5.978,5.978,XPAR:TXCL,0
2014-12-26,5.978,5.978,5.978,5.978,XPAR:TXCL,0
2014-12-29,5.666,5.9878,5.2661,5.8513,XPAR:TXCL,10640
2014-12-30,5.6562,5.6562,5.5099,5.6562,XPAR:TXCL,1334
2014-12-31,5.5587,5.6562,5.5587,5.6562,XPAR:TXCL,2011
2015-01-01,5.5587,5.5587,5.5587,5.5587,XPAR:TXCL,0
2015-01-02,6.4266,6.4266,5.8513,5.8513,XPAR:TXCL,25912
2015-01-05,6.2706,6.4852,6.2706,6.4754,XPAR:TXCL,9966
2015-01-06,6.0951,6.2121,6.0951,6.1438,XPAR:TXCL,6251
2015-01-07,6.0561,6.1633,6.0561,6.1341,XPAR:TXCL,1924
2015-01-08,6.0658,6.0756,6.0463,6.0658,XPAR:TXCL,4126
2015-01-09,6.0073,6.1048,5.9976,6.0658,XPAR:TXCL,2709
2015-01-12,5.9683,6.0853,5.9488,6.0171,XPAR:TXCL,6367
2015-01-13,5.9878,5.9976,5.9488,5.9683,XPAR:TXCL,2308
2015-01-14,5.978,5.9878,5.9195,5.9878,XPAR:TXCL,450
2015-01-15,5.9098,5.978,5.9098,5.978,XPAR:TXCL,876
2015-01-16,5.9,5.9488,5.9,5.9098,XPAR:TXCL,1416
2015-01-19,5.8610000000000015,5.9,5.8513,5.8513,XPAR:TXCL,1943
2015-01-20,5.8513,5.8708,5.8513,5.8610000000000015,XPAR:TXCL,622
2015-01-21,5.9878,5.9878,5.8513,5.8513,XPAR:TXCL,3285
2015-01-22,5.9878,5.9878,5.9488,5.9878,XPAR:TXCL,528
2015-01-23,5.939,5.9878,5.8025,5.9878,XPAR:TXCL,2850
2015-01-26,5.9488,6.0366,5.8513,5.8903,XPAR:TXCL,6846
2015-01-27,6.0366,6.0366,5.9488,5.9585,XPAR:TXCL,5556
2015-01-28,6.0366,6.0366,5.9488,6.0366,XPAR:TXCL,3220
2015-01-29,6.0756,6.0756,5.9488,6.0463,XPAR:TXCL,7224
2015-01-30,6.1048,6.1146,6.0366,6.0756,XPAR:TXCL,3772
2015-02-02,6.1243,6.1438,6.0463,6.1048,XPAR:TXCL,8342
2015-02-03,6.0951,6.1243,5.9488,6.1243,XPAR:TXCL,5738
2015-02-04,6.1048,6.1048,6.0951,6.0951,XPAR:TXCL,3757
2015-02-05,5.9976,6.1048,5.8513,6.1048,XPAR:TXCL,5770
2015-02-06,5.9976,5.9976,5.9098,5.9976,XPAR:TXCL,852
2015-02-09,5.978,5.978,5.9098,5.9098,XPAR:TXCL,2692
2015-02-10,5.978,5.978,5.9,5.978,XPAR:TXCL,1432
2015-02-11,6.0366,6.0366,5.9,5.978,XPAR:TXCL,6848
2015-02-12,5.9878,6.0366,5.9,6.0366,XPAR:TXCL,2414
2015-02-13,5.9878,5.9878,5.9,5.9878,XPAR:TXCL,4373
2015-02-16,5.9878,5.9878,5.9878,5.9878,XPAR:TXCL,2174
2015-02-17,5.9683,5.9878,5.9488,5.978,XPAR:TXCL,3374
2015-02-18,5.9,5.9683,5.9,5.9683,XPAR:TXCL,1423
2015-02-19,5.9293,5.9683,5.9098,5.9488,XPAR:TXCL,1996
2015-02-20,6.0463,6.0463,5.9293,5.9683,XPAR:TXCL,4656
2015-02-23,6.0463,6.0463,6.0268,6.0463,XPAR:TXCL,3062
2015-02-24,5.9976,6.0268,5.8513,5.9488,XPAR:TXCL,4750
2015-02-25,5.9488,5.9976,5.8513,5.9976,XPAR:TXCL,4331
2015-02-26,5.8513,5.939,5.8123,5.939,XPAR:TXCL,7813
2015-02-27,5.8513,5.9098,5.8025,5.9098,XPAR:TXCL,2914
2015-03-02,5.8513,5.9098,5.8025,5.9098,XPAR:TXCL,4828
2015-03-03,5.8513,5.9098,5.8025,5.8513,XPAR:TXCL,1925
2015-03-04,5.8513,5.9098,5.8513,5.8513,XPAR:TXCL,2121
2015-03-05,5.8513,5.8513,5.8318,5.8513,XPAR:TXCL,1674
2015-03-06,5.8708,5.8708,5.8318,5.8513,XPAR:TXCL,3296
2015-03-09,5.8708,6.0463,5.8513,5.8708,XPAR:TXCL,15223
2015-03-10,5.8513,5.8513,5.8318,5.8513,XPAR:TXCL,1012
2015-03-11,5.8513,5.8513,5.8025,5.8513,XPAR:TXCL,5239
2015-03-12,5.9293,5.939,5.8025,5.8513,XPAR:TXCL,3527
2015-03-13,5.8610000000000015,5.939,5.8513,5.9293,XPAR:TXCL,292
2015-03-16,5.7245,5.822,5.3734,5.4904,XPAR:TXCL,5427
2015-03-17,5.822,5.8513,5.587999999999999,5.6757,XPAR:TXCL,5187
2015-03-18,5.7147,5.9878,5.6075,5.9683,XPAR:TXCL,27095
2015-03-19,5.6952,5.6952,5.5587,5.6952,XPAR:TXCL,8428
2015-03-20,5.7245,5.7245,5.5002,5.6562,XPAR:TXCL,3553
2015-03-23,5.7245,5.7733,5.7245,5.744,XPAR:TXCL,2517
2015-03-24,5.8513,5.8513,5.6562,5.7245,XPAR:TXCL,3340
2015-03-25,5.7538,5.8513,5.7538,5.8513,XPAR:TXCL,1681
2015-03-26,5.7538,5.8025,5.6952,5.7538,XPAR:TXCL,2020
2015-03-27,5.5587,5.7538,5.5587,5.7538,XPAR:TXCL,1466
2015-03-30,5.5587,5.6465,5.5489999999999995,5.6465,XPAR:TXCL,3281
2015-03-31,5.5587,5.5587,5.3734,5.5587,XPAR:TXCL,2499
2015-04-01,5.5587,5.5587,5.4124,5.5587,XPAR:TXCL,2442
2015-04-02,5.5295,5.5587,5.4124,5.5587,XPAR:TXCL,526
2015-04-03,5.5295,5.5295,5.5295,5.5295,XPAR:TXCL,0
2015-04-06,5.5295,5.5295,5.5295,5.5295,XPAR:TXCL,0
2015-04-07,5.4124,5.4222,5.2759,5.3149,XPAR:TXCL,7076
2015-04-08,5.3149,5.4124,5.2954,5.4124,XPAR:TXCL,2728
2015-04-09,5.3637,5.3734,5.3052,5.3149,XPAR:TXCL,2726
2015-04-10,5.4319,5.5002,5.3637,5.3734,XPAR:TXCL,8342
2015-04-13,5.4027,5.4124,5.3637,5.4124,XPAR:TXCL,17486
2015-04-14,5.3637,5.3734,5.3637,5.3637,XPAR:TXCL,4904
2015-04-15,5.3637,5.3637,5.2954,5.3539,XPAR:TXCL,2567
2015-04-16,5.4027,5.4027,5.3734,5.3734,XPAR:TXCL,693
2015-04-17,5.3929,5.3929,5.3637,5.3832,XPAR:TXCL,1016
2015-04-20,5.3929,5.3929,5.3637,5.3929,XPAR:TXCL,1757
2015-04-21,5.3929,5.3929,5.3247,5.3929,XPAR:TXCL,1446
2015-04-22,5.3929,5.3929,5.3832,5.3929,XPAR:TXCL,411
2015-04-23,5.3929,5.3929,5.3344,5.3929,XPAR:TXCL,1570
2015-04-24,5.4222,5.4417,5.3149,5.3929,XPAR:TXCL,3259
2015-04-27,5.4222,5.4222,5.3637,5.4222,XPAR:TXCL,1321
2015-04-28,5.3929,5.4222,5.2856,5.4222,XPAR:TXCL,2107
2015-04-29,5.3149,5.3832,5.2661,5.3832,XPAR:TXCL,2027
2015-04-30,5.2174,5.3539,5.2174,5.3149,XPAR:TXCL,1485
2015-05-01,5.2174,5.2174,5.2174,5.2174,XPAR:TXCL,0
2015-05-04,5.2076,5.2661,5.2076,5.2174,XPAR:TXCL,3369
2015-05-05,5.3247,5.3637,5.2954,5.2954,XPAR:TXCL,4939
2015-05-06,5.3637,5.3637,5.2661,5.3637,XPAR:TXCL,869
2015-05-07,5.3637,5.3637,5.2661,5.3637,XPAR:TXCL,1467
2015-05-08,5.3637,5.3637,5.3637,5.3637,XPAR:TXCL,1645
2015-05-11,5.3539,5.3637,5.2661,5.3637,XPAR:TXCL,423
2015-05-12,5.2661,5.3539,5.2564,5.3539,XPAR:TXCL,627
2015-05-13,5.2661,5.2661,5.2174,5.2661,XPAR:TXCL,1451
2015-05-14,5.3539,5.3539,5.2174,5.2661,XPAR:TXCL,1353
2015-05-15,5.3539,5.3539,5.2174,5.3539,XPAR:TXCL,733
2015-05-18,5.3637,5.3637,5.3149,5.3637,XPAR:TXCL,8595
2015-05-19,5.3637,5.3637,5.2174,5.3637,XPAR:TXCL,7392
2015-05-20,5.3637,5.3637,5.3637,5.3637,XPAR:TXCL,307
2015-05-21,5.3637,5.3637,5.3539,5.3539,XPAR:TXCL,102
2015-05-22,5.3539,5.3539,5.2369,5.3539,XPAR:TXCL,1424
2015-05-25,5.3539,5.3539,5.3149,5.3442,XPAR:TXCL,510
2015-05-26,5.3637,5.3637,5.2661,5.3539,XPAR:TXCL,6540
2015-05-27,5.3637,5.3637,5.2759,5.3637,XPAR:TXCL,2027
2015-05-28,5.4124,5.5099,5.3149,5.3637,XPAR:TXCL,39982
2015-05-29,5.3832,5.4417,5.3149,5.3149,XPAR:TXCL,14001
2015-06-01,5.7342,5.7342,5.3637,5.4319,XPAR:TXCL,84744
2015-06-02,6.0951,6.1146,5.705,5.7342,XPAR:TXCL,61288
2015-06-03,6.3779,6.4754,6.1633,6.3291,XPAR:TXCL,95539
2015-06-04,6.2901,6.3779,6.2511,6.3779,XPAR:TXCL,28489
2015-06-05,6.6314,6.9728,6.1828,6.3389,XPAR:TXCL,93021
2015-06-08,7.9382,8.4551,6.7582,6.7582,XPAR:TXCL,138126
2015-06-09,9.2645,9.8399,7.9382,7.9382,XPAR:TXCL,213014
2015-06-10,8.8744,9.0695,8.4063,8.5234,XPAR:TXCL,64968
2015-06-11,8.4648,8.5721,8.104,8.5721,XPAR:TXCL,45962
2015-06-12,8.3381,8.4258,8.0553,8.1138,XPAR:TXCL,13244
2015-06-15,7.8407,8.0455,7.3433,8.0455,XPAR:TXCL,46049
2015-06-16,7.7432,8.1918,7.4409,7.5189,XPAR:TXCL,29731
2015-06-17,7.7432,8.4843,7.7334,7.8992,XPAR:TXCL,116084
2015-06-18,7.7822,8.0943,7.3726,7.947999999999999,XPAR:TXCL,41380
2015-06-19,8.4356,9.3425,7.4701,7.8407,XPAR:TXCL,317692
2015-06-22,8.1625,9.05,7.8212,8.6794,XPAR:TXCL,170977
2015-06-23,8.2405,8.5526,7.8407,8.3478,XPAR:TXCL,61561
2015-06-24,7.6067,7.7822,7.0313,7.3336,XPAR:TXCL,184570
2015-06-25,7.08,7.4604,6.9728,7.2751,XPAR:TXCL,75130
2015-06-26,7.2068,7.3043,7.0703,7.08,XPAR:TXCL,25546
2015-06-29,6.5632,7.0605,6.5339,6.6607,XPAR:TXCL,38149
2015-06-30,7.0703,7.9675,6.9435,7.6164,XPAR:TXCL,130567
2015-07-01,7.0313,7.4116,6.8265,7.1581,XPAR:TXCL,44942
2015-07-02,6.7777,7.1678,6.7777,7.08,XPAR:TXCL,18567
2015-07-03,6.729,7.0995,6.729,6.7777,XPAR:TXCL,16092
2015-07-06,6.7777,6.9143,6.4657,6.4657,XPAR:TXCL,22664
2015-07-07,6.7192,6.9045,6.69,6.8265,XPAR:TXCL,10097
2015-07-08,6.8167,6.8265,6.4657,6.6802,XPAR:TXCL,8239
2015-07-09,6.6802,6.9045,6.6705,6.729,XPAR:TXCL,11054
2015-07-10,6.729,6.885,6.6509,6.6802,XPAR:TXCL,10854
2015-07-13,6.5827,6.8265,6.4071,6.729,XPAR:TXCL,23593
2015-07-14,6.5827,6.729,6.3486,6.3486,XPAR:TXCL,35390
2015-07-15,6.846,7.0898,6.5339,6.5729,XPAR:TXCL,16663
2015-07-16,6.9728,7.0605,6.846,6.8557,XPAR:TXCL,12536
2015-07-17,6.8557,7.0020000000000024,6.7972,6.9728,XPAR:TXCL,22125
2015-07-20,7.2361,7.5091,6.8362,6.846,XPAR:TXCL,148248
2015-07-21,7.3141,7.5091,7.3141,7.5091,XPAR:TXCL,21117
2015-07-22,6.9338,7.3824,6.8265,7.3824,XPAR:TXCL,83152
2015-07-23,7.0215,7.2068,6.9728,7.0215,XPAR:TXCL,218558
2015-07-24,6.9045,7.0898,6.8752,7.0703,XPAR:TXCL,23181
2015-07-27,6.7387,6.8265,6.5827,6.8265,XPAR:TXCL,28397
2015-07-28,8.1138,8.3283,7.3238,7.6164,XPAR:TXCL,508763
2015-07-29,7.7432,8.5136,7.6944,8.3381,XPAR:TXCL,209724
2015-07-30,8.1918,8.1918,7.5189,7.9285,XPAR:TXCL,79560
2015-07-31,8.4453,8.4551,7.9967,8.2113,XPAR:TXCL,70718
2015-08-03,9.7521,10.386,8.7769,8.8744,XPAR:TXCL,459344
2015-08-04,9.3133,10.23,8.9817,9.8009,XPAR:TXCL,233932
2015-08-05,8.7769,9.8009,8.7769,9.7521,XPAR:TXCL,162641
2015-08-06,8.8744,9.6546,8.5916,8.6989,XPAR:TXCL,167530
2015-08-07,8.4551,8.9622,8.3576,8.8744,XPAR:TXCL,68208
2015-08-10,9.011000000000001,9.4108,8.2893,8.4941,XPAR:TXCL,158846
2015-08-11,8.9817,9.4303,8.8257,9.4205,XPAR:TXCL,127141
2015-08-12,9.0695,9.1475,8.8354,8.9524,XPAR:TXCL,40729
2015-08-13,9.0207,9.3035,8.9329,8.9817,XPAR:TXCL,26720
2015-08-14,8.9427,9.1377,8.8549,9.0207,XPAR:TXCL,14307
2015-08-17,8.8062,9.0402,8.5331,8.7867,XPAR:TXCL,27989
2015-08-18,8.3868,8.7769,8.3868,8.7769,XPAR:TXCL,22271
2015-08-19,8.6111,8.6794,8.2991,8.4843,XPAR:TXCL,21656
2015-08-20,8.104,8.6794,7.9967,8.5819,XPAR:TXCL,49570
2015-08-21,8.0357,8.0357,7.6749,7.8505,XPAR:TXCL,26970
2015-08-24,6.9239999999999995,7.5286,6.768,7.5189,XPAR:TXCL,91728
2015-08-25,7.7334,7.8895,7.2263,7.3921,XPAR:TXCL,58624
2015-08-26,7.6067,7.8895,7.5189,7.8895,XPAR:TXCL,19612
2015-08-27,8.0455,8.4161,7.8114,7.8992,XPAR:TXCL,36682
2015-08-28,8.5234,9.0207,7.9967,7.9967,XPAR:TXCL,82669
2015-08-31,8.6404,8.9524,7.8992,8.7769,XPAR:TXCL,101809
2015-09-01,8.4063,8.6209,8.0455,8.5819,XPAR:TXCL,35515
2015-09-02,8.3673,8.5819,8.1625,8.3088,XPAR:TXCL,21714
2015-09-03,8.3673,8.5331,8.0943,8.3673,XPAR:TXCL,24007
2015-09-04,8.2796,8.3868,7.9967,8.3673,XPAR:TXCL,29495
2015-09-07,7.947999999999999,8.2405,7.8992,8.2405,XPAR:TXCL,25926
2015-09-08,8.1138,8.2113,7.947999999999999,7.947999999999999,XPAR:TXCL,13953
2015-09-09,7.987,8.5819,7.9285,8.5819,XPAR:TXCL,53390
2015-09-10,7.7822,8.0748,7.6067,7.947999999999999,XPAR:TXCL,11832
2015-09-11,7.5091,7.8017,7.3336,7.7042,XPAR:TXCL,35896
2015-09-14,7.6262,8.1528,7.6067,8.0845,XPAR:TXCL,42242
2015-09-15,7.3629,7.7919,7.1288,7.6262,XPAR:TXCL,56686
2015-09-16,7.3726,7.5091,7.1678,7.3531,XPAR:TXCL,11285
2015-09-17,7.2556,7.3726,7.0703,7.3726,XPAR:TXCL,22212
2015-09-18,7.2653,7.5774,7.2361,7.3141,XPAR:TXCL,14533
2015-09-21,7.4116,7.6262,7.1873,7.2653,XPAR:TXCL,14731
2015-09-22,7.3043,7.4116,7.1288,7.3629,XPAR:TXCL,16402
2015-09-23,7.0898,7.3531,7.08,7.2166,XPAR:TXCL,12500
2015-09-24,7.0898,7.2068,6.8655,7.0703,XPAR:TXCL,14043
2015-09-25,6.9435,7.2068,6.8752,7.0898,XPAR:TXCL,11596
2015-09-28,6.7582,7.0215,6.6314,6.9435,XPAR:TXCL,13562
2015-09-29,6.5437,6.6314,6.0463,6.5827,XPAR:TXCL,48189
2015-09-30,6.6412,6.6412,6.5437,6.5437,XPAR:TXCL,12049
2015-10-01,6.69,6.9728,6.6802,6.6802,XPAR:TXCL,82773
2015-10-02,6.4266,6.6997,6.2511,6.69,XPAR:TXCL,9617
2015-10-05,6.2901,6.5534,5.8123,6.4364,XPAR:TXCL,35369
2015-10-06,6.4364,6.8265,6.3389,6.3389,XPAR:TXCL,11473
2015-10-07,6.4364,6.4852,6.3291,6.4364,XPAR:TXCL,11536
2015-10-08,6.6217,6.768,6.3876,6.4364,XPAR:TXCL,6961
2015-10-09,6.7095,6.8167,6.6314,6.6314,XPAR:TXCL,11417
2015-10-12,6.5339,6.729,6.5339,6.729,XPAR:TXCL,4681
2015-10-13,6.5339,6.7387,6.3584,6.5339,XPAR:TXCL,14451
2015-10-14,6.3876,6.5437,6.3096,6.5339,XPAR:TXCL,9086
2015-10-15,6.2706,6.3389,5.666,6.2414,XPAR:TXCL,42741
2015-10-16,6.2706,6.2706,6.0463,6.2706,XPAR:TXCL,8577
2015-10-19,6.1048,6.2609,6.0366,6.2609,XPAR:TXCL,10595
2015-10-20,6.0463,6.1146,5.9585,6.1048,XPAR:TXCL,7259
2015-10-21,6.0951,6.1926,5.9488,6.0463,XPAR:TXCL,7159
2015-10-22,6.1048,6.6022,6.0463,6.1926,XPAR:TXCL,21199
2015-10-23,6.0561,6.1633,5.9488,6.1048,XPAR:TXCL,14881
2015-10-26,6.0171,6.1926,6.0073,6.0561,XPAR:TXCL,7209
2015-10-27,5.8513,6.0268,5.7635,6.0171,XPAR:TXCL,25534
2015-10-28,5.9488,5.9976,5.7635,5.8513,XPAR:TXCL,9532
2015-10-29,5.8513,5.9488,5.8513,5.9488,XPAR:TXCL,4358
2015-10-30,5.6952,5.8708,5.6367,5.8025,XPAR:TXCL,12373
2015-11-02,5.6270000000000024,5.6952,5.2954,5.6952,XPAR:TXCL,29329
2015-11-03,6.7777,7.9967,5.9,6.0366,XPAR:TXCL,323011
2015-11-04,7.1678,8.1625,6.9533,6.9533,XPAR:TXCL,297528
2015-11-05,7.2751,7.7042,7.1776,7.5091,XPAR:TXCL,92070
2015-11-06,7.3238,7.4604,7.2751,7.2751,XPAR:TXCL,39227
2015-11-09,7.3726,7.3824,7.3238,7.3238,XPAR:TXCL,28449
2015-11-10,7.7042,7.8212,7.3238,7.3336,XPAR:TXCL,51167
2015-11-11,7.5091,7.7139,7.3726,7.7139,XPAR:TXCL,19272
2015-11-12,7.5091,7.7042,7.4994,7.5774,XPAR:TXCL,16842
2015-11-13,7.2751,7.4896,6.962999999999999,7.4896,XPAR:TXCL,15365
2015-11-16,6.8557,7.2556,6.7582,6.7582,XPAR:TXCL,24953
2015-11-17,6.885,7.0898,6.8265,7.0118,XPAR:TXCL,14896
2015-11-18,7.1971,7.1971,6.7777,6.9239999999999995,XPAR:TXCL,18255
2015-11-19,7.0703,7.0703,6.768,6.846,XPAR:TXCL,24404
2015-11-20,6.8655,7.0703,6.8265,7.0703,XPAR:TXCL,6028
2015-11-23,6.9239999999999995,6.9533,6.8362,6.8655,XPAR:TXCL,5406
2015-11-24,7.2166,7.9967,6.9143,6.9239999999999995,XPAR:TXCL,93686
2015-11-25,7.2361,7.4799,7.1678,7.2068,XPAR:TXCL,12905
2015-11-26,7.3336,7.4116,7.2361,7.2361,XPAR:TXCL,11759
2015-11-27,7.3043,7.4214,7.1483,7.3629,XPAR:TXCL,12163
2015-11-30,7.2166,7.3043,7.1483,7.3043,XPAR:TXCL,8655
2015-12-01,7.1386,7.2166,7.119,7.2166,XPAR:TXCL,6981
2015-12-02,6.9435,7.2458,6.8265,7.1386,XPAR:TXCL,15507
2015-12-03,6.9435,7.1678,6.8265,6.8265,XPAR:TXCL,20329
2015-12-04,7.041,7.4409,7.0215,7.0703,XPAR:TXCL,31937
2015-12-07,6.9728,7.2166,6.9728,7.0898,XPAR:TXCL,7748
2015-12-08,6.9338,6.9728,6.3876,6.8752,XPAR:TXCL,16231
2015-12-09,6.8752,6.9728,6.7387,6.9728,XPAR:TXCL,4663
2015-12-10,6.8557,6.885,6.7387,6.8752,XPAR:TXCL,7707
2015-12-11,6.7192,6.8752,6.5339,6.8752,XPAR:TXCL,12887
2015-12-14,6.6705,6.729,6.6412,6.6802,XPAR:TXCL,1905
2015-12-15,6.7387,6.768,6.5534,6.7095,XPAR:TXCL,6187
2015-12-16,6.7485,6.7875,6.729,6.7387,XPAR:TXCL,2951
2015-12-17,6.729,6.7387,6.4657,6.6022,XPAR:TXCL,11782
2015-12-18,6.6314,6.7387,6.4852,6.729,XPAR:TXCL,5448
2015-12-21,6.6217,6.6314,6.5047,6.6314,XPAR:TXCL,3399
2015-12-22,6.6217,6.6217,6.5924,6.6217,XPAR:TXCL,1973
2015-12-23,6.5534,6.5827,6.3779,6.5339,XPAR:TXCL,10447
2015-12-24,6.4169,6.5534,6.3486,6.5534,XPAR:TXCL,7651
2015-12-25,6.4169,6.4169,6.4169,6.4169,XPAR:TXCL,0
2015-12-28,6.4364,6.4364,5.9488,6.4169,XPAR:TXCL,19945
2015-12-29,6.768,6.8557,6.3486,6.4364,XPAR:TXCL,15147
2015-12-30,6.7777,6.8557,6.729,6.768,XPAR:TXCL,3333
2015-12-31,6.6314,6.7777,6.5827,6.7777,XPAR:TXCL,3461
2016-01-01,6.7777,6.7777,6.7777,6.7777,XPAR:TXCL,0
2016-01-04,6.5827,6.6802,6.3486,6.6119,XPAR:TXCL,12673
2016-01-05,6.6705,6.6802,6.5827,6.5827,XPAR:TXCL,5215
2016-01-06,6.6509,6.768,6.5924,6.6705,XPAR:TXCL,6199
2016-01-07,6.4852,6.5827,6.3486,6.5827,XPAR:TXCL,13296
2016-01-08,6.4364,6.4364,6.3584,6.4364,XPAR:TXCL,8410
2016-01-11,6.1438,6.4364,6.0073,6.4364,XPAR:TXCL,5482
2016-01-12,6.1828,6.1828,6.0073,6.0073,XPAR:TXCL,2920
2016-01-13,6.1828,6.2609,6.0171,6.1828,XPAR:TXCL,2366
2016-01-14,5.939,6.1828,5.8513,6.1828,XPAR:TXCL,10142
2016-01-15,5.5587,5.9488,5.3637,5.9488,XPAR:TXCL,11027
2016-01-18,4.9833,5.5099,4.5835,5.4612,XPAR:TXCL,14399
2016-01-19,5.0028,5.3149,4.8761,4.8761,XPAR:TXCL,10311
2016-01-20,4.8761,5.0028,4.6323,5.0028,XPAR:TXCL,14675
2016-01-21,5.2954,5.3149,4.8761,4.8761,XPAR:TXCL,4823
2016-01-22,5.2954,5.5002,5.2954,5.3052,XPAR:TXCL,6302
2016-01-25,5.4709,5.5295,5.2661,5.3247,XPAR:TXCL,6248
2016-01-26,5.5489999999999995,5.7733,5.4417,5.4417,XPAR:TXCL,10218
2016-01-27,5.6757,5.7733,5.5099,5.5489999999999995,XPAR:TXCL,4723
2016-01-28,5.6562,5.7829999999999995,5.5587,5.6855,XPAR:TXCL,6736
2016-01-29,5.5685,5.705,5.5685,5.6562,XPAR:TXCL,2557
2016-02-01,5.5685,5.6367,5.5685,5.5685,XPAR:TXCL,4726
2016-02-02,5.3637,5.5685,5.1199,5.5685,XPAR:TXCL,6317
2016-02-03,4.9736,5.4027,4.9151,5.3442,XPAR:TXCL,11388
2016-02-04,4.9638,5.0711,4.6908,4.9736,XPAR:TXCL,23672
2016-02-05,5.0126,5.0614,4.8761,4.9638,XPAR:TXCL,5929
2016-02-08,4.7395,4.9736,4.4762,4.9736,XPAR:TXCL,12405
2016-02-09,4.4665,4.6225,4.0959,4.5445,XPAR:TXCL,23656
2016-02-10,4.4665,4.5835,4.3885,4.4665,XPAR:TXCL,3203
2016-02-11,4.3007,4.4665,4.0276,4.4665,XPAR:TXCL,6627
2016-02-12,4.1056,4.4372,3.9008,4.3007,XPAR:TXCL,7978
2016-02-15,4.2617,4.2617,4.1739,4.2227,XPAR:TXCL,4522
2016-02-16,4.1837,4.4762,4.1837,4.2617,XPAR:TXCL,2808
2016-02-17,4.2422,4.3885,4.1837,4.1837,XPAR:TXCL,4868
2016-02-18,4.4275,4.5932,4.1739,4.2422,XPAR:TXCL,19254
2016-02-19,4.4177,4.5542,4.3494,4.4275,XPAR:TXCL,5912
2016-02-22,4.5152,4.5835,4.4177,4.4177,XPAR:TXCL,4522
2016-02-23,4.7005,4.9638,4.4860000000000015,4.5152,XPAR:TXCL,18173
2016-02-24,4.6908,4.8761,4.525,4.7785,XPAR:TXCL,12898
2016-02-25,4.6323,4.7298,4.5445,4.6908,XPAR:TXCL,2937
2016-02-26,4.7785,5.2271,4.7785,5.0223,XPAR:TXCL,17547
2016-02-29,4.8761,5.0028,4.6908,4.7785,XPAR:TXCL,4376
2016-03-01,5.2174,5.2174,4.9443,5.1199,XPAR:TXCL,8974
2016-03-02,5.3442,5.5587,5.2174,5.3637,XPAR:TXCL,57602
2016-03-03,5.939,5.939,5.3442,5.4124,XPAR:TXCL,51158
2016-03-04,5.9585,6.7192,5.9585,6.1438,XPAR:TXCL,116501
2016-03-07,5.8513,6.2219,5.4612,5.9585,XPAR:TXCL,30690
2016-03-08,5.8513,5.9585,5.5099,5.7538,XPAR:TXCL,16317
2016-03-09,5.8123,5.9488,5.6172,5.9488,XPAR:TXCL,27688
2016-03-10,5.6562,5.8025,5.3637,5.7538,XPAR:TXCL,14956
2016-03-11,5.5685,5.6562,5.3442,5.4709,XPAR:TXCL,12266
2016-03-14,5.3247,5.4514,5.1686,5.3929,XPAR:TXCL,16412
2016-03-15,5.3539,5.3929,5.2661,5.3344,XPAR:TXCL,4495
2016-03-16,5.5002,5.5489999999999995,5.3637,5.5002,XPAR:TXCL,5183
2016-03-17,5.5002,5.5392,5.4027,5.5002,XPAR:TXCL,5743
2016-03-18,5.3637,5.7538,5.2369,5.5099,XPAR:TXCL,36984
2016-03-21,5.3637,5.3734,5.3149,5.3637,XPAR:TXCL,3355
2016-03-22,5.2564,5.3637,5.2564,5.3637,XPAR:TXCL,5190
2016-03-23,5.2369,5.3637,5.0906,5.2174,XPAR:TXCL,11042
2016-03-24,5.1491,5.2369,4.8371,5.2369,XPAR:TXCL,19451
2016-03-25,5.1491,5.1491,5.1491,5.1491,XPAR:TXCL,0
2016-03-28,5.1491,5.1491,5.1491,5.1491,XPAR:TXCL,0
2016-03-29,5.1686,5.2369,5.0809,5.1979,XPAR:TXCL,2586
2016-03-30,5.0321,5.1589,5.0223,5.1589,XPAR:TXCL,2690
2016-03-31,5.0126,5.0711,4.9833,5.0321,XPAR:TXCL,1352
2016-04-01,4.9248,5.0711,4.9053,4.9736,XPAR:TXCL,5181
2016-04-04,5.3247,5.3637,4.9248,4.9541,XPAR:TXCL,14711
2016-04-05,5.3052,5.3442,5.1784,5.3247,XPAR:TXCL,2584
2016-04-06,5.3637,5.3637,5.2174,5.3052,XPAR:TXCL,6993
2016-04-07,5.0711,5.3637,5.0614,5.3637,XPAR:TXCL,12739
2016-04-08,5.1199,5.1491,5.0321,5.0711,XPAR:TXCL,2039
2016-04-11,4.9833,5.1491,4.9833,5.1199,XPAR:TXCL,2475
2016-04-12,5.1686,5.2466,4.9931,4.9931,XPAR:TXCL,1639
2016-04-13,5.1881,5.2564,5.1589,5.1589,XPAR:TXCL,1367
2016-04-14,5.2271,5.2661,5.1979,5.1979,XPAR:TXCL,3731
2016-04-15,5.5295,5.744,5.2369,5.2369,XPAR:TXCL,32388
2016-04-18,5.5392,5.6465,5.4612,5.5099,XPAR:TXCL,6752
2016-04-19,5.6562,5.8415,5.5782,5.5782,XPAR:TXCL,14732
2016-04-20,5.6075,5.6465,5.4124,5.5587,XPAR:TXCL,8236
2016-04-21,5.6075,5.6367,5.5099,5.6075,XPAR:TXCL,8745
2016-04-22,5.4417,5.6075,5.4222,5.5587,XPAR:TXCL,2818
2016-04-25,5.2759,5.4417,5.2759,5.4417,XPAR:TXCL,4179
2016-04-26,5.4612,5.5002,5.2856,5.3539,XPAR:TXCL,8204
2016-04-27,5.4612,5.5392,5.4612,5.4612,XPAR:TXCL,1094
2016-04-28,5.4612,5.4612,5.4222,5.4612,XPAR:TXCL,1516
2016-04-29,5.4124,5.4612,5.3637,5.4612,XPAR:TXCL,1281
2016-05-02,5.3539,5.4124,5.3442,5.4124,XPAR:TXCL,1836
2016-05-03,5.2661,5.4124,5.1491,5.3539,XPAR:TXCL,4223
2016-05-04,5.1686,5.2564,5.0516,5.0516,XPAR:TXCL,3296
2016-05-05,5.2369,5.2369,5.0711,5.1686,XPAR:TXCL,1502
2016-05-06,5.2174,5.2466,5.1686,5.2369,XPAR:TXCL,937
2016-05-09,4.9931,5.2174,4.7785,5.2174,XPAR:TXCL,14348
2016-05-10,4.9931,5.0418,4.8858,4.9931,XPAR:TXCL,5044
2016-05-11,4.8761,4.9931,4.7785,4.9931,XPAR:TXCL,4864
2016-05-12,4.8956,4.9638,4.7103,4.8761,XPAR:TXCL,3402
2016-05-13,4.9151,4.9151,4.5932,4.8956,XPAR:TXCL,7311
2016-05-16,4.9053,4.9248,4.8761,4.9151,XPAR:TXCL,1281
2016-05-17,4.8663,4.9053,4.6323,4.9053,XPAR:TXCL,3776
2016-05-18,4.8761,4.8761,4.8273,4.8663,XPAR:TXCL,852
2016-05-19,4.8371,4.8761,4.8371,4.8761,XPAR:TXCL,358
2016-05-20,4.7589999999999995,4.8273,4.681,4.8273,XPAR:TXCL,2433
2016-05-23,4.681,4.7688,4.6225,4.7589999999999995,XPAR:TXCL,6236
2016-05-24,4.7785,4.7785,4.5347,4.5542,XPAR:TXCL,5812
2016-05-25,4.7785,4.798,4.7785,4.7785,XPAR:TXCL,1078
2016-05-26,4.9248,5.3734,4.8761,5.1199,XPAR:TXCL,28519
2016-05-27,5.0711,5.1394,4.681,4.9151,XPAR:TXCL,8557
2016-05-30,4.9151,5.0711,4.7785,5.0711,XPAR:TXCL,8477
2016-05-31,5.0126,5.0418,4.8761,4.9736,XPAR:TXCL,4772
2016-06-01,4.9638,5.0516,4.8761,5.0516,XPAR:TXCL,5079
2016-06-02,4.9638,5.0321,4.9443,4.9736,XPAR:TXCL,9419
2016-06-03,4.9638,4.9833,4.8956,4.9638,XPAR:TXCL,9577
2016-06-06,4.8468,4.9248,4.5835,4.9248,XPAR:TXCL,8560
2016-06-07,4.8663,4.8761,4.7395,4.8468,XPAR:TXCL,3559
2016-06-08,4.8663,4.8663,4.7785,4.8663,XPAR:TXCL,1159
2016-06-09,4.8566,4.8663,4.7883,4.8663,XPAR:TXCL,1599
2016-06-10,4.7298,4.8566,4.4860000000000015,4.8566,XPAR:TXCL,3762
2016-06-13,4.4177,4.7298,4.3397,4.7298,XPAR:TXCL,6463
2016-06-14,4.4372,4.4860000000000015,4.3494,4.4177,XPAR:TXCL,4394
2016-06-15,4.4860000000000015,4.6225,4.447,4.447,XPAR:TXCL,2260
2016-06-16,4.1837,4.4860000000000015,4.0959,4.4860000000000015,XPAR:TXCL,7956
2016-06-17,4.2129,4.2422,4.1837,4.1837,XPAR:TXCL,1593
2016-06-20,4.2617,4.3299,4.2129,4.2129,XPAR:TXCL,2363
2016-06-21,4.408,4.5347,4.2617,4.2617,XPAR:TXCL,2449
2016-06-22,4.7785,5.2174,4.6908,4.8468,XPAR:TXCL,41921
2016-06-23,4.564,4.9541,4.564,4.8663,XPAR:TXCL,17617
2016-06-24,4.3397,4.5737,3.0037,3.3157,XPAR:TXCL,23584
2016-06-27,4.0764,4.3885,3.9301,4.3885,XPAR:TXCL,11512
2016-06-28,4.2812,4.3299,4.1544,4.1544,XPAR:TXCL,5036
2016-06-29,4.4177,4.4665,4.2324,4.2812,XPAR:TXCL,4795
2016-06-30,4.4177,4.681,4.2909,4.5835,XPAR:TXCL,5101
2016-07-01,4.4177,4.4567,4.4177,4.4372,XPAR:TXCL,914
2016-07-04,4.2519,4.4860000000000015,4.2324,4.4860000000000015,XPAR:TXCL,8730
2016-07-05,4.2617,4.3885,4.2324,4.2812,XPAR:TXCL,3696
2016-07-06,4.2324,4.2909,3.9496,4.2617,XPAR:TXCL,11173
2016-07-07,4.1056,4.2227,4.0861,4.1447,XPAR:TXCL,5929
2016-07-08,4.0179,4.0471,3.7253,4.0471,XPAR:TXCL,24459
2016-07-11,3.9984,4.0081,3.9496,3.9984,XPAR:TXCL,3147
2016-07-12,3.9789,4.1447,3.9594,3.9984,XPAR:TXCL,8978
2016-07-13,3.8326,4.0179,3.8326,3.9789,XPAR:TXCL,16876
2016-07-14,4.0081,4.0471,3.8228,3.8326,XPAR:TXCL,5862
2016-07-15,3.9789,4.0081,3.9594,4.0081,XPAR:TXCL,1198
2016-07-18,3.9691,3.9789,3.9496,3.9789,XPAR:TXCL,1777
2016-07-19,3.8033,3.9008,3.7546,3.9008,XPAR:TXCL,6642
2016-07-20,3.7448,3.8521,3.7351,3.8131,XPAR:TXCL,7674
2016-07-21,3.6961,3.7741,3.6278,3.7448,XPAR:TXCL,6389
2016-07-22,3.8228,3.8521,3.6668,3.6961,XPAR:TXCL,9509
2016-07-25,3.8228,3.8423,3.8033,3.8228,XPAR:TXCL,2943
2016-07-26,3.8033,3.8521,3.7156,3.8228,XPAR:TXCL,6148
2016-07-27,3.8131,3.8326,3.7936,3.8033,XPAR:TXCL,1441
2016-07-28,3.7546,3.9106,3.7546,3.8326,XPAR:TXCL,9575
2016-07-29,3.7058,3.7643,3.6961,3.7546,XPAR:TXCL,5749
2016-08-01,3.6961,3.8228,3.5303,3.6668,XPAR:TXCL,10670
2016-08-02,3.7741,3.7838,3.6083,3.6083,XPAR:TXCL,2788
2016-08-03,3.7448,3.7643,3.657,3.7058,XPAR:TXCL,1727
2016-08-04,3.7058,3.7643,3.6473,3.7058,XPAR:TXCL,3033
2016-08-05,3.5789999999999997,3.7448,3.5693,3.7156,XPAR:TXCL,4650
2016-08-08,3.6083,3.7546,3.54,3.54,XPAR:TXCL,4370
2016-08-09,3.5498,3.6863,3.4718,3.6083,XPAR:TXCL,5634
2016-08-10,3.4523,3.5693,3.4523,3.5498,XPAR:TXCL,16372
2016-08-11,3.4619999999999997,3.6083,3.3547,3.5693,XPAR:TXCL,14447
2016-08-12,3.3645,3.4523,3.1304,3.3645,XPAR:TXCL,23249
2016-08-15,3.306,3.3645,3.2865,3.2865,XPAR:TXCL,5419
2016-08-16,3.3157,3.3157,3.2767,3.3157,XPAR:TXCL,2808
2016-08-17,3.3352,3.3352,3.1207,3.3352,XPAR:TXCL,23252
2016-08-18,3.345,3.3645,3.228,3.3352,XPAR:TXCL,6007
2016-08-19,3.3645,3.4619999999999997,3.3255,3.4035,XPAR:TXCL,10662
2016-08-22,3.423,3.4913,3.3742,3.4619999999999997,XPAR:TXCL,7434
2016-08-23,3.4035,3.4035,3.2865,3.3645,XPAR:TXCL,12290
2016-08-24,3.3937,3.4035,3.3742,3.4035,XPAR:TXCL,674
2016-08-25,3.384,3.4619999999999997,3.3742,3.4619999999999997,XPAR:TXCL,4526
2016-08-26,3.3547,3.3937,3.306,3.3742,XPAR:TXCL,4362
2016-08-29,3.3352,3.4132,3.3157,3.4132,XPAR:TXCL,3746
2016-08-30,3.2767,3.3937,3.2767,3.3937,XPAR:TXCL,9546
2016-08-31,3.2377,3.3157,3.1597,3.2767,XPAR:TXCL,13261
2016-09-01,3.1987,3.2182,3.1402,3.2182,XPAR:TXCL,11249
2016-09-02,3.1694,3.1987,3.1402,3.1987,XPAR:TXCL,6522
2016-09-05,3.3547,3.3645,3.1499,3.1987,XPAR:TXCL,48732
2016-09-06,3.2182,3.4132,3.1987,3.3547,XPAR:TXCL,32640
2016-09-07,3.2084,3.3645,3.1987,3.228,XPAR:TXCL,16858
2016-09-08,3.1207,3.2182,3.0914,3.2182,XPAR:TXCL,32301
2016-09-09,3.0914,3.228,3.0914,3.1304,XPAR:TXCL,14790
2016-09-12,3.0524,3.1889,3.0524,3.1792,XPAR:TXCL,11080
2016-09-13,3.0037,3.0622,2.9354,3.0622,XPAR:TXCL,17222
2016-09-14,3.0427,3.1012,2.9744,3.0232,XPAR:TXCL,12340
2016-09-15,4.0179,4.4372,3.0329,3.0427,XPAR:TXCL,582571
2016-09-16,3.3645,3.9984,3.3157,3.9204,XPAR:TXCL,237943
2016-09-19,3.423,3.5108,3.2377,3.3645,XPAR:TXCL,74986
2016-09-20,3.3157,3.423,3.267,3.4132,XPAR:TXCL,26083
2016-09-21,3.3645,3.3742,3.2767,3.3352,XPAR:TXCL,9535
2016-09-22,3.4327,3.5888,3.2767,3.3547,XPAR:TXCL,88282
2016-09-23,3.4913,3.4913,3.306,3.4327,XPAR:TXCL,38758
2016-09-26,3.5010000000000003,3.5789999999999997,3.4327,3.5108,XPAR:TXCL,57331
2016-09-27,3.4132,3.5498,3.3255,3.5010000000000003,XPAR:TXCL,16762
2016-09-28,2.9841,3.3645,2.9841,3.3645,XPAR:TXCL,182985
2016-09-29,3.0134,3.0329,2.9256,3.0329,XPAR:TXCL,36507
2016-09-30,2.9841,3.0427,2.8769,3.0134,XPAR:TXCL,28371
2016-10-03,2.8671,2.9451,2.8184,2.8574,XPAR:TXCL,46103
2016-10-04,2.8476,2.9256,2.7989,2.8671,XPAR:TXCL,15366
2016-10-05,2.8574,2.8769,2.7891,2.8476,XPAR:TXCL,14831
2016-10-06,2.8769,2.8769,2.7989,2.8476,XPAR:TXCL,11865
2016-10-07,2.9061,2.9061,2.7403,2.8281,XPAR:TXCL,52492
2016-10-10,2.9256,2.9256,2.7989,2.8281,XPAR:TXCL,20666
2016-10-11,2.8379,2.8866,2.8379,2.8574,XPAR:TXCL,10095
2016-10-12,2.8476,2.8671,2.8281,2.8574,XPAR:TXCL,6445
2016-10-13,2.8476,2.9061,2.7794,2.8476,XPAR:TXCL,16864
2016-10-14,2.8574,2.8574,2.7794,2.8476,XPAR:TXCL,9336
2016-10-17,2.8281,2.8281,2.7501,2.7696,XPAR:TXCL,11589
2016-10-18,2.8476,2.8476,2.7794,2.7891,XPAR:TXCL,22361
2016-10-19,2.8184,2.8769,2.8184,2.8281,XPAR:TXCL,21280
2016-10-20,2.7989,2.9061,2.7794,2.8281,XPAR:TXCL,13184
2016-10-21,2.8086,2.8184,2.7501,2.7989,XPAR:TXCL,7689
2016-10-24,2.6818,2.7989,2.6331,2.7989,XPAR:TXCL,27573
2016-10-25,2.6233,2.7013,2.5648,2.7013,XPAR:TXCL,20801
2016-10-26,2.5746,2.6331,2.5063,2.6233,XPAR:TXCL,9570
2016-10-27,2.5356,2.5843,2.5063,2.5746,XPAR:TXCL,7127
2016-10-28,2.5648,2.5648,2.5063,2.5063,XPAR:TXCL,6042
2016-10-31,2.5648,2.5746,2.477,2.5648,XPAR:TXCL,11089
2016-11-01,2.5746,2.5746,2.5063,2.5648,XPAR:TXCL,2684
2016-11-02,2.5258,2.5356,2.4965,2.5258,XPAR:TXCL,6630
2016-11-03,2.516,2.6721,2.4673,2.5258,XPAR:TXCL,30764
2016-11-04,2.4478,2.5356,2.399,2.5356,XPAR:TXCL,38393
2016-11-07,2.4088,2.4575,2.2917,2.438,XPAR:TXCL,33534
2016-11-08,2.3113,2.4088,2.282,2.4088,XPAR:TXCL,16008
2016-11-09,2.282,2.3113,2.0089,2.1455,XPAR:TXCL,42966
2016-11-10,2.3795,2.4185,2.2430000000000003,2.2722,XPAR:TXCL,27123
2016-11-11,2.3503,2.3698,2.2722,2.3698,XPAR:TXCL,8581
2016-11-14,2.3209999999999997,2.3503,2.2527,2.3405,XPAR:TXCL,14416
2016-11-15,2.3015,2.3209999999999997,2.2430000000000003,2.3209999999999997,XPAR:TXCL,16346
2016-11-16,2.2917,2.2917,2.2430000000000003,2.2917,XPAR:TXCL,10020
2016-11-17,2.3113,2.3113,2.1942,2.3015,XPAR:TXCL,24377
2016-11-18,2.2527,2.3113,2.2137,2.3113,XPAR:TXCL,23828
2016-11-21,2.1747,2.2625,2.1455,2.2527,XPAR:TXCL,26712
2016-11-22,2.0674,2.1942,2.0479,2.1747,XPAR:TXCL,35806
2016-11-23,2.1747,2.2722,1.9504,2.0772,XPAR:TXCL,71691
2016-11-24,2.1162,2.1942,2.0577,2.1942,XPAR:TXCL,25879
2016-11-25,1.9992,2.1357,1.9992,2.1162,XPAR:TXCL,26954
2016-11-28,2.0479,2.0674,1.9894,2.0284,XPAR:TXCL,16200
2016-11-29,2.0967,2.0967,2.0089,2.0674,XPAR:TXCL,19885
2016-11-30,2.1942,2.2332,2.0772,2.126,XPAR:TXCL,36057
2016-12-01,2.6818,3.3157,2.1455,2.1845,XPAR:TXCL,533571
2016-12-02,2.2917,2.5843,2.2332,2.516,XPAR:TXCL,235411
2016-12-05,2.6233,2.6721,2.2430000000000003,2.3113,XPAR:TXCL,197559
2016-12-06,2.6331,2.6916,2.4965,2.6526,XPAR:TXCL,68882
2016-12-07,2.4965,2.8184,2.4965,2.6038,XPAR:TXCL,124385
2016-12-08,2.5843,2.6623,2.5453,2.5843,XPAR:TXCL,19427
2016-12-09,2.6331,3.1304,2.6233,2.9841,XPAR:TXCL,713007
2016-12-12,2.6136,2.7403,2.5551,2.6818,XPAR:TXCL,97939
2016-12-13,2.6526,2.7111,2.5843,2.6623,XPAR:TXCL,52303
2016-12-14,2.5648,2.6916,2.5453,2.6916,XPAR:TXCL,43813
2016-12-15,2.6038,2.6916,2.5453,2.6721,XPAR:TXCL,26142
2016-12-16,2.5746,2.6136,2.5356,2.6136,XPAR:TXCL,34240
2016-12-19,2.516,2.5941,2.4575,2.5356,XPAR:TXCL,36883
2016-12-20,2.5063,2.5356,2.477,2.5356,XPAR:TXCL,24591
2016-12-21,2.5258,2.5356,2.438,2.4965,XPAR:TXCL,40758
2016-12-22,2.438,2.516,2.438,2.516,XPAR:TXCL,33598
2016-12-23,2.399,2.4575,2.3893,2.4575,XPAR:TXCL,26238
2016-12-26,2.399,2.399,2.399,2.399,XPAR:TXCL,0
2016-12-27,2.2917,2.4478,2.2917,2.4478,XPAR:TXCL,60687
2016-12-28,2.2430000000000003,2.3405,2.1942,2.2917,XPAR:TXCL,84200
2016-12-29,2.2917,2.5258,2.2430000000000003,2.2430000000000003,XPAR:TXCL,107587
2016-12-30,2.36,2.4088,2.2917,2.2917,XPAR:TXCL,39710
2017-01-02,2.3893,2.477,2.3405,2.3405,XPAR:TXCL,76487
2017-01-03,2.4478,2.516,2.438,2.4868,XPAR:TXCL,47847
2017-01-04,2.438,2.5063,2.399,2.5063,XPAR:TXCL,43827
2017-01-05,2.438,2.5453,2.4283,2.4575,XPAR:TXCL,62474
2017-01-06,2.4575,2.477,2.3893,2.4478,XPAR:TXCL,37489
2017-01-09,2.4185,2.5843,2.4088,2.438,XPAR:TXCL,142181
2017-01-10,2.3893,2.5063,2.3893,2.5063,XPAR:TXCL,52052
2017-01-11,2.516,2.5356,2.4088,2.4575,XPAR:TXCL,82819
2017-01-12,2.5356,2.5941,2.4868,2.516,XPAR:TXCL,82343
2017-01-13,2.6331,2.7599,2.3893,2.5746,XPAR:TXCL,152530
2017-01-16,2.6623,2.7599,2.5941,2.6818,XPAR:TXCL,110815
2017-01-17,2.5941,2.7208,2.5941,2.7111,XPAR:TXCL,39035
2017-01-18,2.516,2.5843,2.4673,2.5843,XPAR:TXCL,52889
2017-01-19,2.4673,2.5648,2.438,2.5063,XPAR:TXCL,34595
2017-01-20,2.4673,2.4965,2.4478,2.477,XPAR:TXCL,21616
2017-01-23,2.5258,2.5746,2.477,2.5258,XPAR:TXCL,41839
2017-01-24,2.4868,2.5453,2.4673,2.5453,XPAR:TXCL,14933
2017-01-25,2.0772,2.3893,2.0089,2.3893,XPAR:TXCL,381366
2017-01-26,2.1162,2.1747,2.0479,2.0869999999999997,XPAR:TXCL,92561
2017-01-27,2.1357,2.1455,2.0479,2.1162,XPAR:TXCL,65528
2017-01-30,2.1,2.14,2.08,2.12,XPAR:TXCL,33822
2017-01-31,2.01,2.09,2.0,2.09,XPAR:TXCL,55548
2017-02-01,2.09,2.09,2.01,2.02,XPAR:TXCL,46417
2017-02-02,2.06,2.1,2.06,2.1,XPAR:TXCL,12632
2017-02-03,2.08,2.09,2.04,2.07,XPAR:TXCL,7795
2017-02-06,2.12,2.14,2.05,2.05,XPAR:TXCL,28481
2017-02-07,2.11,2.13,2.06,2.11,XPAR:TXCL,11785
2017-02-08,2.04,2.09,2.0,2.05,XPAR:TXCL,55289
2017-02-09,2.05,2.05,2.01,2.04,XPAR:TXCL,24054
2017-02-10,2.03,2.07,2.02,2.04,XPAR:TXCL,16327
2017-02-13,2.01,2.07,1.99,2.07,XPAR:TXCL,66176
2017-02-14,2.0,2.05,1.99,2.02,XPAR:TXCL,16316
2017-02-15,1.99,2.03,1.99,2.0,XPAR:TXCL,21622
2017-02-16,2.01,2.02,1.99,2.0,XPAR:TXCL,13151
2017-02-17,1.96,2.02,1.95,2.01,XPAR:TXCL,31249
2017-02-20,1.92,1.97,1.91,1.96,XPAR:TXCL,25065
2017-02-21,1.86,1.93,1.82,1.91,XPAR:TXCL,72490
2017-02-22,1.79,1.85,1.74,1.85,XPAR:TXCL,80201
2017-02-23,1.81,1.82,1.75,1.79,XPAR:TXCL,23046
2017-02-24,1.81,1.82,1.78,1.78,XPAR:TXCL,22839
2017-02-27,1.73,1.82,1.72,1.77,XPAR:TXCL,71094
2017-02-28,1.78,1.85,1.73,1.74,XPAR:TXCL,353934
2017-03-01,1.8,1.87,1.77,1.8,XPAR:TXCL,116839
2017-03-02,1.75,1.82,1.72,1.79,XPAR:TXCL,113380
2017-03-03,1.75,1.76,1.67,1.75,XPAR:TXCL,82971
2017-03-06,1.81,1.89,1.72,1.75,XPAR:TXCL,276833
2017-03-07,1.75,1.81,1.75,1.81,XPAR:TXCL,71191
2017-03-08,1.78,1.81,1.74,1.76,XPAR:TXCL,143604
2017-03-09,1.83,1.86,1.79,1.79,XPAR:TXCL,169241
2017-03-10,1.86,1.96,1.8,1.81,XPAR:TXCL,325960
2017-03-13,1.95,1.99,1.86,1.89,XPAR:TXCL,263507
2017-03-14,1.92,1.99,1.91,1.95,XPAR:TXCL,127134
2017-03-15,1.94,1.97,1.85,1.92,XPAR:TXCL,104449
2017-03-16,1.9,1.95,1.9,1.95,XPAR:TXCL,20071
2017-03-17,1.9,1.93,1.88,1.93,XPAR:TXCL,30239
2017-03-20,1.9,1.95,1.83,1.88,XPAR:TXCL,94969
2017-03-21,1.86,1.92,1.84,1.92,XPAR:TXCL,69496
2017-03-22,1.87,1.89,1.81,1.86,XPAR:TXCL,42330
2017-03-23,1.87,1.91,1.85,1.91,XPAR:TXCL,38943
2017-03-24,1.9,1.92,1.9,1.91,XPAR:TXCL,65906
2017-03-27,1.91,1.93,1.88,1.92,XPAR:TXCL,54122
2017-03-28,1.98,2.07,1.92,1.92,XPAR:TXCL,319659
2017-03-29,2.0,2.03,1.96,2.0,XPAR:TXCL,51822
2017-03-30,2.18,2.18,1.98,1.98,XPAR:TXCL,238899
2017-03-31,2.09,2.19,2.04,2.17,XPAR:TXCL,153689
2017-04-03,2.08,2.1,2.01,2.1,XPAR:TXCL,76666
2017-04-04,2.03,2.1,2.03,2.06,XPAR:TXCL,41304
2017-04-05,2.04,2.09,2.02,2.03,XPAR:TXCL,23850
2017-04-06,2.05,2.07,2.03,2.05,XPAR:TXCL,34043
2017-04-07,2.06,2.08,2.05,2.05,XPAR:TXCL,16282
2017-04-10,2.06,2.08,2.04,2.08,XPAR:TXCL,17886
2017-04-11,1.96,2.08,1.9,2.02,XPAR:TXCL,78144
2017-04-12,1.92,2.0,1.91,1.96,XPAR:TXCL,45305
2017-04-13,1.91,1.98,1.91,1.94,XPAR:TXCL,37671
2017-04-14,1.91,1.91,1.91,1.91,XPAR:TXCL,0
2017-04-17,1.91,1.91,1.91,1.91,XPAR:TXCL,0
2017-04-18,1.79,1.91,1.76,1.91,XPAR:TXCL,91108
2017-04-19,1.75,1.84,1.74,1.78,XPAR:TXCL,47793
2017-04-20,1.79,1.82,1.75,1.78,XPAR:TXCL,39120
2017-04-21,1.77,1.82,1.76,1.79,XPAR:TXCL,23276
2017-04-24,1.83,1.86,1.8,1.83,XPAR:TXCL,41255
2017-04-25,1.8,1.85,1.76,1.83,XPAR:TXCL,139332
2017-04-26,1.79,1.84,1.79,1.79,XPAR:TXCL,51004
2017-04-27,1.86,1.92,1.8,1.8,XPAR:TXCL,60825
2017-04-28,1.86,1.86,1.82,1.86,XPAR:TXCL,25617
2017-05-01,1.86,1.86,1.86,1.86,XPAR:TXCL,0
2017-05-02,1.84,1.89,1.79,1.89,XPAR:TXCL,54396
2017-05-03,1.88,2.07,1.83,1.95,XPAR:TXCL,441021
2017-05-04,1.88,1.94,1.88,1.91,XPAR:TXCL,111848
2017-05-05,1.9,1.9,1.82,1.9,XPAR:TXCL,155570
2017-05-08,1.9,1.95,1.86,1.9,XPAR:TXCL,160784
2017-05-09,1.88,1.95,1.87,1.94,XPAR:TXCL,203709
2017-05-10,1.88,1.92,1.87,1.89,XPAR:TXCL,77472
2017-05-11,1.88,1.91,1.88,1.88,XPAR:TXCL,30396
2017-05-12,1.87,1.91,1.85,1.87,XPAR:TXCL,72167
2017-05-15,1.85,1.9,1.83,1.87,XPAR:TXCL,37221
2017-05-16,1.85,1.88,1.83,1.88,XPAR:TXCL,37202
2017-05-17,1.84,1.87,1.81,1.84,XPAR:TXCL,58454
2017-05-18,1.79,1.84,1.76,1.81,XPAR:TXCL,72692
2017-05-19,1.91,1.93,1.79,1.79,XPAR:TXCL,120909
2017-05-22,1.9,1.96,1.87,1.92,XPAR:TXCL,141914
2017-05-23,2.08,2.1,1.9,1.91,XPAR:TXCL,398034
2017-05-24,2.13,2.28,2.07,2.08,XPAR:TXCL,534160
2017-05-25,2.11,2.2,2.08,2.16,XPAR:TXCL,97176
2017-05-26,2.08,2.33,2.08,2.12,XPAR:TXCL,584299
2017-05-29,2.14,2.25,2.05,2.1,XPAR:TXCL,307309
2017-05-30,2.18,2.2,2.11,2.17,XPAR:TXCL,133794
2017-05-31,2.11,2.2,2.09,2.19,XPAR:TXCL,179968
2017-06-01,2.09,2.16,2.07,2.09,XPAR:TXCL,112744
2017-06-02,2.13,2.2,2.09,2.11,XPAR:TXCL,121211
2017-06-05,2.11,2.16,2.1,2.13,XPAR:TXCL,36955
2017-06-06,2.17,2.19,2.06,2.14,XPAR:TXCL,187056
2017-06-07,2.24,2.4,2.19,2.2,XPAR:TXCL,853361
2017-06-08,2.21,2.31,2.14,2.29,XPAR:TXCL,227288
2017-06-09,2.16,2.24,2.15,2.24,XPAR:TXCL,63727
2017-06-12,2.16,2.22,2.16,2.21,XPAR:TXCL,53072
2017-06-13,2.12,2.22,2.11,2.19,XPAR:TXCL,105063
2017-06-14,2.15,2.16,2.11,2.13,XPAR:TXCL,31999
2017-06-15,2.07,2.16,2.0,2.13,XPAR:TXCL,286385
2017-06-16,2.06,2.1,2.03,2.07,XPAR:TXCL,31667
2017-06-19,2.05,2.09,2.04,2.05,XPAR:TXCL,32858
2017-06-20,2.07,2.13,2.05,2.08,XPAR:TXCL,113340
2017-06-21,2.01,2.08,1.96,2.04,XPAR:TXCL,158175
2017-06-22,2.02,2.04,1.99,2.03,XPAR:TXCL,40890
2017-06-23,1.92,2.02,1.9,2.02,XPAR:TXCL,133832
2017-06-26,1.92,2.07,1.9,1.92,XPAR:TXCL,228978
2017-06-27,1.89,1.94,1.88,1.94,XPAR:TXCL,65563
2017-06-28,1.93,1.94,1.85,1.88,XPAR:TXCL,59042
2017-06-29,1.9,1.93,1.89,1.92,XPAR:TXCL,24546
2017-06-30,1.86,1.91,1.85,1.89,XPAR:TXCL,38839
2017-07-03,1.94,1.99,1.83,1.9,XPAR:TXCL,96813
2017-07-04,2.02,2.07,1.9,1.97,XPAR:TXCL,224633
2017-07-05,2.01,2.25,1.99,2.14,XPAR:TXCL,656092
2017-07-06,1.97,2.03,1.94,2.0,XPAR:TXCL,160191
2017-07-07,1.88,1.98,1.86,1.97,XPAR:TXCL,147286
2017-07-10,1.89,1.93,1.86,1.89,XPAR:TXCL,74044
2017-07-11,1.77,1.91,1.76,1.87,XPAR:TXCL,172424
2017-07-12,1.86,1.92,1.72,1.8,XPAR:TXCL,205290
2017-07-13,1.8,1.89,1.79,1.89,XPAR:TXCL,82302
2017-07-14,1.83,1.85,1.8,1.83,XPAR:TXCL,18701
2017-07-17,1.82,1.84,1.79,1.84,XPAR:TXCL,46357
2017-07-18,1.81,1.87,1.78,1.81,XPAR:TXCL,58216
2017-07-19,1.79,1.85,1.79,1.85,XPAR:TXCL,13919
2017-07-20,1.83,1.86,1.79,1.8,XPAR:TXCL,50915
2017-07-21,1.79,1.82,1.76,1.8,XPAR:TXCL,62728
2017-07-24,1.77,1.78,1.73,1.77,XPAR:TXCL,57863
2017-07-25,1.76,1.79,1.73,1.77,XPAR:TXCL,20864
2017-07-26,1.71,1.78,1.71,1.77,XPAR:TXCL,88323
2017-07-27,1.71,1.74,1.68,1.7,XPAR:TXCL,43005
2017-07-28,1.68,1.72,1.63,1.71,XPAR:TXCL,126666
2017-07-31,1.72,1.75,1.67,1.68,XPAR:TXCL,34983
2017-08-01,1.75,1.83,1.69,1.76,XPAR:TXCL,85209
2017-08-02,1.75,1.82,1.75,1.8,XPAR:TXCL,51081
2017-08-03,1.72,1.78,1.71,1.74,XPAR:TXCL,19356
2017-08-04,1.73,1.76,1.69,1.72,XPAR:TXCL,22499
2017-08-07,1.75,1.77,1.72,1.72,XPAR:TXCL,34637
2017-08-08,1.78,1.8,1.73,1.75,XPAR:TXCL,128971
2017-08-09,1.81,1.85,1.78,1.81,XPAR:TXCL,97732
2017-08-10,1.74,1.82,1.73,1.81,XPAR:TXCL,57483
2017-08-11,1.62,1.75,1.58,1.75,XPAR:TXCL,212939
2017-08-14,1.58,1.68,1.55,1.63,XPAR:TXCL,91464
2017-08-15,1.6,1.64,1.59,1.59,XPAR:TXCL,33616
2017-08-16,1.72,1.72,1.6,1.61,XPAR:TXCL,89603
2017-08-17,1.7,1.75,1.67,1.75,XPAR:TXCL,15094
2017-08-18,1.69,1.7,1.65,1.65,XPAR:TXCL,10135
2017-08-21,1.67,1.72,1.65,1.68,XPAR:TXCL,23331
2017-08-22,1.71,1.72,1.68,1.69,XPAR:TXCL,21082
2017-08-23,1.66,1.73,1.6,1.71,XPAR:TXCL,71376
2017-08-24,1.65,1.7,1.65,1.68,XPAR:TXCL,20637
2017-08-25,1.64,1.69,1.63,1.66,XPAR:TXCL,25081
2017-08-28,1.72,1.78,1.64,1.67,XPAR:TXCL,157509
2017-08-29,1.69,1.73,1.6,1.73,XPAR:TXCL,137486
2017-08-30,1.72,1.72,1.65,1.68,XPAR:TXCL,24311
2017-08-31,1.68,1.7,1.62,1.68,XPAR:TXCL,49415
2017-09-01,1.69,1.76,1.65,1.73,XPAR:TXCL,97563
2017-09-04,1.76,1.76,1.68,1.7,XPAR:TXCL,98404
2017-09-05,1.73,1.78,1.73,1.76,XPAR:TXCL,58425
2017-09-06,1.72,1.75,1.7,1.74,XPAR:TXCL,39728
2017-09-07,1.67,1.71,1.64,1.71,XPAR:TXCL,94630
2017-09-08,1.67,1.69,1.65,1.68,XPAR:TXCL,28289
2017-09-11,1.7,1.73,1.66,1.67,XPAR:TXCL,66830
2017-09-12,1.73,1.76,1.69,1.72,XPAR:TXCL,81895
2017-09-13,1.69,1.73,1.67,1.73,XPAR:TXCL,83561
2017-09-14,1.66,1.76,1.66,1.72,XPAR:TXCL,105079
2017-09-15,1.54,1.68,1.52,1.68,XPAR:TXCL,439451
2017-09-18,1.53,1.6,1.42,1.56,XPAR:TXCL,332317
2017-09-19,1.51,1.61,1.51,1.55,XPAR:TXCL,85316
2017-09-20,1.43,1.63,1.43,1.54,XPAR:TXCL,423101
2017-09-21,1.45,1.47,1.29,1.44,XPAR:TXCL,697858
2017-09-22,1.41,1.44,1.27,1.38,XPAR:TXCL,601590
2017-09-25,1.39,1.43,1.36,1.43,XPAR:TXCL,76354
2017-09-26,1.46,1.5,1.41,1.41,XPAR:TXCL,296512
2017-09-27,1.98,1.98,1.56,1.62,XPAR:TXCL,4775550
2017-09-28,1.77,2.07,1.75,2.02,XPAR:TXCL,2441354
2017-09-29,1.77,1.81,1.63,1.76,XPAR:TXCL,793696
2017-10-02,1.78,1.79,1.67,1.78,XPAR:TXCL,293142
2017-10-03,1.76,1.89,1.74,1.79,XPAR:TXCL,560968
2017-10-04,1.74,1.76,1.7,1.76,XPAR:TXCL,195702
2017-10-05,1.69,1.74,1.66,1.72,XPAR:TXCL,151300
2017-10-06,1.67,1.72,1.64,1.66,XPAR:TXCL,200646
2017-10-09,1.69,1.7,1.65,1.69,XPAR:TXCL,69397
2017-10-10,1.77,1.81,1.66,1.67,XPAR:TXCL,244766
2017-10-11,1.69,1.77,1.63,1.77,XPAR:TXCL,224567
2017-10-12,1.72,1.72,1.66,1.66,XPAR:TXCL,60454
2017-10-13,1.7,1.74,1.68,1.74,XPAR:TXCL,55669
2017-10-16,1.7,1.78,1.68,1.7,XPAR:TXCL,108631
2017-10-17,1.7,1.73,1.68,1.69,XPAR:TXCL,63132
2017-10-18,1.7,1.74,1.69,1.7,XPAR:TXCL,102073
2017-10-19,1.74,1.88,1.73,1.81,XPAR:TXCL,634913
2017-10-20,1.69,1.71,1.66,1.7,XPAR:TXCL,246827
2017-10-23,1.64,1.69,1.6,1.69,XPAR:TXCL,196322
2017-10-24,1.66,1.68,1.61,1.61,XPAR:TXCL,81861
2017-10-25,1.64,1.66,1.62,1.66,XPAR:TXCL,32549
2017-10-26,1.62,1.68,1.62,1.63,XPAR:TXCL,42651
2017-10-27,1.64,1.64,1.61,1.62,XPAR:TXCL,25138
2017-10-30,1.6,1.63,1.56,1.62,XPAR:TXCL,98870
2017-10-31,1.55,1.6,1.54,1.59,XPAR:TXCL,125327
2017-11-01,1.56,1.6,1.52,1.56,XPAR:TXCL,108361
2017-11-02,1.52,1.56,1.48,1.55,XPAR:TXCL,115749
2017-11-03,1.49,1.53,1.46,1.52,XPAR:TXCL,168292
2017-11-06,1.49,1.55,1.47,1.47,XPAR:TXCL,110652
2017-11-07,1.52,1.55,1.48,1.5,XPAR:TXCL,97364
2017-11-08,1.51,1.52,1.49,1.5,XPAR:TXCL,49468
2017-11-09,1.51,1.61,1.49,1.52,XPAR:TXCL,216188
2017-11-10,1.48,1.52,1.47,1.5,XPAR:TXCL,70458
2017-11-13,1.47,1.5,1.46,1.48,XPAR:TXCL,24433
2017-11-14,1.46,1.49,1.45,1.47,XPAR:TXCL,13593
2017-11-15,1.44,1.48,1.44,1.48,XPAR:TXCL,20160
2017-11-16,1.43,1.45,1.4,1.44,XPAR:TXCL,61237
2017-11-17,1.43,1.44,1.4,1.43,XPAR:TXCL,29410
2017-11-20,1.45,1.47,1.41,1.42,XPAR:TXCL,22987
2017-11-21,1.45,1.46,1.41,1.45,XPAR:TXCL,24702
2017-11-22,1.52,1.52,1.42,1.43,XPAR:TXCL,97095
2017-11-23,1.5,1.52,1.46,1.5,XPAR:TXCL,70046
2017-11-24,1.49,1.58,1.49,1.49,XPAR:TXCL,208223
2017-11-27,1.48,1.55,1.48,1.49,XPAR:TXCL,155513
2017-11-28,1.49,1.52,1.47,1.47,XPAR:TXCL,50606
2017-11-29,1.47,1.5,1.46,1.49,XPAR:TXCL,31301
2017-11-30,1.46,1.5,1.45,1.49,XPAR:TXCL,16076
2017-12-01,1.43,1.48,1.42,1.44,XPAR:TXCL,29603
2017-12-04,1.46,1.47,1.43,1.43,XPAR:TXCL,15629
2017-12-05,1.47,1.49,1.44,1.48,XPAR:TXCL,57668
2017-12-06,1.46,1.5,1.42,1.5,XPAR:TXCL,58524
2017-12-07,1.43,1.46,1.41,1.46,XPAR:TXCL,28646
2017-12-08,1.42,1.43,1.37,1.43,XPAR:TXCL,92300
2017-12-11,1.43,1.48,1.39,1.43,XPAR:TXCL,108143
2017-12-12,1.45,1.45,1.41,1.42,XPAR:TXCL,18503
2017-12-13,1.42,1.45,1.41,1.44,XPAR:TXCL,27581
2017-12-14,1.42,1.45,1.4,1.42,XPAR:TXCL,41967
2017-12-15,1.41,1.44,1.4,1.41,XPAR:TXCL,40609
2017-12-18,1.41,1.47,1.4,1.42,XPAR:TXCL,67856
2017-12-19,1.45,1.53,1.44,1.52,XPAR:TXCL,228356
2017-12-20,1.47,1.47,1.44,1.45,XPAR:TXCL,50838
2017-12-21,1.45,1.47,1.42,1.44,XPAR:TXCL,37578
2017-12-22,1.45,1.48,1.43,1.45,XPAR:TXCL,19805
2017-12-25,1.45,1.45,1.45,1.45,XPAR:TXCL,0
2017-12-26,1.45,1.45,1.45,1.45,XPAR:TXCL,0
2017-12-27,1.44,1.49,1.42,1.48,XPAR:TXCL,42705
2017-12-28,1.5,1.57,1.44,1.44,XPAR:TXCL,194093
2017-12-29,1.54,1.55,1.5,1.5,XPAR:TXCL,74358
2018-01-01,1.54,1.54,1.54,1.54,XPAR:TXCL,0
2018-01-02,1.66,1.7,1.54,1.56,XPAR:TXCL,166284
2018-01-03,1.63,1.768,1.6,1.71,XPAR:TXCL,436187
2018-01-04,1.68,1.73,1.62,1.6219999999999999,XPAR:TXCL,151319
2018-01-05,1.65,1.73,1.65,1.73,XPAR:TXCL,149774
2018-01-08,1.7080000000000002,1.71,1.65,1.65,XPAR:TXCL,63030
2018-01-09,1.666,1.73,1.652,1.716,XPAR:TXCL,142171
2018-01-10,1.6480000000000001,1.68,1.62,1.68,XPAR:TXCL,44800
2018-01-11,1.6219999999999999,1.6780000000000002,1.6119999999999999,1.65,XPAR:TXCL,43768
2018-01-12,1.6580000000000001,1.676,1.61,1.61,XPAR:TXCL,31301
2018-01-15,1.706,1.7380000000000002,1.64,1.6580000000000001,XPAR:TXCL,113228
2018-01-16,1.7,1.74,1.652,1.702,XPAR:TXCL,158404
2018-01-17,1.66,1.726,1.65,1.726,XPAR:TXCL,71271
2018-01-18,1.662,1.73,1.652,1.696,XPAR:TXCL,103656
2018-01-19,1.652,1.686,1.6280000000000001,1.67,XPAR:TXCL,47587
2018-01-22,1.6780000000000002,1.726,1.632,1.666,XPAR:TXCL,234980
2018-01-23,1.6159999999999999,1.7,1.604,1.6780000000000002,XPAR:TXCL,191781
2018-01-24,1.61,1.666,1.6059999999999999,1.6059999999999999,XPAR:TXCL,62242
2018-01-25,1.526,1.6480000000000001,1.48,1.63,XPAR:TXCL,253481
2018-01-26,1.554,1.568,1.52,1.544,XPAR:TXCL,74289
2018-01-29,1.604,1.6340000000000001,1.554,1.554,XPAR:TXCL,74056
2018-01-30,1.5759999999999998,1.65,1.5719999999999998,1.636,XPAR:TXCL,95446
2018-01-31,1.6119999999999999,1.614,1.5759999999999998,1.5819999999999999,XPAR:TXCL,11546
2018-02-01,1.6,1.6280000000000001,1.6,1.6,XPAR:TXCL,10939
2018-02-02,1.598,1.63,1.556,1.618,XPAR:TXCL,28867
2018-02-05,1.54,1.57,1.5319999999999998,1.57,XPAR:TXCL,36927
2018-02-06,1.422,1.4880000000000002,1.382,1.4880000000000002,XPAR:TXCL,236093
2018-02-07,1.466,1.4780000000000002,1.416,1.4380000000000002,XPAR:TXCL,103524
2018-02-08,1.454,1.474,1.42,1.474,XPAR:TXCL,42426
2018-02-09,1.42,1.44,1.402,1.41,XPAR:TXCL,52972
2018-02-12,1.4340000000000002,1.4780000000000002,1.42,1.444,XPAR:TXCL,57946
2018-02-13,1.42,1.474,1.4,1.436,XPAR:TXCL,84396
2018-02-14,1.4040000000000001,1.4240000000000002,1.392,1.4240000000000002,XPAR:TXCL,50269
2018-02-15,1.3980000000000001,1.4480000000000002,1.36,1.406,XPAR:TXCL,148636
2018-02-16,1.39,1.4280000000000002,1.37,1.41,,66694
2018-02-19,1.392,1.412,1.362,1.37,,35459
2018-02-20,1.382,1.4,1.38,1.38,,22048
2018-02-21,1.408,1.41,1.374,1.38,,37621
2018-02-22,1.44,1.626,1.436,1.54,,380486
2018-02-23,1.42,1.4680000000000002,1.408,1.432,,91887
2018-02-26,1.444,1.456,1.41,1.4340000000000002,,39824
2018-02-27,1.34,1.37,1.242,1.37,,664719
2018-02-28,1.32,1.348,1.3,1.348,,73346
2018-03-01,1.344,1.344,1.31,1.332,,33030
2018-03-02,1.328,1.344,1.2919999999999998,1.344,,30186
2018-03-05,1.306,1.33,1.3,1.33,,24962
2018-03-06,1.32,1.32,1.3,1.3119999999999998,,34570
2018-03-07,1.3159999999999998,1.32,1.29,1.32,,43068
2018-03-08,1.296,1.3219999999999998,1.276,1.3159999999999998,,13080
2018-03-09,1.286,1.294,1.27,1.288,,45780
2018-03-12,1.28,1.29,1.258,1.288,,47121
2018-03-13,1.338,1.35,1.272,1.2819999999999998,,132207
2018-03-14,1.324,1.35,1.31,1.34,,33693
2018-03-15,1.304,1.344,1.286,1.344,,12084
2018-03-16,1.286,1.348,1.286,1.348,,17105
2018-03-19,1.3,1.32,1.284,1.29,,40116
2018-03-20,1.27,1.32,1.25,1.32,,49097
2018-03-21,1.28,1.286,1.27,1.278,,8657
2018-03-22,1.2919999999999998,1.2919999999999998,1.27,1.27,,7072
2018-03-23,1.296,1.296,1.262,1.278,,12881
2018-03-26,1.24,1.29,1.24,1.29,,49765
2018-03-27,1.248,1.25,1.232,1.24,,13228
2018-03-28,1.226,1.248,1.204,1.248,,75021
2018-03-29,1.19,1.22,1.166,1.22,,68439
2018-03-30,1.19,1.19,1.19,1.19,,0
2018-04-02,1.19,1.19,1.19,1.19,,0
2018-04-03,1.16,1.216,1.138,1.216,,53360
2018-04-04,1.166,1.186,1.136,1.1520000000000001,,39913
2018-04-05,1.168,1.18,1.138,1.14,,77808
2018-04-06,1.15,1.176,1.138,1.17,,52826
2018-04-09,1.146,1.1740000000000002,1.13,1.1740000000000002,,34391
2018-04-10,1.146,1.15,1.14,1.146,,33973
2018-04-11,1.1540000000000001,1.22,1.1320000000000001,1.136,,153452
2018-04-12,1.168,1.178,1.1540000000000001,1.17,,35215
2018-04-13,1.17,1.192,1.17,1.18,,35788
2018-04-16,1.178,1.2,1.16,1.162,,28569
2018-04-17,1.176,1.198,1.16,1.178,,30301
2018-04-18,1.194,1.222,1.172,1.172,,70223
2018-04-19,1.166,1.226,1.136,1.224,,303075
2018-04-20,1.17,1.18,1.16,1.166,,22163
2018-04-23,1.14,1.18,1.13,1.18,,51535
2018-04-24,1.14,1.14,1.12,1.122,,43818
2018-04-25,1.136,1.1520000000000001,1.122,1.138,,21364
2018-04-26,1.046,1.124,1.012,1.124,,409159
2018-04-27,1.034,1.052,1.01,1.052,,146988
2018-04-30,1.024,1.034,1.012,1.03,,59550
2018-05-01,1.024,1.024,1.024,1.024,,0
2018-05-02,1.068,1.12,1.022,1.026,,338305
2018-05-03,1.17,1.178,1.084,1.09,,348967
2018-05-04,1.148,1.22,1.14,1.1840000000000002,,259274
2018-05-07,1.14,1.1640000000000001,1.124,1.158,,45462
2018-05-08,1.14,1.1740000000000002,1.13,1.15,,31829
2018-05-09,1.138,1.15,1.128,1.14,,17069
2018-05-10,1.15,1.1740000000000002,1.12,1.138,,22287
2018-05-11,1.14,1.148,1.1059999999999999,1.148,,37989
